ImageId,EncodedPixels
51c70bb8a299943b27f8b354571272692d8f2705036a1a9562156c76da5f025b,62724 4 62979 6 63234 8 63489 12 63745 13 64001 13 64258 12 64515 10 64773 8 65030 6 65287 5
51c70bb8a299943b27f8b354571272692d8f2705036a1a9562156c76da5f025b,64785 6 65040 8 65296 8
51c70bb8a299943b27f8b354571272692d8f2705036a1a9562156c76da5f025b,41905 2 42159 6 42414 7 42670 8 42926 8 43183 7 43439 6 43696 4
51c70bb8a299943b27f8b354571272692d8f2705036a1a9562156c76da5f025b,40388 4 40642 7 40897 9 41152 11 41407 12 41663 12 41918 13 42174 13 42431 11 42687 10 42944 7 43202 4
51c70bb8a299943b27f8b354571272692d8f2705036a1a9562156c76da5f025b,27134 3 27388 5 27643 6 27899 6 28154 7 28410 7 28666 7 28923 6 29179 6 29437 3
432f367a4c5b5674de2e2977744d10289a064e5704b21af6607b4975be47c580,2081 2
432f367a4c5b5674de2e2977744d10289a064e5704b21af6607b4975be47c580,3641 4 4161 8 4681 8 5201 10 5721 10 6241 10 6761 10 7281 10 7801 8 8321 8 8841 8 9361 8 9881 8 10401 6 10921 6 11441 8 11961 8 12481 8 13001 8 13521 10 14041 10 14561 10 15081 10 15601 10 16121 10 16641 10 17161 8 17681 8 18201 6 18721 6 19245 2
432f367a4c5b5674de2e2977744d10289a064e5704b21af6607b4975be47c580,105567 10 106085 12 106603 16 107123 16 107641 18 108161 18 108681 18 109201 18 109721 18 110241 16 110761 16 111281 16 111803 12 112323 12 112845 6 113365 6
432f367a4c5b5674de2e2977744d10289a064e5704b21af6607b4975be47c580,117527 4 118043 10 118561 14 119081 14 119601 16 120121 16 120641 16 121161 16 121681 16 122201 16 122721 16 123241 16 123761 16 124281 16 124801 16 125323 12 125847 2
432f367a4c5b5674de2e2977744d10289a064e5704b21af6607b4975be47c580,127921 4 128441 6 128961 6 129481 6 130001 6 130521 8 131041 8 131561 8 132081 8 132601 8 133121 8 133641 8 134161 8 134681 8 135201 8 135721 10 136241 10 136761 10 137281 12 137801 12 138321 10 138841 10 139363 8 139885 4 140405 4
432f367a4c5b5674de2e2977744d10289a064e5704b21af6607b4975be47c580,21859 12 22379 12 22897 19 23415 21 23935 23 24455 23 24973 25 25493 27 26013 27 26533 27 27051 29 27571 29 28091 29 28611 29 29131 29 29649 31 30167 33 30687 33 31205 33 31723 35 32243 35 32763 33 33283 28 33805 22 34325 22 34845 22 35365 22 35887 20 36407 20 36929 18 37451 16 37975 10 38495 10 39019 4
432f367a4c5b5674de2e2977744d10289a064e5704b21af6607b4975be47c580,74889 8 75405 14 75925 14 76445 16 76963 18 77483 18 78003 20 78523 20 79043 22 79563 22 80083 22 80603 22 81123 22 81643 22 82163 22 82683 22 83203 20 83723 20 84243 20 84763 20 85285 18 85805 18 86325 16 86851 6 87371 6
432f367a4c5b5674de2e2977744d10289a064e5704b21af6607b4975be47c580,93085 4 93605 4 94123 6 94643 4 95163 4 95683 4 96203 4 96723 4 97243 4 97763 6 98283 6 98803 6 99323 6 99845 2
432f367a4c5b5674de2e2977744d10289a064e5704b21af6607b4975be47c580,41085 6 41605 10 42125 10 42645 12 43165 16 43685 18 44205 18 44725 20 45247 18 45767 20 46287 20 46809 18 47327 20 47847 20 48367 20 48887 16 49407 8 49927 8
432f367a4c5b5674de2e2977744d10289a064e5704b21af6607b4975be47c580,169539 6 170059 6 170575 10 171093 12 171613 12 172133 12 172651 14 173171 12 173691 10 174211 10 174731 12 175251 14 175771 16 176291 16 176809 18 177327 22 177847 22 178367 22 178887 22 179405 24 179925 24 180445 22
432f367a4c5b5674de2e2977744d10289a064e5704b21af6607b4975be47c580,50983 4 50989 9 51499 21 52019 21 52537 25 53055 27 53575 27 54095 27 54615 27 55135 25 55655 25 56175 25 56695 23 57215 23 57735 23 58255 23 58779 4 58789 9 59309 17 59829 17 60349 17 60867 21 61385 23 61905 23 62423 25 62939 29 63457 31 63977 31 64497 31 65017 31 65535 21 65558 10 66055 21 66078 10 66577 16 66600 6 67097 14 67122 4 67609 20 68129 20 68649 18 69167 16 69687 16 70207 16 70727 16 71249 14 71769 14 72289 14 72815 8
432f367a4c5b5674de2e2977744d10289a064e5704b21af6607b4975be47c580,146135 8 146655 8 147173 10 147693 10 148211 10 148731 10 149253 6
432f367a4c5b5674de2e2977744d10289a064e5704b21af6607b4975be47c580,96745 6 97265 6 97781 12 98299 17 98819 17 99339 17 99859 17 100377 19 100897 19 101417 19 101939 17 102459 17 102981 12 103501 12 104023 8
432f367a4c5b5674de2e2977744d10289a064e5704b21af6607b4975be47c580,160703 13 161221 15 161739 17 162259 17 162777 19 163297 16 163316 10 163817 14 163833 15 164337 14 164353 15 164857 12 164873 17 165379 8 165391 19 165911 21 166431 21 166951 21 167471 21 167991 21 168511 21 169031 21 169551 21 170071 21 170591 19 171111 19 171633 15 172153 15 172673 13 173198 4
432f367a4c5b5674de2e2977744d10289a064e5704b21af6607b4975be47c580,19 8 543 2 1063 2
432f367a4c5b5674de2e2977744d10289a064e5704b21af6607b4975be47c580,114429 7 114949 7 115465 13 115983 17 116501 21 117021 21 117541 21 118061 23 118581 23 119101 23 119621 23 120141 23 120661 23 121181 23 121701 23 122223 19 122743 19 123265 17 123785 17 124307 15 124827 15 125347 15 125869 13 126389 11 126909 11 127431 9 127953 5
432f367a4c5b5674de2e2977744d10289a064e5704b21af6607b4975be47c580,12509 4 12530 2 13029 4 13050 2 13547 9 13566 10 14065 13 14084 14 14585 13 14604 14 15103 17 15122 16 15146 6 15623 35 15664 10 16143 37 16184 12 16663 37 16704 12 17183 37 17224 12 17703 37 17742 14 18225 35 18262 14 18745 35 18782 14 19267 35 19304 12 19798 24 19824 10 20320 22 20346 8 20840 22 20866 8 21362 18 21388 4 21882 18 22402 18 22926 12 23450 6
432f367a4c5b5674de2e2977744d10289a064e5704b21af6607b4975be47c580,2113 9 2631 13 3151 13 3671 13 4191 15 4711 15 5229 17 5749 17 6269 19 6789 19 7309 19 7831 17 8351 17 8871 17 9393 15 9918 8
432f367a4c5b5674de2e2977744d10289a064e5704b21af6607b4975be47c580,43711 15 44231 15 44749 19 45269 19 45791 17 46311 17 46831 17 47353 15 47880 6 48400 6
432f367a4c5b5674de2e2977744d10289a064e5704b21af6607b4975be47c580,76471 7 76989 9 77509 9 78031 7 78551 5
432f367a4c5b5674de2e2977744d10289a064e5704b21af6607b4975be47c580,145654 12 146170 18 146690 18 147200 30 147718 34 148238 34 148758 34 149276 36 149796 34 150316 34 150831 39 151351 35 151871 7 151888 10 152391 7 152408 10 152911 5
432f367a4c5b5674de2e2977744d10289a064e5704b21af6607b4975be47c580,70753 3 71273 3 71793 3
432f367a4c5b5674de2e2977744d10289a064e5704b21af6607b4975be47c580,74928 10 75446 14 75966 14 76486 16 77004 18 77524 18 78046 18 78566 18 79086 18 79606 18 80126 18 80644 18 81162 20 81682 20 82200 18 82718 20 83238 20 83758 20 84276 20 84796 20 85316 20 85836 20 86356 20 86876 20 87396 20 87916 18 88438 14 88960 8 89480 8
432f367a4c5b5674de2e2977744d10289a064e5704b21af6607b4975be47c580,32806 8 33324 14 33842 18 34362 18 34880 20 35400 20 35918 22 36438 22 36958 22 37478 22 38000 20 38520 20 39040 18 39562 16 40088 8 40608 8
432f367a4c5b5674de2e2977744d10289a064e5704b21af6607b4975be47c580,102482 4 103000 6 103520 6 104038 10 104558 8 105078 8 105598 8 106118 6
432f367a4c5b5674de2e2977744d10289a064e5704b21af6607b4975be47c580,132128 4 132648 4 133164 10 133684 10 134204 10 134724 10 135242 12 135762 14 136282 12 136802 12 137324 10 137844 10 138366 6 138886 6
432f367a4c5b5674de2e2977744d10289a064e5704b21af6607b4975be47c580,180486 2
432f367a4c5b5674de2e2977744d10289a064e5704b21af6607b4975be47c580,25010 6 25528 10 26048 12 26568 12 27088 12 27608 12 28128 12 28648 12 29168 12 29692 6
432f367a4c5b5674de2e2977744d10289a064e5704b21af6607b4975be47c580,109770 8 110290 10 110808 14 111328 14 111848 14 112368 16 112888 18 113408 18 113930 16 114452 14 114972 14 115494 14 116014 16 116038 8 116534 34 116574 7 117054 34 117094 7 117574 49 118096 6 118106 39 118616 2 118628 37 119136 2 119148 37 119668 37 120188 37 120708 37 121228 37 121750 12 121768 15 122270 10 122290 13 122790 10 122810 13 123310 8 123330 11 123832 4
432f367a4c5b5674de2e2977744d10289a064e5704b21af6607b4975be47c580,92092 12 92610 16 93130 18 93650 18 94170 20 94690 20 95210 20 95730 20 96250 22 96770 22 97290 22 97812 20 98332 20 98854 16 99374 16 99896 14
432f367a4c5b5674de2e2977744d10289a064e5704b21af6607b4975be47c580,173214 4 173732 8 174252 8 174770 10 175290 10 175810 10 176330 10 176850 8 177372 6 177892 6
432f367a4c5b5674de2e2977744d10289a064e5704b21af6607b4975be47c580,43218 8 43738 10 44258 10 44776 12 45296 14 45814 16 46334 16 46854 16 47374 16 47894 16 48414 16 48932 18 49452 16 49972 16 50492 16 51012 16 51534 12 52054 12 52574 10 53094 8
432f367a4c5b5674de2e2977744d10289a064e5704b21af6607b4975be47c580,67138 4 67654 12 68174 12 68692 16 69212 14 69732 14 70252 14 70774 8
432f367a4c5b5674de2e2977744d10289a064e5704b21af6607b4975be47c580,56736 4 57254 8 57774 8 58294 8 58814 8 59336 4 59856 4
432f367a4c5b5674de2e2977744d10289a064e5704b21af6607b4975be47c580,120176 2 120696 4 121216 4 121736 6 122256 6 122776 6 123296 6 123818 4
432f367a4c5b5674de2e2977744d10289a064e5704b21af6607b4975be47c580,60 12 580 12 1100 12 1620 12 2140 12 2662 6 3182 6
432f367a4c5b5674de2e2977744d10289a064e5704b21af6607b4975be47c580,132146 8 132666 8 133184 10 133704 12 134222 14 134742 14 135262 14 135782 14 136302 12 136822 12 137342 12 137860 14 138380 14 138900 14 139420 12 139940 12 140460 12 140980 12 141500 12 142022 8 142542 8 143064 4
432f367a4c5b5674de2e2977744d10289a064e5704b21af6607b4975be47c580,101996 6 102506 2 102514 10 103024 22 103544 22 104062 24 104582 24 105102 24 105622 24 106142 24 106662 24 107182 24 107702 24 108222 22 108744 18 109264 18 109784 18 110304 20 110826 20 111346 20 111876 10 112400 4
432f367a4c5b5674de2e2977744d10289a064e5704b21af6607b4975be47c580,84824 6 85344 8 85864 8 86384 8 86904 8 87424 8 87946 6
432f367a4c5b5674de2e2977744d10289a064e5704b21af6607b4975be47c580,74952 8 75470 12 75990 12 76510 12 77028 16 77548 16 78068 16 78588 16 79108 18 79628 18 80150 16 80670 16 81192 12 81712 12 82234 8
432f367a4c5b5674de2e2977744d10289a064e5704b21af6607b4975be47c580,55192 8 55710 14 56230 14 56750 14 57270 16 57790 18 58310 18 58830 18 59350 18 59870 18 60390 20 60910 20 61430 20 61950 20 62472 18 62992 18 63514 16 64034 16 64556 12 65080 6
432f367a4c5b5674de2e2977744d10289a064e5704b21af6607b4975be47c580,158154 4 158674 4 159192 8 159710 12 160230 12 160750 12 161270 14 161790 20 162310 20 162830 22 163350 24 163872 22 164392 22 164912 24 165432 12 165446 13 165954 8 165966 13 166474 8 166486 13 167006 13 167528 11 168048 11 168568 6
432f367a4c5b5674de2e2977744d10289a064e5704b21af6607b4975be47c580,39594 2 40112 4 40632 4 41152 4
432f367a4c5b5674de2e2977744d10289a064e5704b21af6607b4975be47c580,92 17 600 31 1120 31 1640 33 2158 35 2678 35 3198 35 3716 35 4236 20 4259 10 4756 20 4779 10 5274 22 5794 22 6314 22 6347 2 6834 22 6867 2 7356 20 7381 12 7876 20 7899 16 8400 12 8416 19 8920 12 8936 19 9454 21 9976 21 10494 23 11014 23 11534 23 12052 25 12568 29 13088 29 13608 27 14126 29 14646 29 15166 27 15686 25 16206 25 16726 25 17244 12 17261 6 17762 12 18282 12 18802 12 19320 12 19840 12 20360 10 20880 10 21402 8 21922 6 22442 6
432f367a4c5b5674de2e2977744d10289a064e5704b21af6607b4975be47c580,127996 8 128516 8 129036 8 129556 10 130076 8 130598 4 131118 4
432f367a4c5b5674de2e2977744d10289a064e5704b21af6607b4975be47c580,85360 2 85880 2 86398 6 86920 2 87440 2
432f367a4c5b5674de2e2977744d10289a064e5704b21af6607b4975be47c580,136320 10 136840 10 137360 12 137880 14 138400 16 138920 16 139440 16 139960 14 140480 14 141000 14 141520 12 142042 6 142562 6
432f367a4c5b5674de2e2977744d10289a064e5704b21af6607b4975be47c580,36003 6 36523 6 37039 14 37557 18 38075 22 38595 22 39115 24 39635 24 40155 24 40675 24 41195 26 41715 24 42235 24 42728 13 42755 24 43244 19 43275 24 43762 23 43797 22 44282 23 44317 22 44802 23 44837 20 45322 27 45357 20 45842 29 45877 18 46362 29 46397 18 46882 49 47402 39 47447 2 47922 37 48442 37 48964 35 49486 33 50006 33 50543 16 51065 14 51589 10 52109 10 52633 6 53153 4
432f367a4c5b5674de2e2977744d10289a064e5704b21af6607b4975be47c580,35448 4 35966 8 36486 8 37006 8 37524 10 38044 10 38564 10 39086 8
432f367a4c5b5674de2e2977744d10289a064e5704b21af6607b4975be47c580,90059 10 90576 15 91092 21 91612 21 92132 23 92650 25 93168 27 93688 27 94208 27 94726 29 95246 29 95766 29 96286 29 96808 15 97328 15 97850 4
432f367a4c5b5674de2e2977744d10289a064e5704b21af6607b4975be47c580,149850 6 150370 6 150888 11 151406 15 151926 17 152446 17 152966 17 153486 19 154006 19 154526 19 155046 19 155568 15 156088 15 156608 15 157130 11 157652 4
432f367a4c5b5674de2e2977744d10289a064e5704b21af6607b4975be47c580,105669 10 106189 10 106707 14 107227 14 107745 18 108265 18 108783 20 109303 20 109823 18 110343 18 110850 4 110863 16 111370 4 111383 16 111888 11 111901 16 112408 27 112932 21 113452 21 113972 21 114496 15 115016 15 115539 10 116063 2
432f367a4c5b5674de2e2977744d10289a064e5704b21af6607b4975be47c580,70812 11 71330 17 71850 17 72370 17 72890 19 73410 21 73930 21 74450 23 74970 23 75492 23 76012 23 76532 23 77054 21 77574 21 78094 19 78614 19 79134 19 79654 19 80176 15 80699 12 81223 4 81743 4
432f367a4c5b5674de2e2977744d10289a064e5704b21af6607b4975be47c580,21939 6 22459 6 22976 11 23494 15 24014 15 24534 15 25052 19 25572 19 26092 19 26612 19 27134 17 27654 17 28174 17 28694 17 29214 17 29734 15 30254 15 30774 15 31296 15 31819 12 32339 12 32859 12 33379 12 33899 12 34419 12 34939 12 35461 8 35981 8 36501 8 37023 6
432f367a4c5b5674de2e2977744d10289a064e5704b21af6607b4975be47c580,55734 7 56254 7 56774 9 57294 7 57814 5 58334 5
432f367a4c5b5674de2e2977744d10289a064e5704b21af6607b4975be47c580,58873 4 59379 6 59391 6 59899 6 59911 6 60419 20 60936 23 61456 23 61976 23 62496 23 63016 23 63539 20 64059 20 64581 16 65111 4
432f367a4c5b5674de2e2977744d10289a064e5704b21af6607b4975be47c580,126473 6 126993 6 127509 14 128025 20 128543 22 129063 22 129581 26 130101 26 130621 26 131141 26 131661 24 132183 20 132703 20 133225 16
432f367a4c5b5674de2e2977744d10289a064e5704b21af6607b4975be47c580,154035 6 154555 6 155071 14 155591 14 156109 18 156629 18 157149 18 157667 22 158185 24 158705 24 159225 24 159743 26 160263 26 160783 28 161303 26 161823 26 162343 26 162863 24 163383 24 163903 22 164423 22 164945 16 165467 12 165991 2 166511 2
432f367a4c5b5674de2e2977744d10289a064e5704b21af6607b4975be47c580,172751 4 173267 10 173785 14 174305 14 174825 14 175345 16 175863 18 176383 18 176903 18 177423 16 177943 16 178463 16 178983 16 179503 14 180023 14 180545 12
432f367a4c5b5674de2e2977744d10289a064e5704b21af6607b4975be47c580,137905 2
432f367a4c5b5674de2e2977744d10289a064e5704b21af6607b4975be47c580,15203 10 15721 14 16239 16 16759 16 17277 18 17795 20 18315 20 18835 20 19353 22 19873 20 20393 20 20913 20 21435 18 21955 16 22475 16 22997 12
432f367a4c5b5674de2e2977744d10289a064e5704b21af6607b4975be47c580,117 6 637 4 1157 4
432f367a4c5b5674de2e2977744d10289a064e5704b21af6607b4975be47c580,96839 6 97359 6 97877 10 98397 10 98917 12 99437 12 99957 12 100479 10 100999 8 101519 8 102041 4
432f367a4c5b5674de2e2977744d10289a064e5704b21af6607b4975be47c580,26121 10 26641 10 27161 12 27679 14 28199 14 28719 14 29239 14 29759 14 30279 14 30799 14 31319 14 31841 10 32361 10 32885 2
432f367a4c5b5674de2e2977744d10289a064e5704b21af6607b4975be47c580,70321 4 70839 6 71361 4 71881 4
432f367a4c5b5674de2e2977744d10289a064e5704b21af6607b4975be47c580,118681 8 119201 8 119719 12 120239 12 120759 12 121279 12 121799 12 122321 8 122841 8 123365 2
432f367a4c5b5674de2e2977744d10289a064e5704b21af6607b4975be47c580,141047 4 141565 8 142085 10 142605 10 143125 10 143643 12 144161 14 144681 14 145201 14 145721 14 146241 12 146761 12 147281 12 147801 12 148323 10 148843 10 149365 6
432f367a4c5b5674de2e2977744d10289a064e5704b21af6607b4975be47c580,74493 10 75011 14 75529 18 76049 18 76567 22 77085 24 77605 24 78125 26 78645 26 79165 28 79685 28 80203 30 80725 28 81247 26 81767 26 82289 24 82809 22 83333 16 83853 16 84379 8
432f367a4c5b5674de2e2977744d10289a064e5704b21af6607b4975be47c580,86447 2 86965 4 87485 4
432f367a4c5b5674de2e2977744d10289a064e5704b21af6607b4975be47c580,178487 4 179005 6 179525 6 180045 6 180565 6
432f367a4c5b5674de2e2977744d10289a064e5704b21af6607b4975be47c580,105697 10 106215 14 106735 16 107255 16 107775 16 108295 16 108811 22 109331 22 109847 26 110367 26 110887 26 111407 26 111927 26 112447 26 112969 24 113489 24 114009 24 114531 20 115051 20 115573 18 116097 12 116621 6 117141 6
432f367a4c5b5674de2e2977744d10289a064e5704b21af6607b4975be47c580,88551 8 89071 10 89591 10 90109 15 90629 15 91147 19 91667 19 92187 19 92693 8 92705 19 93211 33 93731 33 94251 30 94771 14 94789 12 95291 14 95309 12 95811 14 95833 13 96333 12 96355 13 96380 4 96855 10 96873 17 96898 8 97375 10 97393 17 97418 8 97897 10 97913 19 97936 12 98417 10 98433 35 98937 10 98953 35 99457 10 99473 35 99977 10 99993 35 100499 8 100515 33 101021 4 101035 31 101541 4 101555 31 102077 27 102597 23 103119 15 103639 15 104161 9
432f367a4c5b5674de2e2977744d10289a064e5704b21af6607b4975be47c580,175373 8 175891 12 176411 12 176931 16 177453 14 177973 14 178495 14 179019 12 179541 12 180061 12 180581 12
432f367a4c5b5674de2e2977744d10289a064e5704b21af6607b4975be47c580,151975 2 152495 2 153013 6 153533 6 154055 4 154575 4 155095 4
432f367a4c5b5674de2e2977744d10289a064e5704b21af6607b4975be47c580,62535 6 63055 14 63575 18 64095 18 64617 18 65139 16 65659 18 66179 18 66699 18 67219 18 67739 18 68259 18 68777 20 69299 18 69819 18 70341 16 70865 10
432f367a4c5b5674de2e2977744d10289a064e5704b21af6607b4975be47c580,123905 2 124421 8 124941 8 125459 10 125979 12 126497 16 126530 4 127017 16 127050 4 127537 18 127566 10 128059 39 128579 41 129099 41 129619 41 130141 39 130661 39 131181 39 131701 39 132223 21 132248 10 132743 21 132768 10 133267 14 133791 8
432f367a4c5b5674de2e2977744d10289a064e5704b21af6607b4975be47c580,141 20 659 22 1179 22 1699 22 2221 18 2741 18 3261 18 3783 14 4305 8 4825 8
432f367a4c5b5674de2e2977744d10289a064e5704b21af6607b4975be47c580,164991 6 165509 10 166027 14 166547 14 167067 17 167585 19 168105 19 168625 19 169143 23 169663 23 170183 23 170701 25 171223 23 171743 23 172263 23 172783 23 173303 23 173823 23 173850 6 174343 23 174370 6 174865 33 175385 35 175909 31 176429 31 176957 23 177477 21 177997 21 178519 19 179039 17 179561 13 180081 13 180604 6
432f367a4c5b5674de2e2977744d10289a064e5704b21af6607b4975be47c580,135881 7 136397 11 136917 11 137435 13 137957 11 138477 11 138997 11 139517 11 140033 15 140553 15 141071 19 141589 21 142107 23 142627 23 143145 25 143665 25 144185 23 144705 23 145225 21 145745 21 146265 16 146785 16 147309 10
432f367a4c5b5674de2e2977744d10289a064e5704b21af6607b4975be47c580,57351 8 57869 12 58389 12 58907 14 59427 17 59947 17 60469 15 60991 13 61517 4 62037 4
432f367a4c5b5674de2e2977744d10289a064e5704b21af6607b4975be47c580,25639 5 26157 7 26677 7 27195 11 27715 11 28235 9 28755 9 29277 4
432f367a4c5b5674de2e2977744d10289a064e5704b21af6607b4975be47c580,37595 4 38117 2 38637 2
432f367a4c5b5674de2e2977744d10289a064e5704b21af6607b4975be47c580,8486 10 9006 10 9524 14 10044 16 10564 16 11084 16 11604 18 12124 18 12644 20 13164 20 13681 25 14201 27 14721 27 15241 27 15761 29 16279 31 16799 31 17319 31 17837 33 18357 33 18877 33 19397 33 19919 29 20441 27 20961 27 21484 12 21500 6
432f367a4c5b5674de2e2977744d10289a064e5704b21af6607b4975be47c580,39681 7 40199 11 40719 11 41239 11 41757 13 42277 13 42797 13 43317 13 43839 9 44359 9
432f367a4c5b5674de2e2977744d10289a064e5704b21af6607b4975be47c580,106766 6 107286 6 107804 10 108321 13 108844 10 109364 10 109886 8
432f367a4c5b5674de2e2977744d10289a064e5704b21af6607b4975be47c580,26174 6 26694 6 27214 16 27732 20 28252 20 28772 20 29292 22 29812 22 30334 20 30854 20 31374 20 31896 18 32416 18 32936 18 33456 18 33976 20 34496 20 35016 22 35536 24 36058 22 36578 22 37098 24 37618 24 38140 20 38660 20 39188 12 39710 10 40230 10 40750 10 41264 18 41782 22 42302 22 42820 26 43340 26 43860 26 44380 26 44898 26 45418 26 45938 24 46458 24 46978 16 47508 4 48032 2 48552 2 49070 6 49590 8 50110 8 50628 10 51134 6 51146 12 51650 28 52170 28 52688 30 53206 32 53726 30 54246 30 54766 22 54790 6 55286 20 55310 6 55808 28 56328 28 56848 28 57370 26 57896 20 58416 20 58940 16 59462 12 59982 12
432f367a4c5b5674de2e2977744d10289a064e5704b21af6607b4975be47c580,76612 8 77130 10 77650 10 78168 14 78688 14 79208 14 79728 14 80248 12 80770 10 81292 6 81812 6
432f367a4c5b5674de2e2977744d10289a064e5704b21af6607b4975be47c580,62572 8 63092 8 63610 12 64130 12 64650 12 65172 12 65692 12 66212 12 66732 12 67252 12 67772 12 68292 12 68812 12 69334 10 69854 10 70374 10 70894 10 71414 10 71934 10 72456 8 72976 6
432f367a4c5b5674de2e2977744d10289a064e5704b21af6607b4975be47c580,118214 12 118732 16 119252 16 119772 16 120290 18 120810 18 121330 18 121852 14 122372 14 122892 14 123416 8
432f367a4c5b5674de2e2977744d10289a064e5704b21af6607b4975be47c580,169170 6 169690 6 170210 6
432f367a4c5b5674de2e2977744d10289a064e5704b21af6607b4975be47c580,88062 4 88580 8 89098 10 89618 10 90138 12 90656 14 91176 14 91696 14 92216 14 92734 16 93254 16 93774 16 94296 10 94818 4 95338 4
432f367a4c5b5674de2e2977744d10289a064e5704b21af6607b4975be47c580,178 4
432f367a4c5b5674de2e2977744d10289a064e5704b21af6607b4975be47c580,137466 6 137980 16 138498 20 139018 20 139538 22 140058 22 140578 22 141100 22 141620 22 142142 22 142662 22 143182 22 143704 20 144226 18 144746 18 145266 18 145788 16 146310 14 146830 14 147352 10
432f367a4c5b5674de2e2977744d10289a064e5704b21af6607b4975be47c580,7472 2 7988 8 8508 10 9028 10 9546 12 10066 12 10588 8 11108 8 11628 8 12150 2
432f367a4c5b5674de2e2977744d10289a064e5704b21af6607b4975be47c580,105758 8 106276 10 106794 12 107314 12 107834 12 108352 14 108872 14 109392 14 109912 14 110432 14 110950 14 111470 14 111990 14 112510 14 113030 16 113550 16 114072 14 114594 12 115114 12 115636 10 116158 8 116680 6 117200 6
432f367a4c5b5674de2e2977744d10289a064e5704b21af6607b4975be47c580,163998 6 164518 6 165036 10 165556 12 166074 14 166594 14 167112 18 167632 18 168152 18 168670 20 169190 22 169710 22 170230 22 170750 22 171270 22 171792 20 172312 20 172834 16
432f367a4c5b5674de2e2977744d10289a064e5704b21af6607b4975be47c580,69358 10 69878 10 70396 14 70914 16 71434 16 71954 16 72472 18 72992 18 73512 18 74032 18 74552 18 75072 18 75592 18 76112 18 76632 18 77154 14 77674 14 78196 10
432f367a4c5b5674de2e2977744d10289a064e5704b21af6607b4975be47c580,151518 4 152036 10 152556 10 153076 12 153596 14 154116 16 154636 16 155154 26 155676 26 156196 26 156716 26 157236 26 157756 26 158278 24 158798 24 159322 4 159330 12 159852 10 160372 10 160892 8 161414 4
432f367a4c5b5674de2e2977744d10289a064e5704b21af6607b4975be47c580,19964 10 20482 14 21002 14 21522 16 22040 18 22560 18 23078 20 23598 20 24118 18 24638 18 25156 20 25678 16 26200 10 26720 10 27242 6
432f367a4c5b5674de2e2977744d10289a064e5704b21af6607b4975be47c580,86528 6 87044 12 87564 12 88080 18 88598 20 89118 22 89638 22 90156 24 90678 22 91196 24 91716 24 92238 22 92758 20 93278 20 93798 20 94318 20 94842 14 95362 14 95888 6
432f367a4c5b5674de2e2977744d10289a064e5704b21af6607b4975be47c580,122402 14 122922 14 123436 24 123956 26 124476 26 124996 26 125516 28 126036 26 126558 24 127078 24 127598 22 128120 14 128644 4 129164 4
432f367a4c5b5674de2e2977744d10289a064e5704b21af6607b4975be47c580,10604 10 11124 10 11642 14 12162 16 12682 16 13202 16 13720 18 14240 18 14760 18 15278 20 15798 20 16318 18 16838 18 17358 12 17880 4
432f367a4c5b5674de2e2977744d10289a064e5704b21af6607b4975be47c580,47536 8 48054 10 48574 10 49094 12 49612 14 50132 14 50652 14 51172 14 51692 14 52212 14 52730 16 53248 16 53768 14 54288 14 54806 16 55326 18 55846 18 56366 18 56886 20 57406 20 57926 20 58446 20 58966 20 59488 18 60008 18 60530 14 61052 12
432f367a4c5b5674de2e2977744d10289a064e5704b21af6607b4975be47c580,34010 6 34530 6 35048 10 35568 12 36088 14 36608 14 37128 14 37648 14 38168 14 38688 14 39208 14 39728 14 40250 12 40770 12 41290 14 41810 14 42330 14 42852 12 43372 12 43894 8 44414 8 44934 6
432f367a4c5b5674de2e2977744d10289a064e5704b21af6607b4975be47c580,214 12 732 19 1252 19 1772 19 2292 21 2810 23 3330 23 3850 23 4372 21 4892 21 5412 21 5932 19 6452 19 6972 19 7494 15 8016 10
432f367a4c5b5674de2e2977744d10289a064e5704b21af6607b4975be47c580,134374 8 134894 8 135412 14 135930 21 136450 23 136970 23 137490 25 138010 25 138530 25 139050 25 139570 25 140090 23 140610 23 141132 21 141652 21 142172 21 142692 21 143214 19 143736 15 144256 15 144776 15 145298 13 145818 13 146340 11 146860 11 147382 7
432f367a4c5b5674de2e2977744d10289a064e5704b21af6607b4975be47c580,96420 9 96936 15 97456 15 97974 17 98492 21 99012 23 99532 23 100052 23 100572 23 101094 23 101614 23 102136 21 102656 21 103178 19 103698 19 104222 13 104749 4 105269 4
432f367a4c5b5674de2e2977744d10289a064e5704b21af6607b4975be47c580,26220 9 26740 9 27258 17 27778 21 28298 23 28818 23 29338 23 29856 27 30374 29 30894 29 31414 27 31934 27 32454 27 32978 23 33506 13 34033 4 34553 4
432f367a4c5b5674de2e2977744d10289a064e5704b21af6607b4975be47c580,82906 3 83424 5 83944 5 84464 5 84984 5
432f367a4c5b5674de2e2977744d10289a064e5704b21af6607b4975be47c580,14266 7 14786 7 15306 7
432f367a4c5b5674de2e2977744d10289a064e5704b21af6607b4975be47c580,156235 6 156755 6 157273 10 157791 12 158309 14 158829 14 159346 17 159866 17 160386 17 160906 17 161426 17 161946 17 162466 17 162986 17 163506 17 164026 15 164546 15 165069 12 165591 8
432f367a4c5b5674de2e2977744d10289a064e5704b21af6607b4975be47c580,41839 6 42359 6 42877 12 43395 14 43915 16 44435 16 44955 16 45475 18 45995 18 46515 18 47035 18 47557 14 48077 14 48597 14 49119 10 49639 8 50159 8
432f367a4c5b5674de2e2977744d10289a064e5704b21af6607b4975be47c580,171847 6 172367 6 172883 12 173401 16 173919 18 174439 18 174959 20 175477 22 175997 22 176517 22 177037 22 177557 22 178077 22 178597 22 179117 20 179639 18 180159 18 180681 14
432f367a4c5b5674de2e2977744d10289a064e5704b21af6607b4975be47c580,88139 8 88657 12 89175 16 89695 16 90205 6 90215 18 90723 30 91243 30 91763 30 92281 32 92801 32 93321 32 93841 32 94359 16 94377 16 94879 16 94899 12 95399 16 95419 12 95919 14 95941 10 96441 12 96961 12 97481 12 98001 12 98523 10 99045 6 99565 6
432f367a4c5b5674de2e2977744d10289a064e5704b21af6607b4975be47c580,137527 8 138045 12 138563 16 139083 16 139601 18 140121 18 140641 18 141159 20 141679 20 142199 20 142719 20 143239 20 143759 28 144281 28 144801 28 145323 26 145847 24 146367 24 146887 24 147407 24 147927 24 148447 24 148967 24 149487 24 150009 22 150529 22 151049 20 151571 18 152093 14 152613 14 153135 10
432f367a4c5b5674de2e2977744d10289a064e5704b21af6607b4975be47c580,247 2 763 10 1283 10 1803 10 2321 14 2841 14 3361 14 3881 16 4401 16 4921 16 5441 16 5961 14 6481 14 7001 14 7523 10 8043 8
432f367a4c5b5674de2e2977744d10289a064e5704b21af6607b4975be47c580,79283 2 79803 2 80321 6 80843 4
432f367a4c5b5674de2e2977744d10289a064e5704b21af6607b4975be47c580,57447 10 57967 10 58487 10 59005 14 59523 16 60043 16 60563 16 60587 10 61083 38 61603 42 62123 42 62643 42 63163 44 63685 42 64205 42 64727 42 65263 26 65783 26 66303 26 66827 20 67351 14
432f367a4c5b5674de2e2977744d10289a064e5704b21af6607b4975be47c580,66807 4 67325 10 67845 10 68365 10 68885 10 69407 8 69927 8
432f367a4c5b5674de2e2977744d10289a064e5704b21af6607b4975be47c580,35087 6 35607 6 36127 6 36647 6 37167 4
432f367a4c5b5674de2e2977744d10289a064e5704b21af6607b4975be47c580,118293 14 118811 20 119331 20 119849 24 120369 26 120887 28 121407 28 121927 28 122447 28 122967 28 123487 28 124007 28 124529 24 125049 24 125569 22 126091 20 126619 14 127139 14 127659 14 128179 16 128699 16 129219 16 129739 16 130259 16 130779 16 131299 16 131819 16 132339 16 132859 16 133379 16 133899 16 134421 12 134941 12 135463 8
432f367a4c5b5674de2e2977744d10289a064e5704b21af6607b4975be47c580,157291 14 157809 18 158329 18 158849 18 159367 22 159887 22 160407 22 160927 22 161447 22 161967 20 162487 20 163009 16 163529 12 164051 6 164571 6
432f367a4c5b5674de2e2977744d10289a064e5704b21af6607b4975be47c580,108413 16 108931 20 109451 20 109971 20 110489 24 111009 24 111529 24 112051 22 112571 24 113091 24 113611 24 114133 22 114655 18 115175 18 115701 10
432f367a4c5b5674de2e2977744d10289a064e5704b21af6607b4975be47c580,72533 10 73053 14 73571 16 74091 16 74611 18 75131 18 75651 18 76171 18 76693 16 77213 16 77733 16 78253 16 78775 14 79295 12 79815 12 80337 10
432f367a4c5b5674de2e2977744d10289a064e5704b21af6607b4975be47c580,15341 4 15859 10 16377 14 16897 14 17417 16 17441 8 17935 18 17959 12 18455 20 18479 15 18975 20 18999 15 19493 41 20013 41 20533 38 21053 38 21575 18 21599 12 22095 16 22121 8 22615 16 22641 8 23139 4
432f367a4c5b5674de2e2977744d10289a064e5704b21af6607b4975be47c580,48103 4 48623 4 49137 12 49655 16 50175 16 50695 18 51213 20 51733 20 52253 20 52773 20 53293 20 53815 18 54335 18 54855 18 55375 18 55897 16 56417 16 56939 14 57461 10
432f367a4c5b5674de2e2977744d10289a064e5704b21af6607b4975be47c580,27829 6 28347 10 28371 11 28867 10 28891 11 29385 14 29409 15 29903 16 29929 15 30419 20 30447 19 30939 20 30967 19 31459 20 31487 21 31977 20 32007 23 32497 20 32527 23 33017 20 33047 23 33537 20 33565 25 34057 20 34083 29 34577 20 34603 29 35101 16 35119 33 35625 12 35639 31 36147 43 36667 43 37189 20 37214 14 37709 20 37736 10 38229 20 38749 20 39269 22 39791 20 40311 18 40831 18 41351 18 41871 16 42391 16 42909 12 43427 8 43947 8 44467 8 44987 8 45509 6
432f367a4c5b5674de2e2977744d10289a064e5704b21af6607b4975be47c580,6509 8 7029 8 7545 16 8063 18 8581 20 9101 20 9621 20 10139 22 10659 22 11179 22 11699 22 12219 20 12741 16 13261 16
432f367a4c5b5674de2e2977744d10289a064e5704b21af6607b4975be47c580,100625 10 101143 14 101663 14 102181 18 102701 18 103219 22 103739 22 104259 24 104779 26 105299 26 105825 22 106349 20 106871 18 107391 18 107913 16 108435 14 108957 10 109477 10
432f367a4c5b5674de2e2977744d10289a064e5704b21af6607b4975be47c580,72559 10 73077 17 73597 19 74117 19 74635 23 75155 23 75675 21 76195 21 76715 21 77235 16 77755 16 78275 12 78797 6
432f367a4c5b5674de2e2977744d10289a064e5704b21af6607b4975be47c580,162014 6 162534 6 163051 11 163569 13 164089 15 164609 15 165127 17 165647 17 166165 19 166685 19 167205 19 167723 19 168243 19 168761 21 169279 23 169799 21 170319 21 170837 23 171355 25 171875 25 172395 25 172915 23 173435 23 173955 19 174475 19 174999 4
432f367a4c5b5674de2e2977744d10289a064e5704b21af6607b4975be47c580,177599 4 178119 4 178637 19 179155 21 179675 23 180195 23 180715 23
432f367a4c5b5674de2e2977744d10289a064e5704b21af6607b4975be47c580,49683 8 50203 8 50721 13 51239 17 51759 17 52279 17 52799 17 53319 17 53839 15 54359 15 54877 17 55397 17 55917 17 56437 17 56959 15 57479 12 58003 8 58523 8
432f367a4c5b5674de2e2977744d10289a064e5704b21af6607b4975be47c580,283 11 801 15 1321 15 1841 15 2361 15 2881 15 3401 15 3921 15 4443 13 4963 13 5483 11
432f367a4c5b5674de2e2977744d10289a064e5704b21af6607b4975be47c580,138089 9 138605 15 139125 15 139643 19 140163 19 140683 19 141203 19 141723 19 142245 15 142765 15 143287 11
432f367a4c5b5674de2e2977744d10289a064e5704b21af6607b4975be47c580,150047 9 150567 9 151085 13 151605 15 152123 19 152643 19 153163 19 153184 8 153683 29 154203 29 154723 29 155243 29 155763 29 156285 25 156805 25 157327 21 157849 15
432f367a4c5b5674de2e2977744d10289a064e5704b21af6607b4975be47c580,23689 9 24207 11 24727 11 25247 11 25769 9
432f367a4c5b5674de2e2977744d10289a064e5704b21af6607b4975be47c580,91302 6 91822 6 92338 12 92854 18 93374 18 93894 18 94411 21 94931 21 95451 21 95971 21 96491 21 97011 21 97531 21 98051 19 98571 19 99091 17 99611 17 100134 12 100656 8
432f367a4c5b5674de2e2977744d10289a064e5704b21af6607b4975be47c580,15376 12 15894 16 16414 18 16934 18 17456 16 17976 16 18498 14 19018 14 19538 14 20060 10 20580 10 21100 10
432f367a4c5b5674de2e2977744d10289a064e5704b21af6607b4975be47c580,45536 6 46056 8 46576 8 47094 10 47614 8
432f367a4c5b5674de2e2977744d10289a064e5704b21af6607b4975be47c580,4466 10 4986 10 5504 16 6024 18 6542 22 7062 22 7582 22 8100 26 8620 26 9140 26 9662 24 10184 20 10706 18 11226 18 11748 14 12270 10
432f367a4c5b5674de2e2977744d10289a064e5704b21af6607b4975be47c580,106382 6 106900 8 107420 8 107940 10 108460 10 108982 8 109502 8 110026 2
432f367a4c5b5674de2e2977744d10289a064e5704b21af6607b4975be47c580,66866 16 67384 20 67902 22 68422 22 68942 22 69462 20 69982 20 70504 12
432f367a4c5b5674de2e2977744d10289a064e5704b21af6607b4975be47c580,25270 12 25788 18 26308 20 26828 20 27348 20 27868 22 28388 22 28908 22 29430 20 29952 18 30472 18 30992 18 31514 16 32036 12 32556 12 33078 8
432f367a4c5b5674de2e2977744d10289a064e5704b21af6607b4975be47c580,40354 4 40874 4 41392 8 41910 10 42430 10 42948 12 43468 10 43988 8 44508 8 45028 6 45550 18 46070 20 46590 20 47112 20 47630 22 48152 20 48672 20 49192 20 49714 18 50234 18 50754 18 51276 16 51796 16 52316 16 52838 14 53358 14 53882 8 54402 8 54924 4
432f367a4c5b5674de2e2977744d10289a064e5704b21af6607b4975be47c580,71562 10 72082 10 72598 16 73116 20 73636 20 74156 20 74674 22 75192 24 75712 24 76232 24 76750 26 77270 26 77790 26 78310 26 78832 24 79354 22 79874 22 80396 20 80916 20 81438 18 81958 18 82480 14 83002 10
432f367a4c5b5674de2e2977744d10289a064e5704b21af6607b4975be47c580,138116 10 138632 18 139152 18 139670 22 140190 22 140710 22 141230 22 141750 22 142270 22 142790 22 143310 22 143832 18 144354 14 144874 14 145396 10
432f367a4c5b5674de2e2977744d10289a064e5704b21af6607b4975be47c580,100696 4 101194 12 101214 8 101714 12 101734 8 102232 14 102252 12 102752 14 102768 16 103272 12 103286 20 103792 12 103806 20 104312 34 104832 34 105352 34 105874 32 106396 10 106410 16 106932 14 107452 14 107974 12 108494 12 109016 8 109536 8 110058 4
432f367a4c5b5674de2e2977744d10289a064e5704b21af6607b4975be47c580,111074 6 111594 6 112114 6 112634 6
432f367a4c5b5674de2e2977744d10289a064e5704b21af6607b4975be47c580,161524 2 162042 8 162562 8 163080 12 163598 14 164118 16 164638 16 165158 16 165676 18 166196 18 166716 18 167236 18 167756 16 168276 16 168796 16 169316 14 169836 12 170356 12 170878 8
432f367a4c5b5674de2e2977744d10289a064e5704b21af6607b4975be47c580,318 14 838 14 1358 14 1878 14 2400 12 2922 8 3442 8
432f367a4c5b5674de2e2977744d10289a064e5704b21af6607b4975be47c580,126170 6 126686 12 127206 12 127724 16 128242 20 128760 22 129280 22 129800 22 130320 22 130838 24 131358 24 131878 24 132398 24 132918 24 133438 24 133958 24 134478 22 134998 22 135520 18 136046 8
432f367a4c5b5674de2e2977744d10289a064e5704b21af6607b4975be47c580,179720 2 180240 2 180758 8
432f367a4c5b5674de2e2977744d10289a064e5704b21af6607b4975be47c580,81464 10 81483 2 81984 10 82003 2 82502 29 83020 33 83538 37 84058 37 84578 37 85096 41 85616 41 86136 41 86644 53 87162 34 87199 18 87682 34 87719 18 88202 30 88241 16 88722 28 88763 14 89242 22 89283 14 89762 22 89803 14 90282 20 90325 10 90802 20 90839 14 91322 20 91356 11 91842 20 91876 11 92362 18 92394 13 92882 18 92912 15 93404 16 93432 17 93924 16 93952 17 94444 16 94472 17 94964 16 94992 17 95484 16 95512 17 96004 14 96032 17 96526 12 96554 15 97048 6 97074 15 97568 6 97594 15 98114 15 98636 11 99159 6 99679 6
432f367a4c5b5674de2e2977744d10289a064e5704b21af6607b4975be47c580,114202 12 114722 10 115242 10 115762 10 116284 2
432f367a4c5b5674de2e2977744d10289a064e5704b21af6607b4975be47c580,16452 10 16972 10 17490 16 18008 20 18528 22 19048 22 19568 22 20088 24 20610 22 21130 22 21650 22 22172 20 22692 20 23214 18 23740 10
432f367a4c5b5674de2e2977744d10289a064e5704b21af6607b4975be47c580,139704 2 139714 13 140222 27 140742 27 141260 31 141780 31 142300 31 142820 31 143340 33 143858 33 144378 33 144898 33 145416 35 145934 35 146454 33 146974 33 147494 25 148012 24 148534 20 149054 20 149574 20 150096 16 150616 16 151136 16 151660 10 152184 4 152704 4
432f367a4c5b5674de2e2977744d10289a064e5704b21af6607b4975be47c580,170904 6 171422 10 171940 14 172460 14 172978 18 173496 23 174014 25 174534 25 175054 25 175574 25 176094 25 176614 25 177136 23 177656 23 178176 23 178696 20 179216 18 179738 14 180258 14 180778 2 180782 6
432f367a4c5b5674de2e2977744d10289a064e5704b21af6607b4975be47c580,868 2 1388 2 1904 8 2424 10 2942 12 3462 12 3982 12 4500 14 5020 14 5540 14 6060 14 6578 16 7098 16 7618 16 8138 16 8660 14 9180 14 9700 14 10220 14 10738 16 11258 16 11778 16 12298 16 12818 16 13338 16 13858 14
432f367a4c5b5674de2e2977744d10289a064e5704b21af6607b4975be47c580,26350 9 26870 9 27388 15 27906 21 28424 23 28944 23 29464 25 29982 27 30502 27 31022 27 31542 27 32062 27 32582 27 33104 23 33624 19 34144 17 34664 17 35186 13 35706 13 36228 8 36748 8 37270 4
432f367a4c5b5674de2e2977744d10289a064e5704b21af6607b4975be47c580,155830 6 156346 13 156866 13 157386 13 157904 15 158424 15 158944 15 159464 12 159986 8 160506 8
432f367a4c5b5674de2e2977744d10289a064e5704b21af6607b4975be47c580,130885 8 131405 8 131921 14 132436 21 132956 21 133474 25 133992 41 134512 43 135032 43 135552 43 136072 21 136099 18 136594 17 136619 18 137114 17 137139 18 137639 8 137659 18 138179 18 138701 16 139221 16 139741 14 140263 12 140783 12 141307 6
432f367a4c5b5674de2e2977744d10289a064e5704b21af6607b4975be47c580,150151 6 150671 6 151179 20 151697 24 152207 36 152727 36 153245 40 153765 42 154287 42 154807 42 155327 16 155349 20 155849 12 155871 18 156367 16 156393 16 156887 16 156913 16 157407 16 157433 16 157925 20 157953 16 158445 20 158473 16 158965 20 158993 16 159485 22 159513 16 160005 22 160035 12 160525 22 160555 12 161045 22 161077 6 161556 31 162074 31 162594 31 163112 19 163135 10 163632 19 163657 6 164152 19 164672 19 165192 21 165712 21 166232 21 166752 21 167272 21 167794 19 167831 8 168314 19 168351 8 168834 19 168871 10 169356 17 169379 4 169389 14 169879 14 169899 26 170399 14 170419 26 170921 12 170937 28 171443 42 171965 40 172485 40 173005 38 173527 28 174047 26 174567 26 175089 4
432f367a4c5b5674de2e2977744d10289a064e5704b21af6607b4975be47c580,50813 6 51329 14 51847 18 52367 18 52887 18 53407 20 53927 20 54447 20 54967 20 55489 18 56009 18 56529 18 57049 18 57556 31 58074 31 58594 31 59114 31 59634 19 59657 6 60154 19 60177 6 60674 21 61196 19 61716 19 62236 19 62759 16 63279 16 63801 14 64321 14 64841 14 65363 12 65885 16 66405 16 66927 18 67447 18 67967 18 68487 18 69005 22 69525 22 70045 22 70565 20 71083 22 71603 22 72123 22 72643 20 73163 20 73681 18 74201 18 74721 16 75243 12 75763 12 76283 12 76805 6
432f367a4c5b5674de2e2977744d10289a064e5704b21af6607b4975be47c580,110076 7 110594 11 111114 11 111634 11 112154 13 112674 17 113194 19 113714 19 114234 21 114756 19 115276 19 115794 23 116316 21 116836 21 117356 21 117876 21 118396 19 118919 14 119439 14 119963 8
432f367a4c5b5674de2e2977744d10289a064e5704b21af6607b4975be47c580,361 24 879 28 1399 28 1919 28 2439 28 2959 28 3479 28 4001 28 4521 28 5041 28 5561 28 6081 28 6601 28 7121 28 7641 28 8163 24 8687 18 9207 18 9737 6
432f367a4c5b5674de2e2977744d10289a064e5704b21af6607b4975be47c580,17523 4 18041 10 18559 12 19079 12 19599 12 20119 14 20639 16 21159 16 21679 16 22199 16 22719 16 23239 16 23759 16 24281 14 24801 14 25323 8
432f367a4c5b5674de2e2977744d10289a064e5704b21af6607b4975be47c580,122561 16 123081 16 123599 18 124119 20 124639 20 125159 20 125681 18 126201 18 126725 12 127245 12
432f367a4c5b5674de2e2977744d10289a064e5704b21af6607b4975be47c580,37809 10 38327 14 38847 14 39365 16 39885 16 40405 16 40925 16 41445 16 41965 16 42485 16 43007 14 43527 14 44047 12 44567 12 45089 10 45611 6
432f367a4c5b5674de2e2977744d10289a064e5704b21af6607b4975be47c580,100731 12 101249 18 101769 18 102287 22 102807 24 103325 26 103845 26 104365 26 104885 12 104901 10 105405 12 105421 10 105925 14 105943 8 106447 24 106969 22 107489 22 108011 20 108533 18 109055 14 109575 14
432f367a4c5b5674de2e2977744d10289a064e5704b21af6607b4975be47c580,179251 6 179771 6 180291 6 180809 8
432f367a4c5b5674de2e2977744d10289a064e5704b21af6607b4975be47c580,25337 6 25855 12 26375 16 26895 16 27415 16 27935 18 28455 18 28975 18 29495 18 30015 18 30535 18 31055 18 31577 16 32097 14 32617 14 33137 14 33659 12 34181 8 34701 8
432f367a4c5b5674de2e2977744d10289a064e5704b21af6607b4975be47c580,14429 6 14949 6 15467 12 15987 12 16505 16 17025 16 17545 16 18065 16 18585 16 19105 16 19623 18 20143 20 20663 20 21183 20 21703 20 22225 18 22745 18 23265 16 23787 14 24315 2 24835 2
432f367a4c5b5674de2e2977744d10289a064e5704b21af6607b4975be47c580,103361 6 103881 6 104399 12 104919 16 105439 16 105957 20 106477 20 106997 22 107517 22 108037 22 108557 22 109077 22 109597 22 110119 20 110639 20 111161 18 111681 18 112203 16 112725 14 113245 14 113765 14 114285 14 114805 14 115325 14 115847 12 116367 21 116889 19 117409 19 117929 21 118447 23 118961 29 119481 29 119997 33 120511 37 121029 39 121549 39 122067 39 122587 37 123107 37 123627 37 124147 34 124667 32 125187 32 125707 30 126227 30 126747 30 127267 30 127787 28 128309 26 128833 8 128849 2 129353 8 129369 2
432f367a4c5b5674de2e2977744d10289a064e5704b21af6607b4975be47c580,142351 2 142871 2 143389 6 143907 10 144427 10 144947 10 145467 10 145987 10 146509 8 147029 8 147551 4
432f367a4c5b5674de2e2977744d10289a064e5704b21af6607b4975be47c580,65911 8 66431 8 66949 14 67469 16 67989 18 68509 18 69029 20 69549 22 70069 22 70589 22 71111 22 71631 22 72151 22 72671 22 73193 20 73713 20 74233 20 74753 20 75275 18 75799 14 76319 14 76843 8
432f367a4c5b5674de2e2977744d10289a064e5704b21af6607b4975be47c580,83601 4 84121 4 84637 10 85155 14 85673 18 86193 18 86711 20 87231 20 87751 20 88271 20 88789 22 89309 22 89829 22 90349 20 90871 16 91393 4 91913 4
432f367a4c5b5674de2e2977744d10289a064e5704b21af6607b4975be47c580,92955 6 93473 12 93993 12 94511 16 95031 18 95551 18 96069 20 96589 22 97109 22 97629 22 98149 24 98671 22 99191 22 99711 22 100233 20 100757 16 101279 14 101799 14 102323 6
432f367a4c5b5674de2e2977744d10289a064e5704b21af6607b4975be47c580,36281 10 36801 10 37319 14 37839 14 38357 16 38877 16 39397 16 39917 18 40435 20 40955 20 41475 18 41993 20 42513 20 43033 18 43551 20 44073 16 44593 16 45113 16 45633 16 46155 14 46675 14 47197 12 47717 12 48239 10 48759 10 49279 8
432f367a4c5b5674de2e2977744d10289a064e5704b21af6607b4975be47c580,55529 6 56039 20 56559 20 57075 26 57595 31 58115 31 58635 31 59155 33 59675 33 60195 33 60715 33 61237 31 61757 31 62277 31 62799 29 63321 25 63845 21 64365 21 64885 23 65407 21 65929 19 66449 19 66971 15 67495 9
432f367a4c5b5674de2e2977744d10289a064e5704b21af6607b4975be47c580,143923 16 144443 21 144963 21 145481 23 146003 23 146523 23 147043 23 147565 21 148085 19 148607 17 149127 17 149649 12 150171 6 150691 6
432f367a4c5b5674de2e2977744d10289a064e5704b21af6607b4975be47c580,26409 6 26929 6 27447 10 27967 12 28487 10 29007 10 29527 10 30049 6
432f367a4c5b5674de2e2977744d10289a064e5704b21af6607b4975be47c580,130424 2 130939 9 131459 9 131969 21 132489 21 133009 21 133527 25 134047 25 134569 21 135089 21 135609 21 136133 15 136655 13 137175 13 137699 7
432f367a4c5b5674de2e2977744d10289a064e5704b21af6607b4975be47c580,409 21 931 19 1451 19 1975 15 2499 9
432f367a4c5b5674de2e2977744d10289a064e5704b21af6607b4975be47c580,167866 2 168386 2 168899 13 169417 15 169935 19 170455 19 170975 19 171495 19 172013 21 172533 21 173053 21 173573 21 174095 19 174615 19 175135 17 175655 15 176177 7 176697 7
432f367a4c5b5674de2e2977744d10289a064e5704b21af6607b4975be47c580,71148 2 71661 13 72181 13 72699 27 73219 29 73739 29 74259 29 74777 33 75299 31 75819 31 76339 31 76861 29 77381 29 77901 29 78426 24 78950 20 79472 16 79992 16 80516 10
432f367a4c5b5674de2e2977744d10289a064e5704b21af6607b4975be47c580,12906 6 13426 6 13944 10 14461 13 14981 13 15501 15 16021 15 16539 17 17059 17 17579 17 18099 17 18619 17 19139 17 19659 17 20179 17 20699 17 21219 17 21739 17 22261 15 22781 15 23306 6
432f367a4c5b5674de2e2977744d10289a064e5704b21af6607b4975be47c580,43590 10 44108 16 44628 16 45146 18 45664 22 46181 25 46701 25 47221 25 47741 27 48259 29 48779 29 49299 29 49819 29 50339 29 50859 31 51379 31 51899 31 52419 31 52941 29 53461 29 53984 26 54504 26 55024 26 55546 24 56068 22 56588 22 57112 20 57634 20 58156 18 58676 18 59196 20 59716 20 60236 20 60754 22 61276 20 61796 20 62316 20 62836 16 63358 12 63880 6 64400 6
432f367a4c5b5674de2e2977744d10289a064e5704b21af6607b4975be47c580,104958 4 105478 4 105996 8 106516 6 107030 12 107550 12 108066 12 108586 10 109106 10 109626 10 110146 10 110666 10 111186 10 111706 10 112226 8 112748 4
432f367a4c5b5674de2e2977744d10289a064e5704b21af6607b4975be47c580,118476 4 118994 8 119514 8 120034 10 120552 12 121072 12 121592 12 122112 12 122634 8 123154 8
432f367a4c5b5674de2e2977744d10289a064e5704b21af6607b4975be47c580,6682 6 7202 6 7722 10 8240 12 8760 14 9280 14 9802 12 10324 10
432f367a4c5b5674de2e2977744d10289a064e5704b21af6607b4975be47c580,128435 6 128933 8 128953 8 129453 8 129473 8 129971 12 129993 8 130452 10 130489 16 130511 10 130968 16 131009 16 131031 10 131488 16 131529 16 131551 10 132006 20 132046 19 132069 12 132524 24 132566 21 132589 12 133044 24 133086 21 133109 12 133564 26 133606 35 134082 30 134126 35 134602 32 134646 35 135122 32 135166 35 135642 34 135682 39 136160 81 136680 81 137200 81 137720 26 137754 47 138240 24 138274 21 138301 20 138762 22 138794 21 138825 4 138835 6 139282 22 139314 21 139345 4 139355 6 139802 20 139834 21 139875 4 140324 16 140356 17 140844 16 140876 17 141366 12 141396 17 141918 13
432f367a4c5b5674de2e2977744d10289a064e5704b21af6607b4975be47c580,96126 8 96644 12 97162 16 97682 16 98202 16 98722 16 99242 16 99762 16 100282 18 100804 16 101324 16 101844 16 102366 14 102886 14 103408 12 103928 12 104450 10 104972 10 105492 10 106014 8 106534 8 107052 10 107572 10 108092 8 108612 8 109134 2 109654 2
432f367a4c5b5674de2e2977744d10289a064e5704b21af6607b4975be47c580,11902 4 12420 8 12938 12 13458 12 13974 16 14492 20 15012 20 15530 24 16050 24 16568 26 17088 26 17608 26 18128 26 18648 26 19168 26 19686 26 20206 26 20724 26 21244 26 21766 22 22286 20 22806 20 23328 16 23850 12 24370 10 24890 10 25414 2
432f367a4c5b5674de2e2977744d10289a064e5704b21af6607b4975be47c580,30618 8 31138 8 31654 16 32172 18 32692 18 33210 22 33730 24 34248 28 34768 28 35288 30 35808 30 36328 30 36848 30 37370 28 37890 28 38412 24 38932 24 39454 20 39978 16 40500 14 41020 14 41538 18 42058 18 42578 18 43096 22 43614 24 44134 24 44654 24 45172 26 45692 24 46212 24 46732 24 47252 24 47774 22 48294 22 48814 22 49334 20 49856 18 50376 18 50898 14 51420 8
432f367a4c5b5674de2e2977744d10289a064e5704b21af6607b4975be47c580,125770 4 126290 4
432f367a4c5b5674de2e2977744d10289a064e5704b21af6607b4975be47c580,151780 8 152296 16 152816 16 153334 20 153854 20 154374 22 154894 22 155412 26 155932 26 156452 28 156972 28 157492 28 158012 28 158530 30 159050 30 159570 30 160090 30 160610 30 161130 28 161652 26 162172 24 162692 24 163212 24 163734 20 164256 18 164776 18 165298 14 165822 6
432f367a4c5b5674de2e2977744d10289a064e5704b21af6607b4975be47c580,454 57 972 59 1492 59 2014 57 2534 57 3056 53 3576 53 4098 49 4620 10 4632 25 5140 10 5152 25 5664 2 5674 21 6196 13
432f367a4c5b5674de2e2977744d10289a064e5704b21af6607b4975be47c580,79506 8 80026 8 80542 14 81060 16 81578 18 82098 18 82616 20 83134 22 83654 22 84174 22 84692 24 85212 24 85732 22 86252 22 86774 20 87296 4 87306 6 87816 4 87826 6
432f367a4c5b5674de2e2977744d10289a064e5704b21af6607b4975be47c580,171540 8 172058 10 172578 10 173096 14 173616 14 174136 14 174656 14 175176 12 175696 12 176216 10 176736 10 177260 2
432f367a4c5b5674de2e2977744d10289a064e5704b21af6607b4975be47c580,51958 6 52478 6 52996 8 53514 10 54032 12 54552 12 55072 12 55590 14 56106 18 56626 18 57144 20 57664 22 58184 22 58704 22 59224 25 59744 27 60264 27 60784 33 61306 33 61826 35 62346 35 62866 35 63386 35 63902 39 64422 39 64940 41 65460 20 65491 8 65978 22 66009 8 66498 22 66529 8 67018 22 67046 11 67538 39 68058 41 68578 41 69100 39 69620 41 70140 41 70660 41 71182 39 71702 10 71718 23 72222 10 72238 23 72758 23 73278 23 73800 21 74320 21 74840 19 75364 11
432f367a4c5b5674de2e2977744d10289a064e5704b21af6607b4975be47c580,76900 4
432f367a4c5b5674de2e2977744d10289a064e5704b21af6607b4975be47c580,90956 8 91476 10 91996 10 92514 12 93034 15 93055 8 93552 17 93573 12 94072 17 94093 12 94592 33 95112 35 95632 35 96150 37 96672 35 97192 35 97712 35 98232 33 98752 33 99272 33 99792 33 100312 31 100832 29 101350 25 101870 25 102386 25 102904 22 103424 14 103944 14 104464 12 104984 12 105504 12 106028 8
432f367a4c5b5674de2e2977744d10289a064e5704b21af6607b4975be47c580,120592 4 121112 4 121632 4 122150 6 122668 8 123188 8 123708 8 124228 8 124748 8 125268 8 125790 6
432f367a4c5b5674de2e2977744d10289a064e5704b21af6607b4975be47c580,143489 10 144006 15 144524 19 145044 19 145562 23 146082 23 146602 25 146633 6 147122 25 147153 6 147642 23 147671 10 148160 25 148189 12 148682 39 149202 39 149722 39 150242 21 150265 16 150762 21 150785 16 151284 17 151305 16 151804 15 151823 18 152326 11 152343 18 152846 11 152863 18 153381 20 153901 20 154421 20 154941 20 155461 20 155981 20 156503 18 157023 18 157545 16 158067 12
432f367a4c5b5674de2e2977744d10289a064e5704b21af6607b4975be47c580,76955 6 77473 8 77993 8 78497 8 78513 8 79013 14 79031 10 79526 23 79551 10 80046 23 80071 10 80564 25 80591 10 81082 39 81602 27 81631 10 82122 27 82151 10 82642 27 82671 10 83162 27 83191 10 83682 27 83713 8 84202 27 84233 8 84724 23 84755 6 85244 23 85764 21 86284 21 86804 19 87324 17 87844 17 88366 11 88889 6
432f367a4c5b5674de2e2977744d10289a064e5704b21af6607b4975be47c580,105011 8 105531 8 106049 10 106566 13 107086 15 107606 15 108126 15 108644 17 109166 15 109686 15 110206 15 110729 10 111253 4 111773 4
432f367a4c5b5674de2e2977744d10289a064e5704b21af6607b4975be47c580,110235 6 110751 10 111271 10 111791 10 112309 12 112827 14 113347 14 113867 14 114373 8 114387 14 114891 12 114905 16 115411 12 115425 16 115929 32 116449 32 116966 35 117486 35 118006 17 118025 16 118526 17 118547 14 119046 17 119069 12 119566 17 119589 12 120086 17 120113 6 120606 15 121126 15 121646 15 122169 12 122691 10 123211 10 123731 12 124251 12 124771 10 125291 10 125811 8
432f367a4c5b5674de2e2977744d10289a064e5704b21af6607b4975be47c580,28579 10 28595 6 29099 10 29115 6 29617 24 30137 24 30655 26 31175 26 31693 28 32211 30 32731 30 33251 30 33771 24 34291 22 34811 22 35331 20 35853 16 36373 16 36893 16 37415 12 37939 2
432f367a4c5b5674de2e2977744d10289a064e5704b21af6607b4975be47c580,165857 8 166375 12 166895 12 167413 16 167933 16 168453 16 168973 16 169493 16 170013 16 170533 16 171055 14 171575 12 172097 10 172617 10 173137 8
432f367a4c5b5674de2e2977744d10289a064e5704b21af6607b4975be47c580,177305 2 177825 6 178345 6 178863 8 179383 14 179903 16 180423 16 180945 14
432f367a4c5b5674de2e2977744d10289a064e5704b21af6607b4975be47c580,47831 6 48349 10 48869 10 49389 12 49909 12 50429 12 50949 12 51467 14 51987 14 52507 14 53027 14 53547 14 54067 14 54587 14 55107 14 55627 14 56149 12 56669 12 57191 10 57711 10 58229 12 58749 12 59267 14 59787 14 60307 14 60825 16 61345 16 61865 16 62385 16 62905 16 63425 16 63945 16 64465 16 64987 14 65507 14 66029 12 66549 12 67069 10 67593 4
432f367a4c5b5674de2e2977744d10289a064e5704b21af6607b4975be47c580,40555 4 41075 4 41593 8 42113 8 42633 8 43151 10 43671 10 44191 8 44711 8 45229 6
432f367a4c5b5674de2e2977744d10289a064e5704b21af6607b4975be47c580,121155 4 121675 4 122195 6 122713 8 123233 8 123753 8 124275 4
432f367a4c5b5674de2e2977744d10289a064e5704b21af6607b4975be47c580,2077 4 2595 6 3115 6 3635 6 4155 6 4675 6 5195 6 5717 4
432f367a4c5b5674de2e2977744d10289a064e5704b21af6607b4975be47c580,12477 4 12995 6 13515 6 14035 6 14555 6 15075 6 15597 4 16117 4 16639 2 17159 2
4be73d68f433869188fe5e7f09c7f681ed51003da6aa5d19ce368726d8e271ee,5125 5 5379 9 5633 12 5889 13 6145 14 6401 14 6657 15 6913 15 7169 15 7425 15 7681 15 7937 15 8193 15 8449 15 8705 14 8961 14 9217 13 9474 11
4be73d68f433869188fe5e7f09c7f681ed51003da6aa5d19ce368726d8e271ee,16897 3 17153 3 17409 4 17665 4 17921 4 18177 4 18433 4 18689 3 18945 3 19201 3 19457 2 19713 1
4be73d68f433869188fe5e7f09c7f681ed51003da6aa5d19ce368726d8e271ee,58369 2 58625 3 58881 4 59137 4 59393 4 59649 5 59905 7 60161 7 60417 7 60673 7 60929 7 61185 8 61441 8 61697 8 61953 8 62209 7 62465 7 62721 7 62977 6 63233 6 63489 5 63745 4 64001 3
4be73d68f433869188fe5e7f09c7f681ed51003da6aa5d19ce368726d8e271ee,22801 2 23054 7 23307 11 23562 13 23817 15 24073 16 24328 18 24584 18 24840 19 25097 18 25353 18 25609 18 25865 18 26121 18 26377 18 26634 17 26891 15 27149 13 27406 11 27664 7
4be73d68f433869188fe5e7f09c7f681ed51003da6aa5d19ce368726d8e271ee,57609 2 57864 4 58121 3
4be73d68f433869188fe5e7f09c7f681ed51003da6aa5d19ce368726d8e271ee,37399 1 37653 6 37907 9 38162 11 38417 13 38672 15 38928 15 39183 16 39439 17 39694 18 39950 19 40205 20 40461 21 40717 21 40973 21 41229 21 41485 21 41742 20 41998 19 42255 17 42511 16 42768 15 43025 12 43283 9 43541 5
4be73d68f433869188fe5e7f09c7f681ed51003da6aa5d19ce368726d8e271ee,14 13 270 13 526 12 782 11 1039 9 1295 9 1552 7 1809 6 2067 2
4be73d68f433869188fe5e7f09c7f681ed51003da6aa5d19ce368726d8e271ee,10006 7 10260 10 10515 12 10770 14 11025 15 11280 17 11536 17 11791 18 12047 18 12303 18 12559 18 12815 18 13071 18 13327 17 13583 17 13840 15 14096 14 14353 13 14611 10 14869 4
4be73d68f433869188fe5e7f09c7f681ed51003da6aa5d19ce368726d8e271ee,30758 5 31012 9 31266 12 31287 7 31522 13 31542 9 31777 15 31797 11 32033 16 32052 12 32289 16 32308 12 32544 33 32800 33 33056 33 33312 33 33567 34 33823 34 34079 34 34336 33 34592 33 34849 32 35105 31 35362 30 35618 30 35876 27 36132 26 36389 24 36647 21 36904 7 36913 5
4be73d68f433869188fe5e7f09c7f681ed51003da6aa5d19ce368726d8e271ee,43052 7 43307 10 43562 12 43817 14 44071 17 44327 17 44582 19 44837 20 45092 21 45347 22 45603 22 45859 22 46115 22 46372 20 46630 18 46887 16 47143 16 47400 14 47657 12 47914 10 48173 4
4be73d68f433869188fe5e7f09c7f681ed51003da6aa5d19ce368726d8e271ee,22062 8 22316 12 22571 14 22826 16 23081 18 23336 19 23592 19 23848 19 24104 19 24360 19 24616 19 24872 19 25129 18 25385 17 25642 16 25899 14 26157 10 26415 6
4be73d68f433869188fe5e7f09c7f681ed51003da6aa5d19ce368726d8e271ee,79 5 335 5 592 3
4be73d68f433869188fe5e7f09c7f681ed51003da6aa5d19ce368726d8e271ee,50281 7 50536 9 50791 11 51046 13 51302 13 51559 12 51815 11 52071 11 52327 10 52583 10 52839 11 53095 11 53352 10 53609 9 53867 6 54125 2
4be73d68f433869188fe5e7f09c7f681ed51003da6aa5d19ce368726d8e271ee,43650 6 43904 10 44159 13 44414 15 44670 16 44926 16 45182 17 45437 18 45692 20 45947 22 46203 22 46459 22 46715 22 46971 21 47227 21 47483 21 47740 19 47996 18 48253 16 48510 14 48767 12 49025 8 49283 2
4be73d68f433869188fe5e7f09c7f681ed51003da6aa5d19ce368726d8e271ee,56964 4 57217 9 57471 12 57727 13 57982 14 58237 16 58493 17 58749 18 59004 20 59260 20 59517 19 59773 19 60029 19 60285 19 60542 18 60798 18 61055 17 61311 16 61568 14 61825 12 62083 9 62341 5
4be73d68f433869188fe5e7f09c7f681ed51003da6aa5d19ce368726d8e271ee,51847 6 52102 9 52355 13 52609 16 52864 18 53119 20 53374 21 53630 22 53886 22 54142 22 54398 21 54654 21 54910 20 55166 19 55423 17 55679 16 55936 13 56193 7
4be73d68f433869188fe5e7f09c7f681ed51003da6aa5d19ce368726d8e271ee,62881 5 63133 10 63387 13 63641 16 63896 17 64152 17 64407 18 64663 19 64919 18 65175 18 65431 17
4be73d68f433869188fe5e7f09c7f681ed51003da6aa5d19ce368726d8e271ee,6303 3 6557 6 6811 9 7066 11 7321 12 7577 14 7832 16 8088 16 8344 16 8600 16 8856 16 9112 17 9369 16 9625 16 9881 16 10137 15 10394 14 10650 13 10908 10
4be73d68f433869188fe5e7f09c7f681ed51003da6aa5d19ce368726d8e271ee,19888 3 20144 3 20401 4 20655 9 20907 14 21162 16 21418 17 21673 19 21929 20 22184 21 22439 23 22694 24 22949 26 23206 25 23463 24 23720 23 23977 22 24234 21 24490 20 24732 2 24735 7 24747 19 24987 13 25004 18 25243 15 25261 16 25500 15 25518 15 25757 34 26013 17 26035 15 26269 17 26292 16 26525 18 26549 16 26781 19 26807 15 27037 20 27064 15 27294 19 27320 16 27551 18 27575 18 27808 17 27830 19 28065 16 28085 21 28321 15 28340 22 28577 14 28596 22 28834 11 28851 23 29092 8 29107 23 29352 2 29363 23 29619 23 29874 23 30130 23 30385 24 30641 24 30897 24 31153 24 31408 26 31664 26 31921 25 32177 26 32433 26 32690 25 32947 24 33203 24 33460 23 33717 22 33974 21 34230 21 34487 20 34743 20 34999 20 35255 20 35511 19 35768 18 36024 18 36281 16 36537 16 36794 14 37052 10
4be73d68f433869188fe5e7f09c7f681ed51003da6aa5d19ce368726d8e271ee,34466 3 34721 8 34976 10 35231 12 35486 13 35741 15 35996 16 36252 15 36508 15 36764 15 37020 16 37276 15 37533 14 37789 13 38046 11 38303 9 38561 5
4be73d68f433869188fe5e7f09c7f681ed51003da6aa5d19ce368726d8e271ee,162 20 417 21 673 21 930 20 1187 18 1443 17 1700 16 1957 14 2215 11 2475 5
4be73d68f433869188fe5e7f09c7f681ed51003da6aa5d19ce368726d8e271ee,52408 5 52662 9 52916 13 53171 15 53426 17 53681 20 53935 23 54191 23 54446 25 54702 25 54958 25 55214 25 55471 24 55727 24 55983 23 56239 23 56496 21 56752 21 57009 19 57265 18 57522 16 57780 13 58038 10 58296 6
4be73d68f433869188fe5e7f09c7f681ed51003da6aa5d19ce368726d8e271ee,3774 3 4027 7 4281 11 4536 13 4790 15 5046 16 5301 17 5556 19 5811 20 6066 21 6321 22 6577 22 6832 23 7088 22 7344 21 7600 20 7857 18 8114 15 8372 12 8634 4
4be73d68f433869188fe5e7f09c7f681ed51003da6aa5d19ce368726d8e271ee,40127 4 40380 8 40633 12 40887 16 41142 19 41398 19 41653 20 41909 20 42164 21 42420 21 42676 22 42932 22 43188 22 43444 23 43700 23 43957 22 44213 22 44470 20 44727 17 44983 16 45240 14 45495 18 45752 19 46008 21 46264 23 46520 23 46776 23 47032 24 47288 24 47543 26 47799 25 48055 25 48311 25 48567 25 48824 24 49080 24 49336 24 49593 22 49850 21 50108 19 50365 17 50622 16 50879 14 51136 12 51394 8
4be73d68f433869188fe5e7f09c7f681ed51003da6aa5d19ce368726d8e271ee,10940 7 11193 12 11448 14 11703 16 11959 16 12215 17 12470 18 12726 19 12981 20 13237 21 13493 21 13749 21 14006 20 14262 20 14519 18 14775 18 15033 15 15292 11 15550 7
4be73d68f433869188fe5e7f09c7f681ed51003da6aa5d19ce368726d8e271ee,63688 5 63942 8 64196 11 64450 14 64705 16 64960 18 65216 18 65472 18
4be73d68f433869188fe5e7f09c7f681ed51003da6aa5d19ce368726d8e271ee,724 6 978 10 1232 13 1487 16 1743 17 1998 19 2254 19 2509 21 2764 22 3020 22 3275 23 3531 23 3787 22 4043 22 4299 22 4555 22 4811 21 5068 20 5324 19 5580 18 5837 16 6094 13 6351 11 6608 5
4be73d68f433869188fe5e7f09c7f681ed51003da6aa5d19ce368726d8e271ee,9683 1 9685 8 9937 13 10192 15 10448 17 10704 18 10960 18 11216 19 11472 19 11727 21 11984 21 12240 22 12496 24 12752 24 13008 25 13265 24 13521 24 13778 23 14034 23 14291 22 14548 20 14805 19 15061 19 15318 18 15576 15 15833 12 16091 8
4be73d68f433869188fe5e7f09c7f681ed51003da6aa5d19ce368726d8e271ee,47834 6 48089 8 48343 11 48597 13 48852 15 49108 16 49363 17 49619 18 49875 18 50131 18 50388 17 50644 17 50900 16 51156 16 51413 14 51671 12 51930 7
4be73d68f433869188fe5e7f09c7f681ed51003da6aa5d19ce368726d8e271ee,31453 7 31708 9 31963 11 32219 12 32474 14 32730 14 32986 15 33242 15 33498 16 33754 16 34010 16 34266 16 34523 15 34779 14 35036 13 35293 11 35550 9 35807 7
4be73d68f433869188fe5e7f09c7f681ed51003da6aa5d19ce368726d8e271ee,37863 4 38117 8 38372 10 38627 12 38882 14 39137 15 39392 16 39647 17 39902 18 40158 18 40414 17 40669 18 40925 18 41180 19 41436 19 41692 19 41949 18 42205 19 42462 19 42719 18 42977 17 43236 10 43493 8 43753 1
4be73d68f433869188fe5e7f09c7f681ed51003da6aa5d19ce368726d8e271ee,6888 5 7142 9 7397 12 7652 13 7908 13 8163 15 8419 15 8674 16 8930 17 9186 17 9442 17 9698 17 9955 16 10212 16 10469 15 10726 14 10982 14 11239 12 11496 10 11757 3
4be73d68f433869188fe5e7f09c7f681ed51003da6aa5d19ce368726d8e271ee,230 16 247 9 486 27 743 26 1000 12 1014 11 1257 9 1271 10 1514 7 1526 11 1782 11 2037 12 2293 12 2549 12 2805 12 3061 12 3317 12 3574 11 3830 11 4086 11 4342 11 4599 10 4856 9 5112 9 5370 7 5627 6 5884 5 6141 4 6397 4 6652 5 6907 6 7161 8 7415 10 7670 11 7926 11 8182 11 8438 11 8694 11 8950 11 9206 11 9462 11 9719 10 9975 10 10232 9 10489 8 10747 6 11006 2
4be73d68f433869188fe5e7f09c7f681ed51003da6aa5d19ce368726d8e271ee,25324 4 25332 2 25578 14 25833 19 26089 21 26345 23 26601 24 26857 24 27112 25 27368 25 27625 24 27881 24 28137 24 28394 23 28650 23 28907 22 29163 22 29420 21 29676 21 29933 20 30189 20 30446 19 30703 18 30959 17 31216 15 31472 13 31728 13 31983 13 32238 16 32494 16 32749 18 33005 18 33261 18 33517 18 33773 18 34029 18 34285 18 34541 18 34797 18 35053 17 35309 17 35565 17 35822 15 36078 15 36335 13 36591 11 36847 9 37103 7 37360 5
4be73d68f433869188fe5e7f09c7f681ed51003da6aa5d19ce368726d8e271ee,7154 1
4be73d68f433869188fe5e7f09c7f681ed51003da6aa5d19ce368726d8e271ee,57081 4 57334 10 57589 12 57844 13 58100 13 58355 14 58611 14 58867 14 59123 14 59379 14 59635 14 59891 14 60147 14 60403 14 60659 14 60915 14 61171 14 61427 14 61683 14 61940 13 62196 13 62453 12 62710 11 62968 7
4be73d68f433869188fe5e7f09c7f681ed51003da6aa5d19ce368726d8e271ee,39926 5 40181 7 40436 9 40692 10 40948 11 41204 11 41460 11 41716 10 41973 9 42230 7 42487 5 42744 2
4be73d68f433869188fe5e7f09c7f681ed51003da6aa5d19ce368726d8e271ee,14077 4 14331 6 14585 8 14840 9 15096 9 15351 10 15607 10 15863 10 16118 11 16374 11 16629 12 16885 12 17141 12 17397 12 17654 11 17910 11 18171 6 18427 6 18684 5 18940 5 19197 4 19453 4
9f17aea854db13015d19b34cb2022cfdeda44133323fcd6bb3545f7b9404d8ab,215049 6 215561 6 216065 16 216577 16 217089 16 217601 18 218113 18 218625 18 219137 18 219649 18 220161 18 220673 18 221185 18 221699 16 222211 16 222723 16 223237 12 223749 12 224263 10 224775 10 225287 10 225797 10 226309 10 226821 10 227331 10 227843 10 228353 10 228865 10 229377 10 229889 8 230401 8 230913 8 231425 6 231937 6
9f17aea854db13015d19b34cb2022cfdeda44133323fcd6bb3545f7b9404d8ab,335879 4 336391 4 336903 4 337413 12 337925 12 338435 16 338947 16 339459 16 339971 16 340483 16 340995 16 341507 16 342019 16 342531 16 343043 16 343555 16 344069 12 344581 12 345093 12 345605 8 346117 8
9f17aea854db13015d19b34cb2022cfdeda44133323fcd6bb3545f7b9404d8ab,180747 8 181259 8 181771 8 182281 12 182793 12 183305 12 183815 30 184327 30 184839 34 185351 34 185863 34 186375 36 186887 36 187399 36 187911 38 188423 38 188937 36 189449 36 189961 36 190493 14 191005 14 191517 14
9f17aea854db13015d19b34cb2022cfdeda44133323fcd6bb3545f7b9404d8ab,271879 8 272391 8 272903 8 273419 4 273931 4 274443 4
9f17aea854db13015d19b34cb2022cfdeda44133323fcd6bb3545f7b9404d8ab,279061 8 279573 8 280081 14 280593 14 281105 14 281613 18 282125 18 282637 18 283147 20 283659 20 284175 16 284687 16 285199 16 285715 8 286227 8
9f17aea854db13015d19b34cb2022cfdeda44133323fcd6bb3545f7b9404d8ab,258589 8 259101 8 259601 30 260113 30 260625 30 261135 34 261647 34 262159 34 262669 36 263181 36 263693 12 263713 16 264205 12 264225 16 264717 12 264737 16 265229 8 265253 14 265741 8 265765 14 266253 8 266277 14 266767 4 266791 12 267279 4 267303 12 267817 12 268329 12 268841 12 269353 12 269865 12 270377 12 270889 12 271401 12 271913 12 272425 12 272937 12 273449 12 273961 12 274473 12 274985 12 275497 12 276009 12 276521 12 277033 12 277543 14 278055 14 278567 14 279079 12 279591 12 280107 2 280619 2 281131 2
9f17aea854db13015d19b34cb2022cfdeda44133323fcd6bb3545f7b9404d8ab,159271 10 159783 10 160291 22 160803 22 161315 22 161825 28 162337 28 162849 28 163355 40 163867 40 164377 52 164889 52 165401 52 165911 58 166423 58 166935 58 167445 62 167957 62 168469 64 168981 64 169493 64 170005 68 170517 68 171029 68 171543 70 172055 70 172571 68 173083 68 173595 68 174115 60 174627 60 175139 60 175671 40 176183 40 176709 24 177221 24 177733 24
9f17aea854db13015d19b34cb2022cfdeda44133323fcd6bb3545f7b9404d8ab,225851 12 226363 12 226875 12 227383 18 227895 18 228403 20 228915 20 229427 20 229935 24 230447 24 230959 24 231465 28 231977 28 232487 28 232999 28 233511 28 234021 30 234533 30 235045 30 235557 28 236069 28 236583 26 237095 26 237607 26 238121 22 238633 22 239145 22 239659 18 240171 18 240687 10 241199 10 241711 10
9f17aea854db13015d19b34cb2022cfdeda44133323fcd6bb3545f7b9404d8ab,310361 12 310873 12 311367 32 311879 32 312391 32 312901 36 313413 36 313925 36 314435 20 314457 18 314947 20 314969 18 315459 18 315485 16 315971 18 315997 16 316483 18 316509 16 316995 18 317023 14 317507 18 317535 14 318019 18 318047 14 318529 20 318561 10 319041 20 319073 10 319553 24 319585 8 320065 24 320097 8 320577 24 320609 8 321087 42 321599 42 322111 42 322621 42 323133 42 323643 42 324155 42 324667 42 325179 40 325691 40 326203 40 326715 36 327227 36 327741 30 328253 30 328765 30 329281 18 329793 18
9f17aea854db13015d19b34cb2022cfdeda44133323fcd6bb3545f7b9404d8ab,161891 24 161919 6 162403 24 162431 6 162915 24 162943 6 163423 42 163935 42 164445 48 164957 48 165469 48 165981 50 166493 50 167005 50 167519 50 168031 50 168545 50 169057 50 169569 50 170091 40 170603 40 171115 40 171631 36 172143 36 172661 26 173173 26 173685 26
9f17aea854db13015d19b34cb2022cfdeda44133323fcd6bb3545f7b9404d8ab,197243 10 197755 10 198267 10 198777 14 199289 14 199793 24 200305 24 200817 24 201323 30 201835 30 202347 30 202855 32 203367 32 203877 28 204389 28 204901 28 205413 20 205925 20 206437 20 206949 16 207461 16 207977 10 208489 10 209001 10
9f17aea854db13015d19b34cb2022cfdeda44133323fcd6bb3545f7b9404d8ab,126605 10 127117 10 127629 10 128133 18 128645 18 129151 24 129663 24 130175 24 130687 20 131199 20 131711 20 132225 2 132229 6 132737 2 132741 6
9f17aea854db13015d19b34cb2022cfdeda44133323fcd6bb3545f7b9404d8ab,294063 12 294575 12 295073 30 295585 30 296097 30 296609 32 297121 32 297633 32 298143 36 298655 36 299167 38 299679 38 300191 38 300703 42 301215 42 301727 42 302239 44 302751 44 303273 34 303785 34 304297 34 304793 6 304809 10 304821 2 304825 20 305305 6 305321 10 305333 2 305337 20 305817 6 305833 10 305845 2 305849 20 306327 10 306345 10 306363 18 306839 10 306857 10 306875 18 307351 12 307367 16 307389 18 307863 12 307879 16 307901 18 308375 12 308391 16 308413 18 308887 54 309399 54 309911 54 310425 52 310937 52 311451 48 311963 48 312475 48 312989 42 313501 42 314013 42 314533 18 314553 2 315045 18 315065 2
9f17aea854db13015d19b34cb2022cfdeda44133323fcd6bb3545f7b9404d8ab,172715 12 173227 12 173739 12 174249 16 174761 16 175273 16 175783 18 176295 18 176805 20 177317 20 177829 20 178339 22 178851 22 179363 22 179873 22 180385 22 180895 24 181407 24 181919 24 182429 24 182941 24 183453 24 183963 24 184475 24 184985 24 185497 24 186009 24 186521 22 187033 22 187545 22 188057 16 188569 16 189081 12 189593 12 190105 12 190619 2 191131 2 191643 2
9f17aea854db13015d19b34cb2022cfdeda44133323fcd6bb3545f7b9404d8ab,201391 16 201903 16 202415 16 202923 22 203435 22 203945 24 204457 24 204969 24 205479 28 205991 28 206503 28 207013 30 207525 30 208037 28 208549 28 209061 28 209575 28 210087 28 210599 28 211109 30 211621 30 212135 26 212647 26 213159 26 213681 10 214193 10 214705 10
9f17aea854db13015d19b34cb2022cfdeda44133323fcd6bb3545f7b9404d8ab,220339 10 220851 10 221363 10 221871 16 222383 16 222895 16 223405 20 223917 20 224427 28 224939 28 225451 28 225963 30 226475 30 226987 30 227501 26 228013 26 228525 24 229037 24 229549 24 230065 16 230577 16 231089 16
9f17aea854db13015d19b34cb2022cfdeda44133323fcd6bb3545f7b9404d8ab,120023 6 120535 6 121041 24 121553 24 122065 24 122573 34 123085 34 123597 34 124105 38 124617 38 125123 44 125635 44 126147 44 126653 42 127165 42 127677 42 128187 40 128699 40 129207 32 129719 32 130231 32 130741 30 131253 30 131765 30 132275 30 132787 30 133299 28 133811 28 134323 28 134835 26 135347 26 135859 26 136373 10 136885 10
9f17aea854db13015d19b34cb2022cfdeda44133323fcd6bb3545f7b9404d8ab,156393 2 156905 2 157417 2 157923 12 158435 12 158947 12 159455 18 159967 18 160477 20 160989 20 161501 20 162009 26 162521 26 163033 26 163543 28 164055 28 164563 32 165075 32 165587 32 166097 34 166609 34 167121 34 167633 34 168145 34 168655 34 169167 34 169679 34 170191 34 170703 34 171215 34 171725 34 172237 34 172749 32 173261 32 173773 32 174283 32 174795 32 175307 32 175819 32 176331 32 176843 30 177355 30 177867 30 178379 28 178891 28 179403 28
9f17aea854db13015d19b34cb2022cfdeda44133323fcd6bb3545f7b9404d8ab,247517 10 248029 10 248541 10 249051 16 249563 16 250075 16 250587 16 251099 16 251611 12 252123 12 252635 12 253153 2 253665 2 254177 2
9f17aea854db13015d19b34cb2022cfdeda44133323fcd6bb3545f7b9404d8ab,122675 4 123187 4 123699 4 124201 16 124713 16 125217 24 125729 24 126241 24 126735 4 126751 28 127247 4 127263 28 127759 4 127775 28 128265 8 128287 26 128777 8 128799 26 129285 10 129311 26 129797 10 129823 26 130309 10 130335 26 130807 4 130817 16 130847 24 131319 4 131329 16 131359 24 131831 4 131841 16 131871 24 132337 18 132357 4 132367 2 132383 20 132849 18 132869 4 132879 2 132895 20 133359 16 133391 4 133409 8 133871 16 133903 4 133921 8 134383 16 134415 4 134433 8 134893 18 134925 8 134943 10 135405 18 135437 8 135455 10 135917 18 135949 8 135967 10 136431 16 136459 10 136475 12 136943 16 136971 10 136987 12 137459 10 137481 30 137971 10 137993 30 138483 10 138505 30 138995 12 139011 36 139507 12 139523 36 140019 12 140035 36 140531 52 141043 52 141553 54 142065 54 142577 54 143089 50 143601 50 144113 50 144625 34 145137 34 145649 26 146161 26 146673 26 147185 14 147697 14 148209 14
9f17aea854db13015d19b34cb2022cfdeda44133323fcd6bb3545f7b9404d8ab,250605 6 251117 6
9f17aea854db13015d19b34cb2022cfdeda44133323fcd6bb3545f7b9404d8ab,116985 6 117497 6 118009 6 118521 10 119033 10 119545 10 120055 8 120567 8 121081 2 121593 2 122105 2
9f17aea854db13015d19b34cb2022cfdeda44133323fcd6bb3545f7b9404d8ab,155399 6 155911 6 156419 12 156931 12 157443 12 157953 16 158465 16 158977 16 159489 16 160001 16 160515 12 161027 12 161539 12
9f17aea854db13015d19b34cb2022cfdeda44133323fcd6bb3545f7b9404d8ab,12571 6 13083 6 13595 6 14101 22 14613 22 15115 32 15627 32 16139 32 16647 28 17159 28 17671 28 18181 14 18197 10 18693 14 18709 10 19205 8 19717 8 20229 8
9f17aea854db13015d19b34cb2022cfdeda44133323fcd6bb3545f7b9404d8ab,115979 4 116491 4 116999 6 117511 6 118023 6
9f17aea854db13015d19b34cb2022cfdeda44133323fcd6bb3545f7b9404d8ab,81679 16 82191 16 82703 16 83211 22 83723 22 84235 22 84747 24 85259 24 85781 14 86293 14 86805 14 87323 2 87835 2 88347 2
9f17aea854db13015d19b34cb2022cfdeda44133323fcd6bb3545f7b9404d8ab,101155 2 101667 2 102173 16 102685 16 103197 16 103705 20 104217 20 104729 20 105239 22 105751 22 106261 22 106773 22 107285 22 107797 20 108309 20 108821 20 109333 16 109845 16
9f17aea854db13015d19b34cb2022cfdeda44133323fcd6bb3545f7b9404d8ab,298267 12 298779 12 299289 16 299801 16 300313 16 300823 22 301335 22 301847 22 302359 26 302871 26 303383 28 303895 28 304407 28 304921 26 305433 26 305945 26 306457 24 306969 24 307485 18 307997 18 308509 18
9f17aea854db13015d19b34cb2022cfdeda44133323fcd6bb3545f7b9404d8ab,105267 8 105779 8 106291 8 106803 8 107315 8 107827 10 108339 10 108851 10 109363 10 109875 10 110383 12 110895 12 111407 12 111917 8 112429 8 112943 4 113455 4 113967 4
9f17aea854db13015d19b34cb2022cfdeda44133323fcd6bb3545f7b9404d8ab,112991 4 113503 4 114015 4 114517 12 115029 12 115541 12 116031 34 116543 34 117051 36 117563 36 118075 36 118587 36 119099 36 119611 36 120125 32 120637 32 121155 24 121667 24 122179 24
9f17aea854db13015d19b34cb2022cfdeda44133323fcd6bb3545f7b9404d8ab,251733 8 252245 8 252757 8 253263 16 253775 16 254287 16 254791 24 255303 24 255813 26 256325 26 256837 26 257347 28 257859 28 258371 28 258885 24 259397 24
9f17aea854db13015d19b34cb2022cfdeda44133323fcd6bb3545f7b9404d8ab,110421 2 110933 2 111445 2
9f17aea854db13015d19b34cb2022cfdeda44133323fcd6bb3545f7b9404d8ab,314745 8 315257 8 315765 16 316277 16 316789 16 317299 18 317811 18 318323 18 318835 20 319347 20 319837 6 319857 22 320349 6 320369 22 320861 6 320881 22 321371 12 321393 24 321883 12 321905 24 322395 12 322417 24 322905 20 322927 26 323417 20 323439 26 323929 48 324441 48 324953 48 325467 46 325979 46 326491 46 327005 44 327517 44 328031 40 328543 40 329055 40 329569 36 330081 36 330597 28 331109 28 331621 28 332139 16 332651 16 333163 16
9f17aea854db13015d19b34cb2022cfdeda44133323fcd6bb3545f7b9404d8ab,107889 6 108401 6 108913 6 109419 18 109931 18 110441 22 110953 22 111465 22
9f17aea854db13015d19b34cb2022cfdeda44133323fcd6bb3545f7b9404d8ab,122729 6 123241 6 123753 6 124265 4 124777 4
9f17aea854db13015d19b34cb2022cfdeda44133323fcd6bb3545f7b9404d8ab,110465 4 110977 4 111489 4
9f17aea854db13015d19b34cb2022cfdeda44133323fcd6bb3545f7b9404d8ab,276379 28 276409 8 276891 28 276921 8 277403 28 277433 8 277909 50 278421 50 278933 50 279443 54 279955 54 280467 56 280979 56 281491 56 282001 62 282513 62 283025 62 283537 64 284049 64 284561 66 285073 66 285585 66 286097 68 286609 68 287123 66 287635 66 288147 66 288661 62 289173 62 289685 62 290213 46 290725 46 291245 22 291273 6 291757 22 291785 6 292269 22 292297 6
0114f484a16c152baa2d82fdd43740880a762c93f436c8988ac461c5c9dbe7d5,45105 7 45359 11 45614 13 45869 14 46125 14 46381 13 46637 13 46893 12 47150 9 47408 5
0114f484a16c152baa2d82fdd43740880a762c93f436c8988ac461c5c9dbe7d5,50280 7 50534 10 50789 12 51043 15 51298 16 51554 16 51809 17 52065 17 52321 17 52577 16 52833 16 53089 15 53346 13 53602 12 53860 9 54118 4
0114f484a16c152baa2d82fdd43740880a762c93f436c8988ac461c5c9dbe7d5,10894 3 11148 7 11402 9 11657 11 11912 12 12167 13 12422 14 12678 13 12933 14 13189 13 13445 13 13701 12 13958 10 14214 8 14472 5
0114f484a16c152baa2d82fdd43740880a762c93f436c8988ac461c5c9dbe7d5,31632 7 31885 11 32139 14 32394 16 32649 17 32904 18 33160 18 33416 18 33671 19 33927 18 34183 18 34439 16 34696 14 34952 13 35209 11 35466 8
0114f484a16c152baa2d82fdd43740880a762c93f436c8988ac461c5c9dbe7d5,50844 1 51097 6 51351 9 51606 10 51861 11 52116 12 52371 13 52627 12 52882 13 53138 12 53393 12 53649 11 53905 10 54161 9 54418 7 54675 4
0114f484a16c152baa2d82fdd43740880a762c93f436c8988ac461c5c9dbe7d5,31134 1 31389 4 31645 4 31900 6 32156 6 32413 5 32669 4 32927 1
0114f484a16c152baa2d82fdd43740880a762c93f436c8988ac461c5c9dbe7d5,38565 3 38820 5 39075 7 39328 11 39583 12 39838 13 40094 13 40350 12 40606 12 40862 12 41118 11 41375 9 41631 9 41888 7 42145 4
78a981bd27ba0c65a9169548665a17bda9f49050d0d3893a6567d1eb92cd003d,3 18 521 20 1041 20 1561 20 2081 20 2601 20 3121 20 3641 18 4161 16 4681 16 5201 12 5721 8
78a981bd27ba0c65a9169548665a17bda9f49050d0d3893a6567d1eb92cd003d,7299 4 7815 12 8331 18 8851 18 9369 20 9883 28 10401 30 10921 30 11441 30 11961 30 12481 30 13001 30 13521 28 14041 28 14561 28 15081 24 15601 16 16121 12 16641 12 17161 12 17681 10 18201 10 18721 10 19243 6
78a981bd27ba0c65a9169548665a17bda9f49050d0d3893a6567d1eb92cd003d,26003 14 26523 14 27041 20 27561 22 28081 24 28601 24 29121 24 29641 24 30161 24 30681 24 31201 26 31721 24 32241 24 32761 24 33281 24 33805 18 34325 18 34849 14 35373 6
78a981bd27ba0c65a9169548665a17bda9f49050d0d3893a6567d1eb92cd003d,50441 2 50961 2 51481 2 52001 2
78a981bd27ba0c65a9169548665a17bda9f49050d0d3893a6567d1eb92cd003d,53041 2 53561 2 54081 2 54601 2 55121 2
78a981bd27ba0c65a9169548665a17bda9f49050d0d3893a6567d1eb92cd003d,59281 2 59801 2 60321 2 60841 4 61361 2 61881 2 62401 2
78a981bd27ba0c65a9169548665a17bda9f49050d0d3893a6567d1eb92cd003d,76961 4 77481 4 78001 6 78521 6 79041 8 79561 8 80081 8 80601 8 81121 8 81641 8 82161 8 82681 8 83201 8 83721 8 84241 6 84761 2
78a981bd27ba0c65a9169548665a17bda9f49050d0d3893a6567d1eb92cd003d,86331 8 86847 14 87367 14 87883 20 88401 22 88921 22 89441 22 89961 22 90481 22 91001 22 91521 22 92041 20 92561 20 93083 16 93603 16 94123 16 94645 12 95165 12 95689 4
78a981bd27ba0c65a9169548665a17bda9f49050d0d3893a6567d1eb92cd003d,101927 6 102445 12 102961 16 103481 16 104001 16 104521 16 105041 16 105561 16 106081 16 106601 16 107121 16 107641 16 108161 16 108681 16 109201 16 109721 16 110241 16 110761 14 111281 14 111801 12 112321 10 112841 6 113361 6 113881 6 114401 6 114921 6 115441 6 115961 4 116481 4 117001 4 117521 2 118041 2
78a981bd27ba0c65a9169548665a17bda9f49050d0d3893a6567d1eb92cd003d,120121 4 120641 6 121161 6 121681 6 122201 6 122721 6 123241 6 123761 6
78a981bd27ba0c65a9169548665a17bda9f49050d0d3893a6567d1eb92cd003d,126365 2 126885 2 127401 12 127921 14 128441 16 128961 16 129481 16 130001 18 130521 18 131041 18 131561 18 132081 18 132601 18 133121 18 133641 18 134161 18 134681 18 135201 18 135721 18 136241 16 136761 16 137281 16 137801 14 138321 12 138841 12 139363 8
78a981bd27ba0c65a9169548665a17bda9f49050d0d3893a6567d1eb92cd003d,147681 2 148201 4 148721 4 149241 6 149761 6 150281 6 150801 6 151321 4 151841 4 152361 4 152881 2
78a981bd27ba0c65a9169548665a17bda9f49050d0d3893a6567d1eb92cd003d,170565 6 171083 10 171601 12 172121 12 172641 12 173161 12 173681 12 174201 12 174721 12 175241 12 175763 8 176283 8
78a981bd27ba0c65a9169548665a17bda9f49050d0d3893a6567d1eb92cd003d,21845 6 22365 6 22885 6 23405 4
78a981bd27ba0c65a9169548665a17bda9f49050d0d3893a6567d1eb92cd003d,62931 2 63447 8 63967 8 64487 10 65005 12 65525 14 66045 14 66565 14 67085 14 67605 14 68125 14 68645 16 69165 14 69685 14 70207 12 70729 8
78a981bd27ba0c65a9169548665a17bda9f49050d0d3893a6567d1eb92cd003d,51493 6 52013 6 52529 12 53047 16 53567 18 54087 18 54607 20 55127 20 55649 18 56169 18 56689 16 57211 14 57733 10 58253 10
78a981bd27ba0c65a9169548665a17bda9f49050d0d3893a6567d1eb92cd003d,151349 4 151867 9 152387 9 152905 11 153423 15 153943 15 154463 15 154983 13 155503 13 156023 13 156543 13 157061 15 157581 12 158099 14 158619 14 159137 16 159655 16 160175 16 160693 18 161211 20 161729 20 162249 20 162769 20 163289 18 163809 16 164329 16 164849 16 165369 12 165893 4 166413 4
78a981bd27ba0c65a9169548665a17bda9f49050d0d3893a6567d1eb92cd003d,73337 8 73857 8 74375 12 74893 16 75413 18 75933 18 76453 18 76971 22 77491 22 78011 22 78533 20 79053 20 79573 20 80093 18 80615 16 81135 14 81655 14 82177 12 82699 8
78a981bd27ba0c65a9169548665a17bda9f49050d0d3893a6567d1eb92cd003d,115457 6 115975 10 116495 10 117015 10 117535 10 118055 8 118579 2 119099 2
78a981bd27ba0c65a9169548665a17bda9f49050d0d3893a6567d1eb92cd003d,45265 4 45781 10 46301 10 46821 12 47339 14 47859 14 48379 14 48901 12 49421 12 49941 12 50461 12 50985 6
78a981bd27ba0c65a9169548665a17bda9f49050d0d3893a6567d1eb92cd003d,169031 11 169549 17 170069 17 170585 21 171105 23 171623 25 172143 25 172661 25 173181 25 173699 27 174219 27 174739 25 175259 21 175779 19 176299 19 176821 15 177341 12 177861 12 178385 6
78a981bd27ba0c65a9169548665a17bda9f49050d0d3893a6567d1eb92cd003d,41621 4 42141 4 42661 4
78a981bd27ba0c65a9169548665a17bda9f49050d0d3893a6567d1eb92cd003d,87926 2 88442 8 88962 10 89482 10 90000 14 90518 16 91038 16 91558 16 92078 16 92598 16 93120 12 93640 12 94160 12 94676 16 95196 16 95711 19 96229 17 96747 19 97267 19 97787 19 98307 19 98827 21 99347 21 99865 29 100385 31 100907 29 101427 29 101947 29 102467 27 102987 21 103507 21 104027 15 104545 17 105065 17 105585 17 106105 21 106625 23 107145 23 107665 23 108185 25 108705 29 109225 29 109747 31 110269 29 110793 27 111313 27 111836 26 112356 26 112876 26 113396 26 113913 31 114433 31 114953 31 115473 31 115996 28 116516 28 117036 28 117556 26 118078 24 118600 18 119120 18 119642 12
78a981bd27ba0c65a9169548665a17bda9f49050d0d3893a6567d1eb92cd003d,38 14 558 16 1078 16 1596 18 2116 18 2633 21 3153 21 3673 21 4191 23 4711 23 5231 23 5751 21 6271 19 6791 19 7313 17 7836 12 8360 4 8880 4
78a981bd27ba0c65a9169548665a17bda9f49050d0d3893a6567d1eb92cd003d,29178 6 29696 10 30200 8 30216 10 30720 8 30736 10 31238 14 31254 12 31756 32 32276 32 32796 32 33313 33 33833 31 34353 31 34873 23 35393 23 35913 23 36433 23 36953 23 37473 23 37996 18 38516 18 39036 18 39556 16 40078 12 40598 12 41120 8
78a981bd27ba0c65a9169548665a17bda9f49050d0d3893a6567d1eb92cd003d,145116 4 145636 2
78a981bd27ba0c65a9169548665a17bda9f49050d0d3893a6567d1eb92cd003d,55164 12 55680 16 56200 16 56720 18 57238 20 57758 18 58278 18 58798 18 59318 18 59340 4 59838 18 59860 4 60358 28 60878 14 60896 10 61398 12 61414 12 61918 12 61934 12 62440 8 62454 14 62960 6 62972 16 63492 16 64012 16 64530 16 65050 16 65570 16 66090 16 66610 16 67130 16 67652 12 68172 12 68694 10 69216 4 69736 4
78a981bd27ba0c65a9169548665a17bda9f49050d0d3893a6567d1eb92cd003d,130568 2 131088 2 131604 8 132124 10 132644 10 133162 12 133682 12 134202 14 134722 14 135242 12 135762 12 136284 10 136804 10 137324 8 137844 6
78a981bd27ba0c65a9169548665a17bda9f49050d0d3893a6567d1eb92cd003d,118116 6 118632 14 119152 14 119670 16 120190 18 120708 20 121228 20 121746 24 122266 24 122786 24 123304 28 123806 8 123822 30 124326 10 124342 30 124846 10 124862 30 125364 14 125380 30 125884 16 125906 24 126406 14 126428 22 126926 14 126948 22 127446 14 127472 16 127968 12 127996 8 128488 12 129008 12 129530 18 130054 14 130578 10 131098 10 131618 10 132138 10 132658 10 133180 6
78a981bd27ba0c65a9169548665a17bda9f49050d0d3893a6567d1eb92cd003d,161250 6 161282 8 161768 10 161798 12 162288 10 162318 12 162806 14 162838 14 163326 16 163356 16 163846 18 163874 18 164366 18 164394 18 164884 22 164914 16 165404 24 165432 16 165926 42 166446 42 166966 42 167486 48 168006 48 168528 51 169048 53 169568 55 170088 55 170610 53 171132 51 171654 49 172174 49 172704 39 173226 4 173236 27 173756 27 174276 27 174798 25 175318 23 175840 19 176360 19 176882 14
78a981bd27ba0c65a9169548665a17bda9f49050d0d3893a6567d1eb92cd003d,4254 13 4774 13 5290 19 5808 23 6320 33 6840 33 7358 35 7862 10 7874 41 8378 57 8898 57 9416 59 9936 59 10454 61 10974 61 11494 61 12014 61 12536 57 13056 57 13576 51 14098 34 14136 5 14618 34 14656 5 15140 30 15666 24 16196 14 16716 14 17236 16 17259 12 17754 18 17776 17 18274 18 18294 21 18794 18 18814 21 19312 43 19828 24 19854 21 20348 24 20374 23 20868 24 20894 23 21388 24 21416 21 21908 22 21936 21 22428 22 22456 21 22948 22 22979 18 23468 20 23499 16 23988 20 24021 12 24508 20 24541 12 25030 18 25550 18 26072 18 26592 18 27112 18 27632 18 28154 14 28674 14 29194 14 29716 12 30236 10 30756 10 31276 8 31796 8 32316 8 32836 6 33356 6 33878 2 34398 2
78a981bd27ba0c65a9169548665a17bda9f49050d0d3893a6567d1eb92cd003d,94700 6 95220 6 95738 10 96258 10 96778 10 97298 10 97818 8 98340 4
78a981bd27ba0c65a9169548665a17bda9f49050d0d3893a6567d1eb92cd003d,41668 12 42188 12 42706 16 43224 20 43744 24 44264 24 44784 26 45302 28 45822 28 46342 28 46862 28 47380 30 47900 28 48420 28 48940 28 49460 18 49980 18 50500 18 51020 16 51540 14 52060 14 52580 10
78a981bd27ba0c65a9169548665a17bda9f49050d0d3893a6567d1eb92cd003d,64 16 84 15 584 35 1104 35 1624 35 2144 18 2166 10 2664 16 3184 16 3706 14 4228 10 4748 10
78a981bd27ba0c65a9169548665a17bda9f49050d0d3893a6567d1eb92cd003d,70804 6 71320 12 71840 12 72358 16 72876 18 73396 18 73916 18 74436 18 74954 20 75474 20 75994 20 76514 18 77034 18 77554 18 78074 18 78592 18 79110 12 79630 12 80148 12 80666 12 81184 14 81704 14 82224 14 82744 14 83264 14 83784 14 84306 12 84826 12 85348 10 85360 8 85868 10 85880 8 86392 18 86914 16 87434 16 87954 18 88474 18 88994 18 89514 18 90034 18 90556 16 91078 14 91598 14 92120 10
78a981bd27ba0c65a9169548665a17bda9f49050d0d3893a6567d1eb92cd003d,142032 6 142552 6 143070 10 143590 12 144108 14 144628 14 145148 14 145668 12 146188 12 146708 12 147228 10 147748 6
78a981bd27ba0c65a9169548665a17bda9f49050d0d3893a6567d1eb92cd003d,55190 6 55710 6 56230 6 56752 2
78a981bd27ba0c65a9169548665a17bda9f49050d0d3893a6567d1eb92cd003d,60398 2 60914 10 61434 12 61954 12 62472 16 62992 16 63512 18 64032 18 64554 16 65074 16 65594 16 66114 16 66634 16 67154 16 67674 14 68194 14 68716 8
78a981bd27ba0c65a9169548665a17bda9f49050d0d3893a6567d1eb92cd003d,131648 4 132162 12 132682 12 133200 16 133718 18 134236 20 134756 20 135276 20 135796 20 136316 27 136836 27 137356 29 137878 29 138400 27 138920 27 139448 21 139968 21 140488 21 141008 19 141528 19 142048 19 142568 19 143088 17 143608 17 144128 17 144648 17 145168 15 145690 13 146212 9 146732 9
78a981bd27ba0c65a9169548665a17bda9f49050d0d3893a6567d1eb92cd003d,96808 6 97328 6 97844 12 98364 15 98882 17 99402 17 99922 19 100442 27 100962 29 101482 29 102004 29 102526 27 103054 19 103574 19 104094 19 104614 25 105134 25 105654 25 106176 25 106703 18 107223 18 107745 16 108265 16 108785 16 109305 16 109825 16 110347 14 110867 14 111387 14 111907 16 112427 14 112949 12 113469 12 113989 12 114511 8 115031 8
78a981bd27ba0c65a9169548665a17bda9f49050d0d3893a6567d1eb92cd003d,148292 11 148812 11 149330 13 149848 17 150368 17 150886 19 151406 19 151924 19 152444 19 152964 19 153484 17 154004 15 154524 15 155044 10 155564 8 156084 6 156604 6
78a981bd27ba0c65a9169548665a17bda9f49050d0d3893a6567d1eb92cd003d,125 22 643 26 1163 26 1683 26 2201 28 2721 28 3241 28 3761 28 4281 28 4801 28 5321 28 5841 28 6363 26 6883 26 7403 26 7923 28 8445 26 8965 26 9485 28 10005 28 10525 28 11045 28 11565 28 12085 30 12607 28 13127 28 13647 28 14167 26 14687 26 15207 26 15729 24 16249 22 16769 22 17289 20 17809 16 18327 18 18847 18 19365 18 19885 18 20403 20 20923 20 21445 18 21965 18 22485 18 23005 18 23523 20 24041 22 24561 22 25077 24 25593 26 26111 28 26631 28 27149 26 27669 24 28187 26 28707 26 29227 26 29747 26 30265 28 30785 28 31305 26 31823 28 32343 28 32861 26 33379 20 33896 21 33921 4 34416 21 34441 4 34936 31 35456 31 35976 33 36496 33 37019 30 37543 28 38069 22 38589 22 39109 22 39629 22 40149 22 40669 22 41189 20 41709 20 42229 20 42751 16 43271 14 43793 10 44313 10 44835 6
78a981bd27ba0c65a9169548665a17bda9f49050d0d3893a6567d1eb92cd003d,64664 8 65180 14 65698 16 66218 16 66734 20 67252 22 67770 22 68290 22 68808 24 69265 8 69326 24 69785 8 69846 24 70303 12 70366 22 70821 14 70884 20 71339 18 71404 18 71859 18 71924 18 72379 18 72401 6 72429 8 72441 19 72899 18 72921 10 72941 37 73419 32 73455 29 73486 8 73939 32 73975 29 74006 8 74459 62 74981 58 75501 56 76021 56 76541 54 77061 52 77581 52 78101 52 78621 50 79143 46 79663 46 80197 28 80719 18 81239 12 81759 12 82279 12 82799 12 83321 8 83841 8
78a981bd27ba0c65a9169548665a17bda9f49050d0d3893a6567d1eb92cd003d,156113 6 156633 6 157149 12 157665 16 158183 18 158703 18 159223 16 159741 18 160261 18 160781 18 161301 18 161821 16 162341 16 162861 16 163379 16 163899 14 164419 14 164939 14 165461 10 165981 10 166501 10 167025 4
78a981bd27ba0c65a9169548665a17bda9f49050d0d3893a6567d1eb92cd003d,58869 6 59385 14 59905 14 60423 18 60943 20 61463 20 61983 20 62503 20 63023 20 63543 20 64063 20 64583 20 65105 18 65627 16 66147 16 66671 10
78a981bd27ba0c65a9169548665a17bda9f49050d0d3893a6567d1eb92cd003d,89027 10 89547 10 90065 14 90583 16 91103 16 91623 16 92143 18 92663 18 93183 18 93703 18 94225 16 94745 14 95265 14 95787 12 96313 2
78a981bd27ba0c65a9169548665a17bda9f49050d0d3893a6567d1eb92cd003d,161867 14 162387 14 162905 16 163399 10 163423 21 163917 14 163943 21 164437 14 164463 21 164955 20 164981 23 165475 49 165995 49 166515 49 167035 49 167555 46 168075 46 168595 32 168631 8 169115 30 169635 30 170155 30 170675 30 171193 32 171707 14 171727 18 172227 14 172247 18 172747 16 172767 18 173267 16 173289 14 173787 16 173809 14 174307 16 174329 14 174827 16 174853 8 175347 16 175867 16 176387 16 176907 14 177427 12 177947 12 178469 8
78a981bd27ba0c65a9169548665a17bda9f49050d0d3893a6567d1eb92cd003d,137407 10 137923 16 138443 18 138963 18 139481 22 140001 22 140521 22 141041 22 141561 22 142081 22 142601 22 143121 22 143643 20 144165 18 144685 18 145207 16 145729 12 146251 6 146771 6
78a981bd27ba0c65a9169548665a17bda9f49050d0d3893a6567d1eb92cd003d,151453 10 151971 14 152491 14 153009 16 153527 20 154045 22 154565 22 155085 22 155603 22 156123 22 156643 22 157163 22 157683 20 158205 18 158725 18 159245 16 159767 12 160287 12 160807 10
78a981bd27ba0c65a9169548665a17bda9f49050d0d3893a6567d1eb92cd003d,54745 10 55263 14 55781 16 56301 16 56819 20 57339 20 57859 20 58379 20 58897 22 59409 30 59929 30 60447 32 60967 32 61487 32 62007 32 62527 32 63047 32 63565 34 64085 34 64607 32 65127 30 65649 28 66169 28 66689 26 67209 14 67731 8 68251 8 68771 8 69293 4 69813 4
78a981bd27ba0c65a9169548665a17bda9f49050d0d3893a6567d1eb92cd003d,126493 4 127013 4 127531 8 128049 12 128569 12 129089 12 129607 14 130125 16 130645 16 131165 16 131685 16 132205 16 132725 16 133245 16 133767 12 134293 2 134813 2
78a981bd27ba0c65a9169548665a17bda9f49050d0d3893a6567d1eb92cd003d,177451 6 177971 6 178487 12 179005 16 179525 18 180045 18 180565 16
78a981bd27ba0c65a9169548665a17bda9f49050d0d3893a6567d1eb92cd003d,45369 10 45889 12 46409 12 46927 14 47447 16 47969 14 48489 14 49009 16 49529 16 50049 16 50567 18 51087 18 51607 16 52127 16 52647 16 53167 14 53687 14 54207 14 54727 12 55247 10 55771 4 56291 4
78a981bd27ba0c65a9169548665a17bda9f49050d0d3893a6567d1eb92cd003d,97891 2 98409 6 98927 8 99447 8 99967 6 100489 2
78a981bd27ba0c65a9169548665a17bda9f49050d0d3893a6567d1eb92cd003d,103091 12 103611 12 104129 16 104647 20 105167 20 105687 20 106207 22 106727 20 107247 20 107767 20 108287 20 108807 18 109327 18 109849 14 110373 8
78a981bd27ba0c65a9169548665a17bda9f49050d0d3893a6567d1eb92cd003d,61566 8 62086 8 62606 8 63124 10 63642 12 64162 12 64682 14 65202 14 65720 16 66240 16 66760 18 67280 18 67800 18 67826 9 68320 18 68346 9 68838 22 68862 15 69358 41 69878 41 70398 41 70918 41 71438 39 71958 39 72464 6 72478 39 72982 10 72998 37 73502 12 73520 33 74022 12 74040 33 74540 14 74560 31 75060 14 75080 29 75580 14 75600 29 76100 14 76120 29 76620 14 76638 28 77138 16 77158 28 77658 16 77678 28 78178 16 78198 28 78700 14 78718 28 79220 16 79238 28 79740 16 79758 28 80262 14 80278 28 80784 12 80798 26 81306 8 81318 24 81826 8 81838 24 82346 6 82360 2 82368 12 82837 11 82868 4 82878 2 82890 8 83353 27 83386 16 83873 27 83906 16 84391 53 84899 10 84911 59 85417 73 85937 73 86457 45 86508 24 86975 12 86989 31 87030 22 87495 12 87509 31 87550 22 88015 10 88029 27 88064 2 88072 18 88533 10 88549 25 88580 30 89051 12 89067 25 89098 26 89571 12 89587 25 89618 26 90091 12 90107 25 90136 28 90609 41 90656 26 91129 39 91176 26 91649 39 91696 26 92171 37 92214 28 92691 37 92734 26 93211 37 93252 28 93731 37 93772 28 94259 16 94279 9 94292 22 94320 12 94779 16 94812 22 94838 16 95299 16 95332 22 95358 16 95819 16 95852 20 95876 20 96339 16 96368 22 96396 20 96857 18 96888 20 96916 20 97377 18 97408 20 97436 20 97899 16 97926 20 97954 24 98419 14 98446 18 98474 24 98941 10 98966 18 98994 24 99461 10 99486 18 99514 24 100004 22 100034 22 100521 25 100554 22 101041 25 101074 22 101561 25 101594 22 102081 25 102116 20 102601 25 102638 16 103121 27 103162 10 103641 27 103682 10 104161 29 104206 2 104679 33 105199 33 105715 17 105736 16 106235 17 106258 16 106753 19 106776 18 107273 19 107296 18 107793 19 107816 20 108313 19 108334 22 108831 45 109351 45 109871 21 109896 20 110391 21 110416 20 110913 17 110938 16 111433 17 111458 16 111955 11 111980 12
78a981bd27ba0c65a9169548665a17bda9f49050d0d3893a6567d1eb92cd003d,31861 2 32381 2 32897 14 33415 18 33935 20 34455 20 34973 22 35493 22 36013 22 36533 22 37053 24 37573 22 38095 20 38615 20 39135 20 39657 16 40179 12 40699 12
78a981bd27ba0c65a9169548665a17bda9f49050d0d3893a6567d1eb92cd003d,117671 17 118187 23 118705 25 119225 25 119745 27 120265 27 120787 25 121307 25 121827 25 122349 23 122869 23 123389 27 123426 2 123909 29 123942 8 124431 17 124450 22 124951 17 124970 22 125471 13 125492 20 125993 8 126016 16 126538 14 127058 14 127578 14 128098 14 128618 14 129138 14 129658 16 130180 14 130700 12 131220 12
78a981bd27ba0c65a9169548665a17bda9f49050d0d3893a6567d1eb92cd003d,179029 8 179547 12 180067 12 180587 10
78a981bd27ba0c65a9169548665a17bda9f49050d0d3893a6567d1eb92cd003d,145256 8 145772 14 146290 16 146810 16 147330 18 147848 22 148368 26 148888 26 149395 6 149408 28 149913 11 149928 30 150433 11 150448 30 150951 15 150968 32 151471 49 151991 49 152511 49 153031 19 153054 28 153549 21 153576 26 154071 21 154096 26 154591 21 154616 26 155111 21 155136 26 155631 21 155658 24 156151 21 156180 22 156671 21 156700 22 157191 21 157220 20 157711 21 157742 18 158233 19 158264 14 158753 19 158784 14 159273 17 159300 16 159795 13 159816 16 160315 13 160336 16 160839 7 160854 18 161374 20 161894 22 162414 22 162934 22 163454 22 163976 20 164496 20 165016 18 165538 16 166058 14 166578 14 167100 8
78a981bd27ba0c65a9169548665a17bda9f49050d0d3893a6567d1eb92cd003d,15766 4 16284 8 16804 8 17324 10 17841 13 18361 13 18881 13 19399 15 19917 17 20433 21 20953 21 21473 21 21991 23 22511 23 23031 23 23551 23 24071 21 24591 21 25111 21 25635 13 26161 3 26681 3
78a981bd27ba0c65a9169548665a17bda9f49050d0d3893a6567d1eb92cd003d,132254 2 132774 2 133288 12 133804 16 134319 21 134839 21 135357 23 135875 25 136393 27 136913 27 137433 25 137951 25 138471 23 138991 23 139511 21 140031 19 140551 19 141073 13
78a981bd27ba0c65a9169548665a17bda9f49050d0d3893a6567d1eb92cd003d,168660 2 168664 2 169176 12 169692 20 170212 20 170730 22 171248 26 171766 28 172286 28 172804 30 173324 28 173844 28 174364 28 174881 29 175401 25 175921 23 176441 23 176964 20 177484 20 178004 20 178524 20 179046 18 179566 16 180086 16 180608 12
78a981bd27ba0c65a9169548665a17bda9f49050d0d3893a6567d1eb92cd003d,51648 8 52168 8 52686 12 53206 12 53726 12 54246 12 54766 12 55286 12 55806 12 56326 12 56846 12 57366 12 57886 12 58406 12 58926 12 59448 8 59968 8 60490 4
78a981bd27ba0c65a9169548665a17bda9f49050d0d3893a6567d1eb92cd003d,172 20 692 22 1212 22 1732 22 2252 22 2774 20 3294 20 3814 18 4336 14 4856 14 5380 6
78a981bd27ba0c65a9169548665a17bda9f49050d0d3893a6567d1eb92cd003d,28262 4 28782 4 29300 10 29818 14 30338 14 30858 14 31378 14 31898 14 32418 14 32938 12 33462 4
78a981bd27ba0c65a9169548665a17bda9f49050d0d3893a6567d1eb92cd003d,224 15 742 17 1262 17 1782 19 2302 19 2820 21 3340 21 3852 29 4362 39 4882 39 5400 39 5918 41 6438 22 6464 13 6958 22 6984 13 7476 24 7506 9 7992 26 8506 28 9026 28 9544 28 10064 26 10586 22 11106 22 11632 16 12154 12 12672 14 13192 14 13712 14 14230 16 14750 16 15270 16 15788 18 16308 16 16828 16 17346 18 17866 18 18384 20 18904 20 19424 20 19944 18 20464 18 20984 18 21504 18 22024 16 22544 16 23078 14 23598 14 24116 16 24636 16 25156 16 25676 16 26196 14 26716 14 27238 12 27760 8
78a981bd27ba0c65a9169548665a17bda9f49050d0d3893a6567d1eb92cd003d,44906 4 45426 6 45944 8 46464 8 46986 6 47506 6 48026 6 48546 6 49066 6 49586 6 50106 6 50626 6
78a981bd27ba0c65a9169548665a17bda9f49050d0d3893a6567d1eb92cd003d,198 10 720 8 1240 8 1760 6
78a981bd27ba0c65a9169548665a17bda9f49050d0d3893a6567d1eb92cd003d,35570 4 36086 10 36606 10 37126 23 37644 25 38164 25 38684 25 39204 25 39722 24 40240 16 40260 4 40760 16 40780 4 41278 16 41798 16 42318 16 42838 16 43358 14 43878 14 44398 14 44918 14 45438 12 45958 12 46478 12 47000 10 47522 4
78a981bd27ba0c65a9169548665a17bda9f49050d0d3893a6567d1eb92cd003d,173884 6 174404 6 174922 10 175442 10 175962 12 176482 12 177002 10 177522 10 178042 10 178562 10 179084 6
78a981bd27ba0c65a9169548665a17bda9f49050d0d3893a6567d1eb92cd003d,137494 8 138010 14 138530 16 139050 16 139568 21 140088 21 140608 21 141126 23 141646 25 142166 25 142686 25 143206 25 143724 27 144244 27 144764 27 145284 25 145804 25 146326 23 146846 23 147366 20 147886 18 148408 16 148928 16 149450 12 149974 2 150494 2
78a981bd27ba0c65a9169548665a17bda9f49050d0d3893a6567d1eb92cd003d,154130 6 154650 6 155168 16 155686 20 156206 23 156726 23 157248 21 157768 18 158288 18 158808 18 159328 16 159850 12 160370 12 160890 12 161410 14 161928 16 162448 16 162966 18 163486 20 164004 22 164524 22 165044 22 165564 22 166084 22 166604 22 167124 22 167646 20 168166 20 168688 18 169208 18 169730 14 170250 14 170770 14 171292 12 171812 10 172332 10 172854 8
78a981bd27ba0c65a9169548665a17bda9f49050d0d3893a6567d1eb92cd003d,175982 9 176502 9 177020 13 177538 15 178058 15 178578 15 179098 15 179620 13 180140 13 180660 13
78a981bd27ba0c65a9169548665a17bda9f49050d0d3893a6567d1eb92cd003d,12713 2 13233 2 13744 19 14262 25 14782 25 15300 29 15820 33 16340 33 16860 33 17380 33 17902 31 18424 29 18944 29 19466 27 19989 24 20511 24 21031 24 21553 24 22075 24 22595 24 23115 26 23635 26 24151 30 24671 30 25189 30 25706 33 26224 35 26744 35 27264 33 27782 35 28302 33 28822 33 29344 31 29864 29 30386 23 30906 23 31435 10
78a981bd27ba0c65a9169548665a17bda9f49050d0d3893a6567d1eb92cd003d,352 11 375 10 393 73 870 15 893 16 911 77 1390 15 1413 16 1431 77 1908 19 1933 32 1969 57 2428 19 2453 32 2491 37 2530 14 2948 19 2973 16 2991 14 3013 4 3032 16 3054 6 3468 19 3493 16 3511 14 3533 4 3552 16 3574 6 3988 19 4013 32 4074 14 4508 19 4531 34 4594 14 5028 19 5051 34 5114 14 5546 59 5634 14 6066 59 6154 12 6584 61 6676 10 7104 61 7196 10 7624 61 7718 6 8146 15 8163 20 8185 20 8666 15 8683 20 8707 16 9186 15 9203 20 9227 16 9706 13 9723 20 9749 12 10228 8 10243 18 10269 10 10765 16 10793 4 11285 16 11313 4 11805 14 12325 12 12834 11 13354 11 13872 15 14392 15 14419 10 14912 15 14939 10 15432 15 15455 16 15950 17 15973 20 16470 17 16493 20 16990 17 17013 20 17510 15 17531 22 18030 15 18051 22 18552 13 18571 22 19072 13 19091 22 19592 13 19611 22 20116 35 20636 35 21156 35 21674 37 22192 39 22712 39 23230 41 23748 45 24268 45 24788 45 25308 45 25814 8 25828 15 25849 24 26332 31 26371 20 26852 31 26891 20 27370 31 27411 20 27890 22 27933 16 28410 20 28453 14 28930 20 28973 14 29450 20 29493 8 29970 20 30492 16 31012 16 31534 14 32054 14 32574 14 33092 16 33612 16 34130 20 34650 20 35170 22 35690 22 36212 22 36732 22 37252 22 37774 22 38296 20 38365 6 38816 20 38885 6 39338 18 39403 8 39860 19 39893 6 39919 12 40380 19 40411 10 40435 16 40900 19 40931 10 40955 16 41422 17 41449 12 41473 18 41942 17 41969 14 41991 20 42462 17 42489 14 42511 20 42984 15 43007 18 43029 20 43504 15 43527 42 44024 15 44047 42 44544 15 44567 42 45064 15 45089 40 45584 15 45609 18 45631 18 46104 17 46131 14 46151 18 46624 17 46651 14 46671 18 47146 17 47175 4 47191 18 47674 11 47711 18 48194 11 48231 20 48714 11 48751 20 49234 9 49271 20 49752 11 49793 18 50272 11 50313 18 50792 9 50833 18 51312 11 51339 32 51832 11 51857 34 52352 11 52377 34 52872 11 52895 36 53394 9 53415 34 53914 7 53935 34 54434 7 54455 34 54954 7 54973 34 55472 11 55491 24 55517 10 55992 43 56039 6 56512 43 56559 6 57032 43 57552 43 58076 39 58596 39 59119 18 59143 10 59641 16 59663 6 60161 16 60183 6 60681 14 60701 8 61201 12 61219 10 61721 12 61737 14 62241 12 62257 14 62761 10 62777 16 63279 12 63297 16 63799 12 63817 18 64319 12 64337 18 64836 13 64857 18 65344 23 65375 20 65799 4 65862 14 65879 6 65895 20 66319 4 66382 14 66399 6 66415 20 66837 8 66898 16 66935 20 67357 10 67416 18 67455 18 67877 12 67930 22 67975 18 68397 12 68450 22 68495 18 68917 12 68966 26 69015 18 69437 14 69486 26 69535 18 69957 14 70006 26 70055 18 70475 19 70524 26 70577 14 70995 19 71046 24 71097 14 71513 23 71566 22 71617 14 72033 23 72086 22 72137 14 72551 25 72604 24 72659 10 73069 27 73106 10 73124 22 73181 6 73587 27 73624 14 73644 8 73654 12 74107 27 74144 14 74164 8 74174 12 74625 29 74662 16 74682 8 74696 10 75145 26 75182 18 75202 8 75220 4 75665 26 75702 28 76185 26 76222 28 76697 6 76705 24 76742 28 77205 20 77227 22 77260 30 77725 20 77747 22 77780 30 78243 20 78269 22 78302 30 78761 14 78791 23 78820 32 79279 14 79309 27 79340 34 79799 14 79829 27 79860 34 80317 16 80343 71 80837 16 80861 75 81355 18 81379 77 81875 18 81899 77 82393 20 82419 77 82913 18 82937 81 83433 18 83457 79 83953 18 83977 79 84471 18 84495 81 84991 18 85015 81 85506 23 85535 51 85592 24 86026 23 86055 51 86112 24 86544 25 86575 47 86636 18 87062 27 87097 43 87162 10 87582 27 87617 43 87682 10 88102 9 88115 16 88137 41 88622 9 88637 16 88663 33 89142 11 89157 18 89183 33 89662 11 89677 18 89703 33 90182 11 90197 18 90221 33 90702 9 90717 16 90741 33 91224 5 91237 16 91259 35 91744 5 91757 16 91779 35 92277 16 92299 35 92797 57 93317 57 93837 57 94355 59 94875 59 95395 59 95909 65 96426 5 96433 58 96955 54 97475 54 97986 13 98005 42 98506 13 98525 40 99024 15 99047 36 99544 15 99567 36 100064 15 100087 34 100584 15 100609 10 100621 18 101104 15 101131 6 101141 16 101624 15 101651 6 101661 16 102144 15 102183 10 102664 15 103184 15 103704 15 104224 13 104744 13 105264 13 105784 13 106306 9 106829 4 107349 4
78a981bd27ba0c65a9169548665a17bda9f49050d0d3893a6567d1eb92cd003d,110471 6 110986 15 111506 15 112024 19 112544 21 113064 21 113584 21 114102 23 114622 23 115142 23 115662 23 116182 21 116702 21 117222 21 117742 19 118264 15 118786 11 119306 11 119829 6
78a981bd27ba0c65a9169548665a17bda9f49050d0d3893a6567d1eb92cd003d,166121 8 166641 8 167159 12 167677 14 168197 14 168717 14 169235 16 169755 16 170275 16 170795 14 171315 12 171835 8 172355 8
78a981bd27ba0c65a9169548665a17bda9f49050d0d3893a6567d1eb92cd003d,143765 4 144281 12 144801 12 145321 14 145839 16 146359 18 146879 18 147399 18 147919 18 148439 18 148959 18 149481 16 150001 16 150521 16 151041 16 151561 16 152081 18 152601 18 153121 18 153641 18 154159 22 154679 22 155199 22 155721 20 156241 20 156761 20 157281 18 157801 18 158323 16 158843 16 159363 14 159885 12 160405 12 160929 4
78a981bd27ba0c65a9169548665a17bda9f49050d0d3893a6567d1eb92cd003d,267 12 294 14 785 16 814 14 1305 16 1334 14 1825 18 1854 16 2343 20 2374 16 2853 6 2863 20 2894 16 3373 6 3383 20 3414 16 3891 10 3903 20 3936 14 4409 34 4456 14 4929 34 4976 14 5449 34 5496 14 5965 36 6018 10 6485 18 6505 16 6536 12 7005 18 7025 16 7056 12 7523 18 7545 16 7576 12 8043 18 8067 14 8094 16 8563 18 8587 14 8611 19 9083 18 9107 14 9131 19 9601 20 9629 41 10123 18 10149 41 10643 18 10669 39 11163 18 11189 39 11685 14 11709 39 12207 8 12227 39 12747 35 13267 35 13783 37 14301 20 14329 7 14821 20 14849 7 15341 14 15863 8 16385 2 16905 2
78a981bd27ba0c65a9169548665a17bda9f49050d0d3893a6567d1eb92cd003d,39763 10 40283 12 40803 12 41321 14 41841 14 42361 14 42881 16 43403 14 43925 12 43951 4 44445 12 44471 4 44967 30 45489 28 46007 30 46527 30 47047 30 47565 28 48083 22 48603 22 49123 20 49643 10 50163 10 50683 6 51203 4
78a981bd27ba0c65a9169548665a17bda9f49050d0d3893a6567d1eb92cd003d,32030 8 32550 8 33068 8 33584 12 34102 12 34622 12 35142 8 35662 8 36180 10 36700 10 37218 14 37736 16 38254 20 38774 20 39291 23 39809 25 40329 23 40849 23 41367 25 41885 25 42405 25 42923 23 43443 21 43961 21 44481 21 45001 19 45521 15 46041 10 46561 10 47081 10 47601 8 48119 12 48639 12 49157 14 49675 19 50195 19 50697 4 50715 19 51213 10 51233 21 51731 14 51753 21 52251 14 52273 21 52765 20 52793 21 53285 22 53311 20 53803 46 54323 46 54843 44 55363 40 55881 36 56401 36 56921 34 57441 32 57961 14 57977 14 58481 14 58497 14 59003 8 59017 14 59539 12 60059 12 60579 12 61089 2 61097 12 61605 24 62125 24 62643 26 63163 24 63683 20 64203 20 64723 18 65243 18 65763 18 66283 18 66805 16 67327 14 67853 4 68373 4
78a981bd27ba0c65a9169548665a17bda9f49050d0d3893a6567d1eb92cd003d,157307 8 157825 12 158345 14 158865 14 159383 18 159903 18 160423 18 160941 20 161459 22 161977 24 162497 24 163017 24 163535 26 164055 24 164575 24 165095 22 165617 18 166137 18 166657 18 167177 18 167699 16 168219 16 168743 12 169267 6 169787 8 169801 10 170307 8 170321 10 170825 10 170837 14 171343 31 171849 6 171861 33 172369 6 172381 33 172887 10 172901 37 173405 57 173925 57 174445 57 174963 59 175483 59 176003 30 176035 27 176523 30 176555 27 177043 28 177075 25 177563 26 177595 23 178083 26 178115 23 178601 26 178635 21 179121 22 179153 21 179641 20 179675 19 180161 20 180195 19 180681 18 180717 14
78a981bd27ba0c65a9169548665a17bda9f49050d0d3893a6567d1eb92cd003d,115695 6 116213 10 116735 4 117255 4
78a981bd27ba0c65a9169548665a17bda9f49050d0d3893a6567d1eb92cd003d,29391 4 29909 10 30427 14 30947 14 31465 16 31985 18 32505 18 33025 18 33545 18 34065 18 34585 18 35105 16 35623 18 36143 16 36663 16 37183 14 37703 14 38223 12 38743 12 39263 12 39785 8
78a981bd27ba0c65a9169548665a17bda9f49050d0d3893a6567d1eb92cd003d,143271 8 143787 16 144307 18 144827 18 145345 20 145865 20 146385 22 146905 22 147427 20 147947 18 148467 18 148987 18 149509 12 150033 2 150553 2
78a981bd27ba0c65a9169548665a17bda9f49050d0d3893a6567d1eb92cd003d,133913 10 133936 4 134431 14 134454 8 134951 14 134974 8 135471 16 135494 8 135989 18 136011 11 136509 20 136531 11 137029 20 137051 11 137549 31 138067 22 138587 22 139107 22 139627 20 140149 18 140669 18 141191 14 141713 6
78a981bd27ba0c65a9169548665a17bda9f49050d0d3893a6567d1eb92cd003d,20035 6 20555 8 21075 8 21593 12 22111 14 22631 14 23151 14 23671 14 24191 14 24711 14 25229 14 25751 12 26271 10 26791 10
78a981bd27ba0c65a9169548665a17bda9f49050d0d3893a6567d1eb92cd003d,115721 8 116239 15 116757 19 117277 19 117797 19 118317 19 118837 19 119357 19 119877 17 120397 14 120919 8 121439 8
78a981bd27ba0c65a9169548665a17bda9f49050d0d3893a6567d1eb92cd003d,96522 4 97038 10 97558 10 98076 12 98594 14 99112 16 99632 16 100152 16 100656 10 100670 18 101174 32 101694 32 102211 31 102729 27 103249 23 103769 23 104287 25 104803 29 105323 29 105841 29 106361 29 106881 29 107401 29 107921 27 108441 27 108963 25 109483 25 110005 21 110527 17
78a981bd27ba0c65a9169548665a17bda9f49050d0d3893a6567d1eb92cd003d,121974 10 122487 21 123007 21 123525 25 124043 29 124563 31 125083 31 125603 31 126123 31 126643 31 127163 31 127685 27 128205 25 128725 21 129245 21 129767 13 130291 5
78a981bd27ba0c65a9169548665a17bda9f49050d0d3893a6567d1eb92cd003d,128760 10 129280 10 129798 12 130316 16 130836 16 131356 16 131874 18 132394 18 132914 18 133434 18 133954 16 134474 16 134994 16 135512 16 136032 14 136552 12 137072 12 137592 12 138110 14 138626 18 139146 18 139662 22 140182 22 140702 22 141220 24 141738 24 142258 24 142778 24 143298 22 143818 20 144340 16 144860 16 145382 14 145902 12 146422 14 146942 14 147460 16 147978 20 148494 24 149014 24 149531 27 150047 31 150567 31 151085 33 151605 33 152123 35 152643 35 153163 37 153683 37 154203 37 154723 37 155243 39 155767 11 155782 22 156304 22 156824 22 157344 22 157864 22 158378 26 158898 26 159416 28 159934 28 160454 28 160974 18 161494 16 162011 19 162531 19 163051 19 163571 19 164091 19 164611 19 165131 19 165654 16 166174 14 166694 14 167216 12 167738 8 168258 8
78a981bd27ba0c65a9169548665a17bda9f49050d0d3893a6567d1eb92cd003d,58014 10 58534 10 59051 15 59569 19 60089 19 60609 21 61129 21 61649 21 62169 21 62689 21 63209 21 63729 23 64249 23 64771 21 65291 21 65811 21 66331 21 66854 18 67374 18 67896 14 68416 14 68938 12 69458 10 69978 10
78a981bd27ba0c65a9169548665a17bda9f49050d0d3893a6567d1eb92cd003d,45032 8 45550 12 46070 14 46590 14 47108 18 47628 18 48148 18 48668 18 49190 16 49712 14 50232 14 50752 12
78a981bd27ba0c65a9169548665a17bda9f49050d0d3893a6567d1eb92cd003d,111080 8 111600 8 112118 16 112636 24 113156 26 113676 26 114194 30 114714 30 115234 30 115754 32 116276 30 116796 30 117316 30 117842 24 118362 24 118884 22 119404 22 119924 20 120446 18 120966 18 121486 18 122006 16 122528 12 123048 12 123570 8
78a981bd27ba0c65a9169548665a17bda9f49050d0d3893a6567d1eb92cd003d,53364 8 53882 12 54402 12 54920 16 55440 18 55958 20 56478 20 56998 20 57518 20 58036 22 58556 22 59076 22 59598 20 60118 20 60638 20 61158 20 61680 16 62200 16 62720 16 63242 12 63764 8 64284 8
78a981bd27ba0c65a9169548665a17bda9f49050d0d3893a6567d1eb92cd003d,165696 10 166214 16 166734 16 167252 20 167772 22 168292 22 168812 22 169330 24 169852 22 170372 22 170892 22 171414 20 171936 18 172456 18 172988 6 173508 8 174026 10 174546 10 175066 10 175566 8 175586 10 176080 16 176104 10 176600 16 176624 10 177118 20 177144 10 177638 20 177662 12 178158 20 178182 12 178676 22 178700 16 179196 40 179716 43 180236 43 180758 20 180780 16
78a981bd27ba0c65a9169548665a17bda9f49050d0d3893a6567d1eb92cd003d,2410 2 2926 10 3446 10 3964 14 4482 16 5002 16 5522 16 6042 18 6562 18 7082 18 7602 18 8122 18 8642 18 9162 18 9682 18 10204 14 10726 12 11246 12 11768 8
78a981bd27ba0c65a9169548665a17bda9f49050d0d3893a6567d1eb92cd003d,138134 2 138652 8 139172 8 139690 12 140210 12 140730 12 141248 16 141768 16 142288 16 142808 16 143330 16 143850 14 144372 12 144892 12 145414 8
78a981bd27ba0c65a9169548665a17bda9f49050d0d3893a6567d1eb92cd003d,147492 6 148010 10 148530 10 149050 10 149570 10 150090 10 150610 10 151130 10 151654 2
78a981bd27ba0c65a9169548665a17bda9f49050d0d3893a6567d1eb92cd003d,154260 10 154780 10 155296 16 155814 20 156334 20 156854 20 157374 20 157892 24 158412 24 158932 24 159452 24 159972 24 160492 24 161012 24 161532 24 162054 20 162574 20 163096 18 163618 14
78a981bd27ba0c65a9169548665a17bda9f49050d0d3893a6567d1eb92cd003d,93428 15 93948 15 94462 25 94978 29 95498 29 96018 31 96538 31 97058 31 97578 31 98098 31 98620 27 99140 27 99660 27 100182 23 100704 21 101226 31 101746 31 102270 29 102794 27 103312 31 103832 31 104352 31 104870 33 105390 33 105910 33 106430 33 106950 33 107470 33 107990 35 108510 35 109030 37 109550 37 110070 37 110592 35 111112 35 111632 35 112156 31 112681 6 112697 8
78a981bd27ba0c65a9169548665a17bda9f49050d0d3893a6567d1eb92cd003d,18540 4 19060 4
78a981bd27ba0c65a9169548665a17bda9f49050d0d3893a6567d1eb92cd003d,118399 6 118916 13 119436 13 119956 15 120474 17 120994 19 121514 19 122034 19 122554 21 123074 21 123594 21 124114 21 124636 21 125156 21 125676 21 126196 23 126719 20 127239 20 127759 20 128279 20 128799 18 129319 18 129834 23 130352 21 130872 15 131392 15 131912 17 132432 17 132952 17 133472 19 133992 19 134514 17 135034 17 135554 17 136074 17 136596 13 137116 13 137636 11 138161 4
78a981bd27ba0c65a9169548665a17bda9f49050d0d3893a6567d1eb92cd003d,32091 2 32611 2 33119 4 33129 8 33636 23 34156 25 34676 25 35196 27 35716 27 36239 8 36249 16 36759 8 36769 16 37281 4 37291 14 37813 10 38335 8 38855 8
78a981bd27ba0c65a9169548665a17bda9f49050d0d3893a6567d1eb92cd003d,141287 12 141803 18 142321 22 142841 22 143359 24 143879 24 144396 27 144916 27 145436 25 145956 25 146476 23 146996 23 147516 23 148036 21 148559 18 149079 18 149599 18 150121 14 150641 14 151161 14 151681 14 152201 16 152721 16 153241 16 153759 18 154281 16 154801 16 155321 16 155841 16 156361 16 156881 16 157401 14 157923 12 158443 12 158963 12 159485 8
78a981bd27ba0c65a9169548665a17bda9f49050d0d3893a6567d1eb92cd003d,69523 4 70043 4 70561 8 71081 10 71599 12 72119 12 72639 14 73159 14 73679 14 74199 14 74719 14 75239 14 75761 12 76281 12 76801 10 77325 2 77845 2
78a981bd27ba0c65a9169548665a17bda9f49050d0d3893a6567d1eb92cd003d,171445 4 171963 10 172483 10 173001 14 173519 16 174039 18 174559 18 175079 18 175601 16 176121 18 176641 18 177161 18 177681 18 178201 18 178721 18 179241 18 179761 18 180281 18 180801 18
78a981bd27ba0c65a9169548665a17bda9f49050d0d3893a6567d1eb92cd003d,117919 8 118437 10 118955 16 118986 4 119475 16 119506 4 119995 20 120021 13 120505 4 120513 43 121023 53 121543 53 122063 53 122581 57 123101 57 123621 57 124141 57 124661 22 124689 33 125181 22 125209 33 125701 22 125737 27 126221 20 126257 29 126741 18 126773 2 126777 29 127261 18 127293 2 127297 29 127783 14 127807 39 128305 10 128325 41 128825 10 128845 41 129345 10 129365 41 129863 12 129885 41 130383 12 130403 43 130903 12 130923 21 130948 18 131423 12 131443 21 131468 18 131943 14 131963 21 131988 18 132463 14 132483 43 132983 14 133003 43 133503 14 133523 43 134023 14 134043 43 134543 14 134563 41 135063 14 135083 41 135583 14 135603 39 136105 10 136123 37 136625 10 136643 35 137145 10 137163 35 137665 10 137685 33 138187 8 138207 6 138215 21 138707 6 138737 17 139227 6 139257 17 139777 17 140299 13 140819 13 141339 11
78a981bd27ba0c65a9169548665a17bda9f49050d0d3893a6567d1eb92cd003d,157435 6 157953 10 158471 12 158991 12 159511 14 160031 14 160551 14 161069 14 161589 14 162107 16 162627 16 163147 16 163665 18 164185 18 164705 18 165225 20 165745 20 166263 22 166783 22 167303 20 167823 20 168343 20 168863 20 169383 20 169903 24 170423 24 170943 26 171463 26 171983 26 172503 26 173023 24 173545 22 174065 22 174585 22 175107 6 175117 10 175637 10 176155 12 176675 12 177195 12 177715 12 178235 12 178755 12 179275 12 179793 14 180313 14 180835 12
78a981bd27ba0c65a9169548665a17bda9f49050d0d3893a6567d1eb92cd003d,153785 4 154305 4 154825 4 155345 4 155865 4
78a981bd27ba0c65a9169548665a17bda9f49050d0d3893a6567d1eb92cd003d,142359 10 142879 10 143397 14 143915 16 144433 18 144953 18 145473 22 145993 26 146513 28 147033 28 147551 30 148071 30 148591 30 149111 30 149633 28 150153 28 150673 28 151195 24 151723 16 152247 10 152767 10
78a981bd27ba0c65a9169548665a17bda9f49050d0d3893a6567d1eb92cd003d,39417 11 39935 15 40453 17 40973 17 41493 19 42013 19 42533 19 43053 19 43082 2 43573 19 43600 8 44093 17 44118 12 44613 17 44638 12 45133 19 45156 14 45655 17 45676 16 46175 17 46196 16 46695 17 46716 16 47217 17 47236 16 47737 35 48257 17 48276 16 48777 17 48796 16 49295 37 49815 19 49836 16 50335 19 50356 16 50855 19 50878 14 51375 19 51400 12 51897 17 51922 8 52417 17 52442 8 52937 17 53459 15 53979 13 54499 13 55017 13 55535 11 56053 13 56573 13 57091 15 57609 17 58123 21 58643 21 59161 23 59679 25 60199 25 60719 22 61237 22 61757 22 62277 22 62797 22 63317 22 63837 27 64357 27 64877 27 65399 27 65919 27 66439 27 66959 29 67481 27 68001 27 68521 27 69043 25 69563 25 70083 25 70603 25 71125 23 71647 21 72167 21 72691 17 73213 15 73735 13 74255 13 74779 7
78a981bd27ba0c65a9169548665a17bda9f49050d0d3893a6567d1eb92cd003d,8215 6 8733 13 9253 13 9771 15 10289 19 10809 19 11329 19 11849 19 12369 19 12891 17 13411 17 13931 17 14453 15 14973 15 15493 15 16015 9 16533 4 17053 4 17569 10 18087 12 18607 14 19127 14 19645 16 20165 19 20685 19 21205 19 21725 19 22245 19 22765 19 23285 19 23803 18 24323 16 24843 16 25363 12 25883 10 26403 8 26923 8 27443 6
78a981bd27ba0c65a9169548665a17bda9f49050d0d3893a6567d1eb92cd003d,83615 6 84135 6 84651 15 85167 21 85685 23 86205 23 86725 23 87243 27 87763 27 88283 27 88803 27 89323 25 89843 25 90363 25 90883 25 91405 21 91925 21 92447 14 92973 2
78a981bd27ba0c65a9169548665a17bda9f49050d0d3893a6567d1eb92cd003d,160057 7 160577 7 161095 9 161615 11 162135 13 162655 13 163175 13 163695 13 164213 17 164733 17 165253 17 165773 17 166293 17 166813 17 167333 17 167853 17 168373 17 168893 15 169415 13 169937 9 170457 9 170979 5
78a981bd27ba0c65a9169548665a17bda9f49050d0d3893a6567d1eb92cd003d,175148 4 175659 15 176175 21 176695 21 177215 21 177735 21 178255 21 178773 23 179293 23 179813 23 180333 23 180855 19
78a981bd27ba0c65a9169548665a17bda9f49050d0d3893a6567d1eb92cd003d,101306 6 101826 6 102344 10 102864 12 103381 15 103901 15 104421 15 104941 15 105461 15 105981 15 106499 17 107019 17 107539 17 108059 15 108577 17 109097 15 109617 15 110137 15 110657 15 111179 11 111699 11 112219 9
78a981bd27ba0c65a9169548665a17bda9f49050d0d3893a6567d1eb92cd003d,12928 10 13448 10 13966 12 14482 18 15002 18 15522 18 16040 22 16560 22 17080 22 17600 22 18120 24 18640 24 19160 24 19680 26 20202 26 20722 28 21242 28 21764 26 22286 24 22806 24 23334 16 23852 18 24372 18 24892 18 25410 20 25906 6 25928 22 26424 12 26448 22 26944 12 26968 22 27461 19 27488 22 27984 18 28008 20 28504 20 28528 20 29024 20 29048 20 29544 42 30064 42 30581 43 31101 43 31624 38 32146 34 32666 34 33186 34 33706 32 34226 30 34746 30 35264 30 35786 16 35804 8 36306 12 36826 12 37348 8
78a981bd27ba0c65a9169548665a17bda9f49050d0d3893a6567d1eb92cd003d,59198 2 59716 6 60236 6 60754 8 61274 10 61292 2 61792 12 61810 4 62312 12 62330 4 62832 12 62850 4 63352 22 63872 20 64392 20 64912 20 65434 16 65954 14 66474 14 66996 12 67518 8
78a981bd27ba0c65a9169548665a17bda9f49050d0d3893a6567d1eb92cd003d,85194 4 85714 6 86234 6 86752 10 87272 12 87792 12 88312 12 88834 10 89354 10 89874 10 90394 14 90914 14 90942 2 91434 16 91456 12 91954 16 91976 12 92474 16 92494 18 92994 16 93014 18 93514 40 94034 40 94554 40 95074 42 95594 42 96114 42 96634 42 97156 38 97676 38 98196 38 98720 6 98730 22 99254 16 99774 16
78a981bd27ba0c65a9169548665a17bda9f49050d0d3893a6567d1eb92cd003d,79476 4 79996 4 80514 6 81034 6 81556 4 82076 4
78a981bd27ba0c65a9169548665a17bda9f49050d0d3893a6567d1eb92cd003d,136688 10 137208 10 137726 14 138244 18 138764 18 139284 18 139802 22 140322 22 140842 22 141362 22 141880 24 142400 24 142920 24 143440 24 143958 26 144478 26 144998 26 145516 28 146038 26 146558 26 147078 26 147600 22 148120 22 148642 18 149162 18 149682 18 150204 12 150724 12 151246 4
78a981bd27ba0c65a9169548665a17bda9f49050d0d3893a6567d1eb92cd003d,25400 4 25920 4
78a981bd27ba0c65a9169548665a17bda9f49050d0d3893a6567d1eb92cd003d,53506 10 54024 14 54544 14 55062 18 55582 18 56102 18 56622 18 57142 18 57660 20 58182 18 58702 18 59222 18 59742 18 60262 18 60782 16 61304 14 61824 16 62344 16 62866 14 63388 14 63908 16 64428 16 64948 16 65466 20 65986 20 66506 20 67014 6 67024 22 67532 34 68050 34 68570 34 69090 34 69610 34 70130 34 70648 34 71168 34 71686 34 72206 34 72726 20 72748 10 73246 20 73764 20 74284 20 74804 20 75324 18 75844 18 76364 18 76886 14 77408 10 77928 10 78452 2
78a981bd27ba0c65a9169548665a17bda9f49050d0d3893a6567d1eb92cd003d,83130 6 83648 10 84168 10 84688 12 85206 14 85726 14 86246 14 86768 12 87288 12 87808 12 88328 10 88852 4
78a981bd27ba0c65a9169548665a17bda9f49050d0d3893a6567d1eb92cd003d,161658 2 162168 16 162688 16 163208 18 163726 22 164246 22 164766 22 165286 24 165808 22 166328 22 166848 22 167370 22 167892 20 168412 20 168934 18 168977 10 169454 16 169493 16 169972 18 170013 18 170492 18 170533 18 171012 16 171044 27 171530 14 171562 31 172050 12 172078 35 172570 12 172598 35 173088 14 173116 37 173608 12 173626 23 173651 22 174126 14 174144 25 174173 18 174646 14 174664 25 174693 18 175166 14 175182 24 175213 18 175686 14 175702 24 175733 18 176206 14 176222 20 176255 14 176726 14 176742 20 176775 14 177248 12 177262 14 177289 6 177297 8 177768 10 177780 16 177809 10 178288 10 178300 16 178329 10 178810 8 178820 16 178849 12 179334 2 179342 14 179366 15 179862 14 179886 15 180382 14 180406 15 180902 12 180924 15
78a981bd27ba0c65a9169548665a17bda9f49050d0d3893a6567d1eb92cd003d,101340 4 101860 4 102378 8 102896 12 103416 12 103936 12 104454 14 104974 14 105494 14 106014 14 106532 16 107052 16 107572 16 108092 16 108612 14 109134 10 109654 10
78a981bd27ba0c65a9169548665a17bda9f49050d0d3893a6567d1eb92cd003d,33754 4 34272 19 34792 19 35312 21 35832 21 36350 21 36870 21 37388 21 37906 18 38424 14 38944 14 39460 18 39978 18 40496 20 41016 20 41538 16 42058 14 42578 14
78a981bd27ba0c65a9169548665a17bda9f49050d0d3893a6567d1eb92cd003d,120580 8 121098 14 121618 14 122138 16 122656 18 123176 18 123696 18 124216 18 124736 18 125256 18 125776 18 126296 16 126816 16 127336 16 127856 14 128376 12 128896 10 129416 10 129936 8 130456 6
78a981bd27ba0c65a9169548665a17bda9f49050d0d3893a6567d1eb92cd003d,47782 12 48300 16 48820 16 49340 18 49860 18 50380 18 50900 16 51422 12
78a981bd27ba0c65a9169548665a17bda9f49050d0d3893a6567d1eb92cd003d,71235 4 71753 8 72273 8 72789 12 73309 12 73827 14 74347 14 74857 24 75377 24 75897 24 76417 24 76937 24 77430 8 77442 7 77457 22 77950 8 77962 7 77977 22 78470 23 78495 14 78988 39 79508 39 80028 39 80548 37 81070 35 81590 33 82110 33 82632 29 83152 27 83674 25 84194 25 84716 21 85236 21 85756 21 86276 21 86798 17 87318 17 87838 17 88360 13
78a981bd27ba0c65a9169548665a17bda9f49050d0d3893a6567d1eb92cd003d,132566 5 133086 5 133590 8 133602 13 134108 27 134628 27 135148 27 135668 29 136188 27 136708 27 137228 27 137748 27 138268 25 138790 16 139310 16 139832 12 140352 10 140872 10 141394 8 141916 4
78a981bd27ba0c65a9169548665a17bda9f49050d0d3893a6567d1eb92cd003d,6202 11 6718 17 7238 17 7756 21 8276 21 8794 23 9314 23 9834 23 10356 21 10876 21 11396 21 11916 21 12438 19 12958 17 13478 17 14000 13 14522 11 15042 11 15564 7
78a981bd27ba0c65a9169548665a17bda9f49050d0d3893a6567d1eb92cd003d,14557 4 15077 4 15597 4 16115 6 16635 6 17155 6 17675 6 18195 6 18713 8 19233 8 19753 8 20271 10 20781 20 21301 20 21819 22 22337 24 22857 24 23377 24 23880 13 23897 24 24400 15 24417 24 24920 15 24937 24 25438 43 25958 43 26478 43 26998 43 27518 43 28036 45 28556 45 29076 45 29596 21 29619 22 30116 19 30141 20 30636 17 30661 20 31156 17 31181 20 31678 13 31701 20 32221 20 32741 20 33265 16 33787 14 34309 12 34829 12 35351 10 35873 8 36397 4 36917 4
78a981bd27ba0c65a9169548665a17bda9f49050d0d3893a6567d1eb92cd003d,95129 10 95649 10 96166 15 96684 19 97202 21 97722 21 98240 23 98758 25 99278 25 99798 25 100316 25 100836 25 101356 23 101876 23 102396 23 102916 21 103438 17 103958 17 104480 13
78a981bd27ba0c65a9169548665a17bda9f49050d0d3893a6567d1eb92cd003d,154413 6 154933 6 155451 12 155969 14 156486 19 157006 19 157524 21 158042 23 158562 23 159082 23 159600 25 160120 25 160640 25 161158 27 161678 25 162198 23 162718 23 163238 21 163758 19 164278 15 164798 15 165320 11 165840 6
78a981bd27ba0c65a9169548665a17bda9f49050d0d3893a6567d1eb92cd003d,50931 6 51446 13 51964 21 52484 21 53004 23 53524 25 54046 23 54566 23 55086 23 55611 16 56135 12 56655 12 57175 10 57697 8
78a981bd27ba0c65a9169548665a17bda9f49050d0d3893a6567d1eb92cd003d,61326 11 61846 17 62366 17 62886 19 63409 16 63929 16 64449 16 64969 16 65491 14 66011 14 66531 14 67053 12 67573 12 68093 12 68613 12 69135 10 69657 8 70177 8 70697 8 71219 6
78a981bd27ba0c65a9169548665a17bda9f49050d0d3893a6567d1eb92cd003d,101397 2 101917 2 102435 6 102953 8 103471 10 103991 10 104511 10 105031 10 105551 10 106071 10 106591 10 107111 10 107631 10 108149 12 108669 12 109183 2 109189 12 109703 2 109709 12 110221 6 110229 12 110739 10 110751 10 111259 10 111273 8 111779 10 111793 8 112299 10 112315 6 112817 12 113337 12 113857 12 114379 10 114899 8 115419 8 115939 8 116459 6 116977 8 117497 8 118015 12 118535 12 119053 16 119573 16 120093 16 120613 16 121131 20 121651 20 122169 22 122689 22 123209 22 123726 25 124246 25 124766 25 125286 25 125806 25 126329 22 126849 20 127369 20 127889 20 128411 18 128933 14 129453 14
78a981bd27ba0c65a9169548665a17bda9f49050d0d3893a6567d1eb92cd003d,143493 8 144011 12 144531 14 145051 14 145571 16 146091 16 146611 18 147131 18 147651 18 148171 18 148693 16 149213 16 149735 14 150257 10 150777 10 151301 4
78a981bd27ba0c65a9169548665a17bda9f49050d0d3893a6567d1eb92cd003d,80597 2 81113 8 81631 10 82151 10 82671 10 83189 12 83709 12 84229 12 84747 14 85267 14 85785 16 86305 16 86825 16 87345 16 87865 16 88387 14 88909 12 89431 8 89951 8
78a981bd27ba0c65a9169548665a17bda9f49050d0d3893a6567d1eb92cd003d,93075 4 93591 10 94111 10 94629 12 95149 12 95669 12 96189 12 96709 12 97229 12 97749 12 98269 12 98791 10 99311 10 99831 10 100355 6
78a981bd27ba0c65a9169548665a17bda9f49050d0d3893a6567d1eb92cd003d,128955 4 129475 4 129993 8 130511 10 131029 12 131549 12 132069 12 132591 10 133111 10 133631 10 134151 10 134671 10 135191 10 135713 8 136233 6 136753 4 137273 4
78a981bd27ba0c65a9169548665a17bda9f49050d0d3893a6567d1eb92cd003d,177315 4 177833 6 178353 6 178869 12 179389 12 179909 10 180429 10 180951 8
78a981bd27ba0c65a9169548665a17bda9f49050d0d3893a6567d1eb92cd003d,148197 2 148715 6 149235 6 149755 6 150275 6 150795 6 151313 8 151833 8 152353 8 152873 8 153393 8 153911 10 154431 10 154951 10 155471 10 155991 10 156511 10 157031 10 157551 10 158071 10 158591 10 159111 10 159633 8 160153 8 160673 8 161193 8 161713 8 162233 8 162753 8 163273 8
78a981bd27ba0c65a9169548665a17bda9f49050d0d3893a6567d1eb92cd003d,51479 2 51995 6 52515 6 53035 6 53553 8 54073 8 54593 8 55113 8 55633 8 56153 8 56673 8 57193 8 57715 6 58235 6 58755 6 59277 4
78a981bd27ba0c65a9169548665a17bda9f49050d0d3893a6567d1eb92cd003d,115957 4 116475 6 116993 8 117513 8 118033 8 118553 8 119075 6 119595 6 120115 6 120637 4 121157 4 121677 4
8b59819fbc92eefe45b1db95c0cc3a467ddcfc755684c7f2ba2f6ccb9ad740ab,27041 2 27561 2 28081 2 28601 2 29121 2 29641 4 30161 4 30681 4 31201 4 31721 4 32241 4 32761 4 33281 4 33801 2 34321 2 34841 2
8b59819fbc92eefe45b1db95c0cc3a467ddcfc755684c7f2ba2f6ccb9ad740ab,102965 10 103485 10 104005 10 104523 20 105043 20 105563 20 106081 26 106601 26 107121 26 107641 30 108161 30 108681 32 109201 32 109721 32 110241 32 110761 32 111281 32 111801 32 112321 32 112841 32 113361 32 113881 32 114401 32 114454 20 114921 32 114974 20 115441 32 115494 20 115961 32 116010 30 116481 32 116530 30 117001 32 117050 30 117521 37 117566 36 118041 37 118086 36 118561 81 119081 81 119601 81 120121 8 120137 67 120641 8 120657 67 121161 8 121177 67 121697 65 122217 65 122737 65 123257 65 123777 65 124295 67 124815 67 125335 67 125855 65 126375 65 126895 65 127415 61 127935 61 128457 55 128977 55 129497 55 130019 47 130539 47 131059 47 131583 29 132103 29 132623 29 133151 11 133671 11
8b59819fbc92eefe45b1db95c0cc3a467ddcfc755684c7f2ba2f6ccb9ad740ab,157047 4 157567 4 158085 8 158605 8 159125 8 159645 8 160165 8 160685 8 161207 8 161727 8 162247 8 162763 16 163283 16 163801 20 164321 20 164841 20 165361 20 165881 20 166401 20 166921 20 167441 20 167961 20 168481 20 169001 20 169521 18 170041 18 170561 18 171081 18 171601 18 172121 18 172643 14 173163 14
8b59819fbc92eefe45b1db95c0cc3a467ddcfc755684c7f2ba2f6ccb9ad740ab,216390 8 216910 8 217430 8 217950 14 218470 14 218988 20 219508 20 220028 20 220548 26 221068 26 221588 26 222106 33 222626 33 223146 33 223613 10 223664 35 224133 10 224184 35 224651 14 224704 37 225171 14 225224 37 225691 14 225744 37 226209 20 226262 39 226729 20 226782 39 227249 20 227302 39 227769 22 227820 43 228289 22 228340 43 228809 27 228854 49 229329 27 229374 49 229849 27 229894 49 230367 33 230410 55 230887 33 230930 55 231407 33 231450 55 231927 100 232447 100 232967 100 233485 104 234005 104 234525 106 235045 106 235565 106 236083 49 236138 65 236603 49 236658 65 237123 49 237178 65 237643 47 237702 32 237743 28 238163 47 238222 32 238263 28 238681 49 238748 16 238781 32 239201 49 239268 16 239301 32 239721 49 239788 16 239821 32 240241 45 240336 39 240761 45 240856 39 241281 45 241376 39 241801 41 241894 41 242321 41 242414 41 242841 41 242934 41 243363 18 243450 43 243883 18 243970 43 244405 10 244488 43 244925 10 245008 43 245445 10 245528 43 246046 41 246566 41 247086 41 247606 35 248126 35 248646 35 249166 35 249686 35 250206 33 250726 33 251246 33 251766 31 252286 31 252806 31 253328 27 253848 27 254372 19 254892 19 255412 19
8b59819fbc92eefe45b1db95c0cc3a467ddcfc755684c7f2ba2f6ccb9ad740ab,264167 35 264687 35 265207 35 265725 51 266245 51 266765 51 267283 59 267803 59 268323 59 268841 63 269361 63 269881 65 270401 65 270921 65 271441 65 271961 65 272481 65 273001 67 273521 67 274041 67 274561 67 275081 67 275601 65 276121 65 276641 65 277161 65 277681 65 278201 65 278721 65 279241 65 279765 59 280285 59 280805 59 281327 55 281847 55 282367 55 282893 45 283413 45 283939 33 284459 33 284979 33 285507 15 286027 15 286547 15
8b59819fbc92eefe45b1db95c0cc3a467ddcfc755684c7f2ba2f6ccb9ad740ab,2642 12 3162 12 3682 12 4200 16 4720 16 5240 16 5758 20 6278 20 6798 20 7316 28 7836 28 8353 35 8873 35 9393 35 9913 37 10433 37 10953 37 11471 41 11991 41 12511 41 13031 41 13551 41 14071 41 14591 41 15111 41 15629 43 16149 43 16669 43 17189 43 17709 43 18229 43 18749 43 19269 43 19789 43 20309 43 20829 43 21349 43 21869 43 22389 43 22909 41 23429 41 23949 41 24469 41 24989 41 25509 39 26029 39 26549 39 27069 39 27589 39 28111 35 28631 35 29151 35 29671 33 30191 33 30711 33 31233 29 31753 29 32273 29 32793 25 33313 25 33838 16 34358 16 34878 16 35402 8 35922 8 36442 8
8b59819fbc92eefe45b1db95c0cc3a467ddcfc755684c7f2ba2f6ccb9ad740ab,70 41 590 41 1110 41 1632 45 2152 45 2674 47 3194 47 3714 47 4242 43 4762 43 5282 43 5806 43 6326 43 6846 43 7366 45 7886 45 8408 43 8928 43 9448 43 9968 45 10488 45 11008 45 11530 43 12050 43 12570 43 13090 43 13610 43 14132 41 14652 41 15172 41 15696 37 16216 37 16736 37 17259 32 17779 32 18303 28 18823 28 19343 28 19869 18 20389 18 20909 18
8b59819fbc92eefe45b1db95c0cc3a467ddcfc755684c7f2ba2f6ccb9ad740ab,80729 24 81249 24 81769 24 82281 36 82801 36 83317 44 83837 44 84357 44 84873 51 85393 51 85913 51 86429 57 86949 57 87469 57 87987 59 88507 59 89027 61 89547 61 90067 61 90585 63 91105 63 91625 63 92145 63 92665 63 93185 61 93705 61 94225 61 94747 57 95267 57 95787 57 96307 54 96827 54 97347 54 97869 46 98389 46 98913 36 99433 36 99953 36 100481 16 101001 16 101521 16
8b59819fbc92eefe45b1db95c0cc3a467ddcfc755684c7f2ba2f6ccb9ad740ab,181093 6 181613 6 182133 6 182649 16 183169 16 183687 20 184207 20 184727 20 185245 22 185765 22 186285 22 186799 30 187319 30 187839 30 188355 38 188875 38 189395 40 189915 40 190435 40 190955 42 191475 42 191995 42 192515 44 193035 44 193555 42 194075 42 194595 42 195115 42 195635 42 196155 42 196675 42 197195 42 197715 42 198237 40 198757 40 199279 38 199799 38 200319 38 200841 36 201361 36 201881 36 202405 30 202925 30 203449 24 203969 24 204489 24 205015 14 205535 14 206055 14
8b59819fbc92eefe45b1db95c0cc3a467ddcfc755684c7f2ba2f6ccb9ad740ab,228923 12 229443 12 229963 12 230481 18 231001 18 231521 18 232041 18 232561 18 233081 18 233603 16 234123 16
8b59819fbc92eefe45b1db95c0cc3a467ddcfc755684c7f2ba2f6ccb9ad740ab,52706 6 53226 6 53738 22 54258 22 54778 22 55294 32 55814 32 56334 32 56852 38 57372 38 57890 42 58410 42 58930 42 59448 46 59968 46 60488 46 61006 50 61526 50 62046 50 62566 50 63086 50 63604 52 64124 52 64644 52 65164 52 65684 52 66204 52 66724 50 67244 50 67764 48 68284 48 68804 48 69324 46 69844 46 70364 46 70884 44 71404 44 71924 44 72444 40 72964 40 73486 30 74006 30 74526 30 75046 22 75566 22 76086 22 76610 8 77130 8 77650 8
8b59819fbc92eefe45b1db95c0cc3a467ddcfc755684c7f2ba2f6ccb9ad740ab,238864 4 239384 4 239904 4 240418 14 240938 14 241458 14 241976 18 242496 18 243016 18 243534 20 244054 20 244574 22 245094 22 245614 22 246134 24 246654 24 247174 24 247694 26 248214 26 248734 26 249256 24 249776 24 250296 26 250816 26 251336 26 251858 24 252378 24 252898 24 253418 24 253938 24 254460 22 254980 22 255500 22 256022 20 256542 20 257062 20 257582 22 258102 22 258622 22 259144 20 259664 20 260184 18 260704 18 261224 18 261748 12 262268 12 262788 12
8b59819fbc92eefe45b1db95c0cc3a467ddcfc755684c7f2ba2f6ccb9ad740ab,184 12 704 12 1224 12 1742 14 2262 14 2784 12 3304 12 3824 12 4350 2 4870 2 5390 2
8b59819fbc92eefe45b1db95c0cc3a467ddcfc755684c7f2ba2f6ccb9ad740ab,214 41 734 41 1254 41 1774 41 2294 41 2814 41 3334 41 3854 41 4372 43 4892 43 5412 43 5928 45 6448 45 6968 45 7484 45 8004 45 8518 26 8555 10 9038 26 9075 10 9558 26 9595 10 10076 28 10596 28 11116 28 11634 28 12154 28 12674 28 13194 28 13714 28 14236 24 14756 24 15276 24 15800 18 16320 18 16840 18 17368 4 17888 4
8b59819fbc92eefe45b1db95c0cc3a467ddcfc755684c7f2ba2f6ccb9ad740ab,157260 6 157780 6 158294 19 158814 19 159334 19 159850 25 160370 25 160890 25 161406 29 161926 29 162446 29 162960 35 163480 35 164000 35 164520 35 165040 35 165558 39 166078 39 166598 39 167118 41 167638 41 168158 41 168680 41 169200 41 169720 39 170240 39 170760 39 171280 39 171800 39 172320 39 172842 35 173362 35 173884 31 174404 31 174924 31 175446 23 175966 23 176486 23 177008 14 177528 14 178048 14 178572 6 179092 6
8b59819fbc92eefe45b1db95c0cc3a467ddcfc755684c7f2ba2f6ccb9ad740ab,161508 8 162028 8 162548 8 163060 22 163580 22 164098 24 164618 24 165138 24 165654 28 166174 28 166694 28 167211 31 167731 31 168251 31 168769 33 169289 33 169807 33 170327 33 170847 33 171367 31 171887 31 172407 31 172925 33 173445 33 173963 33 174483 33 175003 33 175523 31 176043 31 176563 31 177081 31 177601 31 178121 31 178643 27 179163 27 179685 21 180205 21 180725 21 181249 9 181769 9 182289 9
8b59819fbc92eefe45b1db95c0cc3a467ddcfc755684c7f2ba2f6ccb9ad740ab,401 53 921 53 1441 53 1957 63 2477 63 2995 69 3515 69 4035 69 4555 69 5075 69 5595 69 6115 71 6635 71 7155 71 7675 73 8195 73 8717 73 9237 73 9757 73 10279 73 10799 73 11319 73 11841 71 12361 71 12885 67 13405 67 13925 67 14449 61 14969 61 15489 61 16015 53 16535 53 17055 53 17586 38 18106 38 18638 16 19158 16 19678 16
8b59819fbc92eefe45b1db95c0cc3a467ddcfc755684c7f2ba2f6ccb9ad740ab,220889 6 221409 6 221929 6 222445 12 222965 12 223485 12 224003 16 224523 16 225041 20 225561 20 226081 20 226601 20 227121 20 227641 20 228159 22 228679 22 229199 22 229719 22 230239 22 230757 27 231277 27 231797 27 232317 27 232837 27 233357 27 233877 31 234397 31 234915 35 235435 35 235955 35 236475 37 236995 37 237515 37 238035 37 238555 37 239075 37 239595 37 240115 37 240635 39 241155 39 241675 39 242197 37 242717 37 243237 37 243757 37 244277 37 244799 35 245319 35 245839 35 246359 35 246879 35 247399 35 247919 35 248439 35 248959 35 249479 35 249999 35 250521 31 251041 31 251561 31 252081 31 252601 31 253121 31 253641 31 254161 31 254683 29 255203 29 255723 29 256245 25 256765 25 257285 25 257807 23 258327 23 258847 23 259369 19 259889 19 260413 11 260933 11 261453 11
8b59819fbc92eefe45b1db95c0cc3a467ddcfc755684c7f2ba2f6ccb9ad740ab,117950 22 118470 22 118984 30 119504 30 120024 30 120539 37 121059 37 121579 37 122095 41 122615 41 123135 41 123653 43 124173 43 124691 43 125211 43 125731 43 126249 45 126769 45 127289 45 127807 49 128327 49 128845 51 129365 51 129885 51 130403 53 130923 53 131443 53 131963 51 132483 51 133003 51 133521 53 134041 53 134561 51 135081 51 135601 51 136121 49 136641 49 137161 49 137681 49 138201 49 138721 47 139241 47 139761 47 140283 43 140803 43 141323 43 141845 39 142365 39 142885 39 143407 33 143927 33 144449 27 144969 27 145489 27 146013 15 146533 15 147053 15
8b59819fbc92eefe45b1db95c0cc3a467ddcfc755684c7f2ba2f6ccb9ad740ab,138780 22 139300 22 139820 22 140338 28 140858 28 141378 28 141894 51 142414 51 142934 51 143452 57 143972 57 144490 59 145010 59 145530 59 146050 61 146570 61 147090 61 147608 63 148128 63 148632 79 149152 79 149672 79 150186 56 150246 25 150706 56 150766 25 151226 56 151286 25 151741 59 151811 20 152261 59 152331 20 152781 59 152851 20 153299 59 153373 16 153819 59 153893 16 154337 59 154417 8 154857 59 154937 8 155377 59 155457 8 155897 55 156417 55 156937 55 157455 53 157975 53 158495 49 159015 49 159535 49 160055 47 160575 47 161095 47 161617 45 162137 45 162657 45 163177 43 163697 43 164219 39 164739 39 165259 39 165784 34 166304 34 166824 34 167346 32 167866 32 168386 32 168906 38 169426 38 169950 36 170470 36 170990 36 171512 34 172032 34 172552 34 173076 30 173596 30 174124 22 174644 22 175164 22 175692 10 176212 10 176732 10
8b59819fbc92eefe45b1db95c0cc3a467ddcfc755684c7f2ba2f6ccb9ad740ab,280251 6 280771 6 281291 6 281804 19 282324 19 282844 19 283350 35 283870 35 284384 43 284904 43 285424 43 285942 47 286462 47 286982 47 287500 49 288020 49 288540 49 289058 51 289578 51 290094 53 290614 53 291134 53 291654 53 292174 53 292694 53 293212 53 293732 53 294252 53 294772 51 295292 51 295810 51 296330 51 296850 51 297370 47 297890 47 298410 47 298930 45 299450 45 299972 39 300492 39 301012 39 301534 35 302054 35 302574 35 303096 28 303616 28 304136 28 304660 18 305180 18
8b59819fbc92eefe45b1db95c0cc3a467ddcfc755684c7f2ba2f6ccb9ad740ab,312996 8 313516 8 314036 8 314548 18 315068 18 315584 25 316104 25 316624 25 317140 29 317660 29 318180 29 318696 33 319216 33 319736 33 320256 33 320776 33 321294 35 321814 35 322334 35 322854 32 323374 32 323894 32 324414 30 324934 30 325454 26 325974 26 326494 26 327016 18 327536 18 328056 18 328580 8 329100 8
8b59819fbc92eefe45b1db95c0cc3a467ddcfc755684c7f2ba2f6ccb9ad740ab,79531 6 80051 6 80571 6 81080 25 81600 25 82120 25 82636 31 83156 31 83672 37 84192 37 84712 37 85230 41 85750 41 86270 41 86786 45 87306 45 87826 45 88346 45 88866 45 89384 47 89904 47 90424 47 90944 47 91464 47 91984 47 92502 49 93022 49 93542 51 94062 51 94582 51 95102 53 95622 53 96142 53 96664 53 97184 53 97704 53 98224 53 98744 53 99268 49 99788 49 100308 49 100830 45 101350 45 101870 45 102396 33 102916 33 103446 11 103966 11 104486 11
8b59819fbc92eefe45b1db95c0cc3a467ddcfc755684c7f2ba2f6ccb9ad740ab,12983 10 13503 10 14023 10 14541 18 15061 18 15581 18 16099 22 16619 22 17139 22 17657 24 18177 24 18695 26 19215 26 19735 26 20255 26 20775 26 21295 26 21813 26 22333 26 22853 26 23375 24 23895 24 24417 18 24937 18 25457 18 25983 6 26503 6 27023 6
8b59819fbc92eefe45b1db95c0cc3a467ddcfc755684c7f2ba2f6ccb9ad740ab,119063 12 119583 12 120103 12 120621 16 121141 16 121661 16 122181 18 122701 18 123221 18 123741 20 124261 20 124781 20 125301 20 125821 20 126341 20 126861 20 127381 20 127903 16 128423 16
8b59819fbc92eefe45b1db95c0cc3a467ddcfc755684c7f2ba2f6ccb9ad740ab,257913 8 258433 8 258953 8 259471 10 259991 10 260507 14 261027 14 261547 14 262067 14 262587 14 263107 14 263627 14 264147 14 264667 14 265187 14 265707 14 266227 14 266747 14 267267 14 267787 14 268307 14 268827 14 269349 12 269869 12 270393 8 270913 8 271433 8 271955 6 272475 6 272995 6
ca20076870e8fb604e61802605a9ac45419c82dd3e23404c56c4869f9502a5ef,520 6 1041 2
ca20076870e8fb604e61802605a9ac45419c82dd3e23404c56c4869f9502a5ef,14014 4 14533 4 15052 4 15571 4 16090 6 16609 6 17128 8 17647 8 18166 8 18685 8 19204 8 19723 8 20242 8 20761 8 21280 8 21799 8 22318 8 22837 8 23356 8 23875 8 24394 10 24913 10 25432 10 25951 10 26470 10 26989 10 27508 12 28027 12 28546 12 29065 12 29584 12 30103 12 30622 12 31141 12 31660 12 32183 8 32706 2
ca20076870e8fb604e61802605a9ac45419c82dd3e23404c56c4869f9502a5ef,21829 9 22346 19 22865 19 23386 19 23905 19 24424 19 24941 23 25460 23 25979 25 26496 27 27013 29 27532 29 28051 31 28568 33 29087 33 29606 33 30125 33 30644 33 31163 33 31682 33 32201 33 32720 33 33239 19 33260 12 33736 2 33758 19 33781 10 34255 4 34277 17 34300 10 34774 6 34796 17 34823 4 35293 6 35317 15 35812 6 35836 15 36331 8 36355 15 36850 8 36874 15 37369 8 37393 17 37888 8 37912 17 38407 10 38433 17 38926 10 38946 4 38956 15 39447 8 39463 27 39966 8 39982 27 40485 8 40501 27 41006 6 41020 10 41034 15 41525 6 41539 10 41555 13 42044 6 42056 10 42074 13 42563 22 42593 13 43082 24 43114 11 43601 26 43633 13 44120 26 44152 13 44639 26 44671 13 45158 18 45182 2 45190 13 45679 16 45701 2 45709 13 46198 43 46717 43 47236 45 47755 45 48274 45 48793 22 48819 19 49312 24 49340 17 49831 24 49861 15 50350 24 50380 15 50871 20 50899 15 51390 20 51421 12 51909 20 51940 12 52428 20 52461 8 52947 20 52980 8 53458 28 53501 4 53977 28 54496 28 55015 28 55534 28 56055 26 56574 26 57091 28 57614 8 57630 8 58133 2 58139 2 58151 6 58650 6 58662 2 58670 6 59167 18 59191 6 59686 20 59710 6 60205 20 60229 6 60724 18 60748 6 61243 18 61265 8 61764 18 61784 8 62281 28 62802 26 63321 26 63840 26 64359 26 64878 24 65397 24 65916 22 66435 20 66956 18 67475 20 67994 20 68513 20 69032 20 69551 20 70068 24 70585 26 71104 26 71623 26 72142 26 72661 26 73180 26 73699 2 73709 16 74218 2 74230 14 74737 2 74749 16 75268 16 75789 14 76310 12 76829 12 77350 10 77871 6 78394 4 78913 6 79432 8 79951 8 80468 10 80987 12 81506 12 82023 14 82542 14 83063 12
ca20076870e8fb604e61802605a9ac45419c82dd3e23404c56c4869f9502a5ef,82524 6 83043 8
ca20076870e8fb604e61802605a9ac45419c82dd3e23404c56c4869f9502a5ef,65438 8 65957 8 66474 12 66993 12 67510 14 68029 16 68548 16 69067 18 69586 18 70105 18 70624 18 71143 20 71664 18 72183 18 72702 20 73221 20 73742 18 74261 18 74782 16 75301 16 75820 16 76339 16 76856 18 77373 20 77892 18 78411 16 78930 14 79449 14 79968 14 80487 14 81006 14 81525 16 82042 18 82561 18 83082 16
ca20076870e8fb604e61802605a9ac45419c82dd3e23404c56c4869f9502a5ef,54 16 573 18 1094 16 1617 10
ca20076870e8fb604e61802605a9ac45419c82dd3e23404c56c4869f9502a5ef,57689 8 58206 12 58723 18 59242 22 59761 24 60280 26 60799 26 61318 28 61837 30 62356 30 62875 30 63394 30 63915 28 64434 30 64953 30 65472 32 65991 32 66510 32 67029 32 67548 32 68069 30 68588 30 69109 28 69628 28 70147 28 70666 28 71185 28 71704 28 72223 26 72742 26 73261 26 73778 8 73792 14 74297 8 74311 12 74814 8 74832 8 75333 8 75852 8 76369 10 76888 10 77407 10 77914 6 77926 8 78433 6 78445 8 78950 10 78962 10 79469 22 79990 18 80509 18 81028 18 81549 16 82068 16 82589 12 83112 4
ca20076870e8fb604e61802605a9ac45419c82dd3e23404c56c4869f9502a5ef,24471 8 24988 12 25507 12 26026 14 26545 16 27064 18 27583 20 28102 20 28621 20 29140 22 29659 22 30178 22 30697 22 31218 22 31737 24 32256 28 32775 32 33294 37 33813 37 34332 39 34851 41 35370 41 35889 43 36410 41 36929 43 37450 41 37969 41 38490 39 39009 39 39528 39 40049 37 40568 39 41089 37 41610 33 42129 33 42650 31 43171 29 43694 25 44213 25 44736 21 45259 15 45780 11
ca20076870e8fb604e61802605a9ac45419c82dd3e23404c56c4869f9502a5ef,78 45 597 47 1116 47 1635 47 2154 20 2182 17 2675 16 2699 21 3194 16 3216 25 3713 16 3735 25 4232 16 4256 25 4751 18 4779 7 4794 6 5272 16 5300 3 5313 6 5791 16 5834 4 6310 16 6353 6 6829 16 6872 6 7348 18 7391 8 7867 18 7910 10 8388 18 8429 10 8907 18 8950 6 9426 18 9945 20 10464 20 10985 18 11504 18 12023 18 12542 18 13063 16 13582 18 14101 18 14622 16 15141 16 15660 18 16181 16 16700 18 17221 16 17740 16 18259 19 18780 17 19299 17 19818 19 20339 17 20858 17 21377 17 21896 19 22415 21 22936 25 23455 29 23974 29 24493 31 25014 31 25535 31 26054 39 26575 37 27094 37 27615 37 28134 37 28653 37 29174 35 29700 28 30225 24 30746 22 31267 22 31786 24 32307 22 32826 22 33345 22 33866 22 34385 22 34904 22 35423 24 35944 22 36465 20 36984 20 37503 22 38022 22 38543 20 39062 22 39581 22 40102 22 40621 22 41142 20 41661 20 42180 20 42701 18 43222 16 43741 16 44260 14 44781 12 45302 8 45823 6
ca20076870e8fb604e61802605a9ac45419c82dd3e23404c56c4869f9502a5ef,12052 8 12571 8 13088 10 13609 6
ca20076870e8fb604e61802605a9ac45419c82dd3e23404c56c4869f9502a5ef,69683 6 70200 10 70719 12 71238 12 71757 12 72276 14 72795 14 73314 14 73835 14 74356 12 74875 12 75394 16 75913 18 76432 20 76945 28 77464 28 77983 30 78502 30 79021 32 79540 32 80059 32 80578 34 81097 34 81618 38 82139 36 82658 36 83183 2 83187 24
ca20076870e8fb604e61802605a9ac45419c82dd3e23404c56c4869f9502a5ef,141 12 660 14 1181 10
ca20076870e8fb604e61802605a9ac45419c82dd3e23404c56c4869f9502a5ef,5876 6 6395 6 6914 6 7433 8 7952 8 8469 12 8988 12 9507 12 10024 14 10543 14 11062 14 11581 16 12100 16 12621 14 13140 14 13659 16 14178 16 14699 16 15218 16 15737 16 16256 16 16775 16 17294 18 17813 18 18334 16 18853 16 19374 14 19895 12 20416 10
ca20076870e8fb604e61802605a9ac45419c82dd3e23404c56c4869f9502a5ef,30796 6 31313 10 31830 12 32349 14 32868 14 33387 17 33906 17 34425 17 34944 17 35463 17 35984 12 36505 10 37024 10 37547 4
ca20076870e8fb604e61802605a9ac45419c82dd3e23404c56c4869f9502a5ef,707 10 1223 19 1742 19 2261 19 2778 21 3297 21 3816 21 4335 21 4854 21 5373 21 5892 21 6411 21 6932 17 7454 12 7975 10 8498 2
ca20076870e8fb604e61802605a9ac45419c82dd3e23404c56c4869f9502a5ef,47946 8 48463 10 48980 12 49499 14 50016 16 50535 16 51054 16 51573 16 52092 16 52611 16 53130 16 53649 16 54168 16 54689 14 55208 14 55727 14 56248 10 56769 6
ca20076870e8fb604e61802605a9ac45419c82dd3e23404c56c4869f9502a5ef,30823 4 31340 8 31859 8 32376 12 32897 12 33414 14 33935 12 34454 14 34973 14 35492 16 36011 16 36530 16 37049 16 37570 16 38089 16 38608 16 39127 16 39646 16 40167 14 40686 14 41205 14 41726 12 42245 12 42764 12 43283 12 43802 12 44321 12 44840 12 45359 12 45878 14 46397 14 46918 12 47439 8
ca20076870e8fb604e61802605a9ac45419c82dd3e23404c56c4869f9502a5ef,218 8 236 6 248 6 735 12 753 22 1254 12 1272 22 1773 12 1791 10 1805 8 2294 10 2310 10 2324 10 2813 10 2829 12 2843 10 3334 10 3348 12 3362 12 3853 10 3869 24 4372 12 4388 12 4402 10 4885 18 4907 14 4925 4 5402 20 5426 14 5921 22 5947 14 6440 22 6464 16 6959 42 7476 26 7504 16 7995 26 8023 16 8514 26 8544 16 9033 26 9063 16 9552 12 9570 8 9584 16 10071 12 10089 8 10103 16 10590 12 10608 8 10622 18 11109 14 11129 6 11143 16 11626 16 11646 8 11662 16 12145 18 12167 4 12181 16 12664 18 12702 17 13183 18 13223 15 13702 20 13746 11 14221 20 14265 11 14740 22 14786 9 15259 22 15305 9 15780 22 15826 7 16299 22 16818 22 17339 20 17858 20 18379 20 18898 20 19417 20 19938 16 20459 12
ca20076870e8fb604e61802605a9ac45419c82dd3e23404c56c4869f9502a5ef,57845 10 58364 12 58881 16 59400 18 59919 18 60436 22 60955 22 61474 22 61993 24 62512 24 63033 24 63552 24 64073 22 64592 24 65111 24 65632 25 66151 27 66672 27 67191 27 67712 27 68233 27 68754 25 69275 23 69796 21 70317 19 70838 17 71357 17 71878 15 72397 15 72918 13 73439 9
ca20076870e8fb604e61802605a9ac45419c82dd3e23404c56c4869f9502a5ef,36582 11 37101 11 37618 15 38137 15 38656 15 39175 17 39694 17 40213 19 40732 19 41251 21 41772 19 42291 21 42810 21 43331 19 43850 21 44371 19 44892 17 45413 17 45932 17 46454 18 46975 18 47494 18 48015 14 48536 14 49055 16 49576 14 50097 12 50618 10 51137 10
ca20076870e8fb604e61802605a9ac45419c82dd3e23404c56c4869f9502a5ef,30360 9 30877 13 31396 15 31915 15 32434 15 32953 15 33474 13 33993 11 34512 11 35033 5
ca20076870e8fb604e61802605a9ac45419c82dd3e23404c56c4869f9502a5ef,54251 2 54768 6 55287 10 55806 12 56325 12 56844 14 57363 14 57880 18 58399 18 58918 18 59439 20 59958 20 60477 22 60996 24 61517 24 62036 24 62555 26 63076 24 63595 24 64116 22 64635 22 65156 20 65677 18 66196 18 66717 16 67236 16 67757 12 68278 8
ca20076870e8fb604e61802605a9ac45419c82dd3e23404c56c4869f9502a5ef,20003 6 20522 6 21039 10 21558 10 22079 10 22598 12 23117 12 23638 12 24157 12 24676 12 25197 12 25716 12 26235 14 26754 14 27273 14 27794 14 28313 14 28832 16 29351 16 29870 18 30389 18 30910 16 31429 16 31948 18 32469 16 32988 18 33509 16 34028 16 34547 16 35068 14 35587 14 36106 16 36627 14 37146 14 37665 14 38186 12 38705 12 39226 8 39745 8 40266 6 40787 4 41308 10 41827 12 42346 12 42865 14 43384 14 43903 16 44422 16 44941 18 45460 18 45979 18 46498 20 47017 20 47538 18 48057 18 48576 20 49095 20 49614 20 50135 18 50654 18 51173 18 51692 20 52211 20 52732 18 53251 18 53770 18 54291 18 54810 18 55331 16 55850 16 56371 14 56890 14 57409 14 57928 14 58447 14 58968 12 59487 12 60008 10 60527 8 61048 4
ca20076870e8fb604e61802605a9ac45419c82dd3e23404c56c4869f9502a5ef,13781 2
ca20076870e8fb604e61802605a9ac45419c82dd3e23404c56c4869f9502a5ef,295 16 814 18 1333 18 1854 16 2373 18 2892 18 3411 18 3932 16 4451 16 4972 12 5491 12 6012 10 6531 8 7054 2
ca20076870e8fb604e61802605a9ac45419c82dd3e23404c56c4869f9502a5ef,13278 4 13795 8 14314 8 14833 10 15352 10 15871 12 16390 12 16909 12 17428 12 17947 12 18466 12 18987 10 19506 10 20025 12 20544 12 21063 12 21582 12 22101 12 22622 8 23141 8 23660 8 24181 4
ca20076870e8fb604e61802605a9ac45419c82dd3e23404c56c4869f9502a5ef,69344 2 69861 6 70382 4 70901 6 71420 6 71939 8 72460 6 72979 6 73498 8 74019 6 74538 6 75057 6 75578 6 76097 6 76616 6 77137 4 77656 6 78175 6 78694 6 79215 4
ca20076870e8fb604e61802605a9ac45419c82dd3e23404c56c4869f9502a5ef,319 17 344 10 836 21 861 12 1355 21 1380 12 1876 19 1899 12 2395 19 2418 12 2914 19 2939 10 3433 19 3458 10 3952 19 3977 10 4471 19 4496 10 4990 19 5015 10 5509 19 5534 10 6028 19 6053 12 6547 19 6572 12 7066 19 7091 12 7585 19 7610 12 8104 19 8129 12 8623 21 8646 12 9142 35 9663 35 10182 33 10701 33 11218 35 11739 33 12258 33 12777 33 13298 31 13819 27 14338 27 14857 27 15376 27 15897 25 16416 23 16935 23 17456 21 17979 17 18501 12 19022 10 19543 6
ca20076870e8fb604e61802605a9ac45419c82dd3e23404c56c4869f9502a5ef,59001 8 59520 12 60037 14 60556 14 61075 14 61594 16 62113 16 62632 16 63151 16 63670 16 64191 16 64710 16 65229 16 65750 14 66269 14 66790 12 67309 12 67828 12 68337 8 68349 12 68854 10 68868 12 69371 14 69387 14 69890 14 69906 14 70409 30 70928 30 71449 28 71968 28 72487 28 73006 28 73525 28 74044 28 74563 28 75082 28 75603 28 76122 28 76641 28 77162 26 77681 26 78200 26 78719 26 79238 26 79759 26 80278 26 80797 26 81316 26 81837 24 82356 24 82875 24 83394 22
ca20076870e8fb604e61802605a9ac45419c82dd3e23404c56c4869f9502a5ef,37225 4 37744 6 38261 8 38780 8 39299 10 39818 12 40337 12 40856 14 41375 14 41894 16 42413 16 42932 16 43451 16 43970 18 44487 20 45006 20 45523 22 46034 30 46551 32 47070 34 47587 38 48106 40 48625 40 49144 42 49663 42 50184 40 50703 42 51222 42 51741 42 52260 42 52781 40 53300 40 53819 40 54340 38 54859 38 55378 38 55897 38 56418 36 56937 36 57458 34 57977 34 58496 34 59017 32 59538 32 60057 32 60578 30 61097 30 61618 28 62139 26 62660 24 63181 24 63700 22 64219 22 64738 22 65259 20 65780 18 66301 16 66824 10 67345 8
ca20076870e8fb604e61802605a9ac45419c82dd3e23404c56c4869f9502a5ef,7115 18 7634 20 8153 22 8672 22 9189 24 9708 26 9740 10 10227 42 10746 45 11265 45 11784 45 12303 45 12822 45 13343 43 13862 43 14381 40 14900 32 15421 28 15940 28 16459 30 16978 30 17499 28 18018 28 18537 28 19056 28 19575 28 20096 24 20615 24 21136 24 21655 22 22174 22 22693 22 23214 20 23733 20 24252 20 24773 18 25292 16 25813 14 26332 14 26853 12 27374 8
ca20076870e8fb604e61802605a9ac45419c82dd3e23404c56c4869f9502a5ef,901 6 1420 8 1939 8 2460 6 2979 6 3500 4 4019 4
ca20076870e8fb604e61802605a9ac45419c82dd3e23404c56c4869f9502a5ef,54411 2 54928 10 55443 16 55962 18 56479 20 56996 24 57515 24 58034 26 58553 26 59072 26 59591 28 60108 30 60627 30 61146 30 61665 28 62184 28 62703 28 63224 26 63743 26 64262 26 64781 26 65300 24 65821 22 66340 20 66859 20 67378 18 67897 18 68420 12 68941 8
ca20076870e8fb604e61802605a9ac45419c82dd3e23404c56c4869f9502a5ef,429 8 946 10 1467 8
ca20076870e8fb604e61802605a9ac45419c82dd3e23404c56c4869f9502a5ef,30018 2 30535 8 31052 10 31571 10 32092 10 32611 8 33132 6
ca20076870e8fb604e61802605a9ac45419c82dd3e23404c56c4869f9502a5ef,40398 2 40915 6 41434 6 41953 6 42474 6 42993 8 43512 10 44031 10 44550 10 45069 12 45586 14 46105 14 46624 16 47143 16 47662 16 48181 16 48702 14 49221 14 49740 14 50261 16 50780 18 51301 16 51822 14 52343 12 52864 10 53383 10 53902 10 54423 6
ca20076870e8fb604e61802605a9ac45419c82dd3e23404c56c4869f9502a5ef,71021 2 71540 2 72059 2 72578 2 73095 8 73614 8 74133 8 74654 4
ca20076870e8fb604e61802605a9ac45419c82dd3e23404c56c4869f9502a5ef,76750 12 77267 16 77784 18 78303 20 78820 22 79339 24 79856 26 80375 26 80892 30 81411 30 81930 30 82449 30 82966 32 83487 30
ca20076870e8fb604e61802605a9ac45419c82dd3e23404c56c4869f9502a5ef,23820 4 24339 4 24856 8 25375 8 25894 8 26413 10 26932 10 27451 12 27968 14 28487 14 28998 22 29517 22 30036 22 30553 24 31072 26 31591 26 32110 26 32627 28 33146 30 33665 30 34184 32 34703 32 35220 37 35739 37 36258 34 36777 34 37296 34 37817 32 38336 32 38857 30 39376 28 39897 26 40426 14 40945 14 41464 12 41985 8 42504 8 43025 2
ca20076870e8fb604e61802605a9ac45419c82dd3e23404c56c4869f9502a5ef,4098 4 4613 12 5132 14 5649 16 6168 18 6687 18 7206 18 7725 18 8244 20 8763 20 9280 22 9799 22 10318 24 10837 24 11358 22 11877 22 12396 25 12915 25 13434 27 13955 27 14474 27 14993 27 15514 25 16033 25 16552 25 17071 25 17592 25 18111 25 18630 23 19151 21 19670 21 20189 19 20708 19 21229 19 21748 19 22271 15 22794 11 23317 7
ca20076870e8fb604e61802605a9ac45419c82dd3e23404c56c4869f9502a5ef,46681 4 47198 8 47717 10 48234 14 48753 14 49272 14 49791 16 50310 16 50814 6 50829 16 51331 10 51348 16 51850 10 51867 18 52369 12 52386 18 52886 37 53405 37 53924 37 54443 39 54962 39 55479 41 55998 41 56517 41 57036 41 57555 41 58072 43 58593 41 59112 41 59631 27 59660 12 60150 27 60179 12 60669 25 60700 8 61188 25 61219 8 61707 25 61740 2 62226 25 62745 23 63264 23 63783 23 64304 21 64823 21 65342 19 65863 15 66384 10
ca20076870e8fb604e61802605a9ac45419c82dd3e23404c56c4869f9502a5ef,30583 7 31102 9 31621 11 32140 11 32659 11 33181 8 33702 6 34223 4
ca20076870e8fb604e61802605a9ac45419c82dd3e23404c56c4869f9502a5ef,70579 6 71094 10 71613 10 72126 16 72643 18 73160 20 73679 20 74196 22 74715 22 75234 22 75753 22 76272 22 76789 24 77308 24 77827 24 78346 24 78865 24 79384 24 79903 24 80422 24 80939 26 81458 26 81977 26 82494 28 83013 28 83532 28
ca20076870e8fb604e61802605a9ac45419c82dd3e23404c56c4869f9502a5ef,494 24 1013 26 1532 26 2053 24 2572 14 2588 8 3091 14 3107 8 3612 10 3626 8 4131 10 4145 8 4650 8 4664 8 5171 6 5183 8 5688 8 5704 6 6207 8 6225 4 6726 8 6744 2 7245 6
17b9bf4356db24967c4677b8376ac38f826de73a88b93a8d73a8b452e399cdff,17 16 57 20 529 16 569 20 1041 16 1081 20 1541 92 2053 92 2563 100 3075 100 3587 100 4099 106 4611 106 5123 106 5637 102 6149 102 6663 96 7175 96 7687 96 8197 98 8709 98 9221 98 9733 26 9765 66 10245 26 10277 66 10757 22 10791 66 11269 22 11303 66 11781 22 11815 66 12293 18 12331 64 12805 18 12843 64 13317 18 13355 64 13829 20 13851 2 13869 10 13889 42 14341 20 14363 2 14381 10 14401 42 14853 28 14899 2 14917 38 15365 28 15411 2 15429 38 15877 28 15923 2 15941 38 16389 32 16455 18 16475 14 16901 32 16967 18 16987 14 17413 32 17479 18 17499 14 17925 32 17993 16 18013 16 18437 32 18505 16 18525 16 18949 32 19019 30 19051 2 19461 32 19531 30 19563 2 19973 32 20043 30 20075 2 20485 30 20557 24 20587 4 20997 30 21069 24 21099 4 21509 32 21581 24 21611 6 22021 32 22093 24 22123 6 22533 32 22605 24 22635 6 23045 36 23119 22 23145 8 23557 36 23631 22 23657 8 24069 36 24143 22 24169 8 24581 10 24595 22 24657 32 25093 10 25107 22 25169 32 25607 6 25623 18 25683 30 26119 6 26135 18 26195 30 26631 6 26647 18 26707 30 27143 6 27163 14 27221 24 27655 6 27675 14 27733 24 28167 6 28187 14 28245 24 28699 12 28759 18 29211 12 29271 18 29785 12 30297 12 30809 12
17b9bf4356db24967c4677b8376ac38f826de73a88b93a8d73a8b452e399cdff,39429 4 39941 4 40453 4 40965 6 41477 6 41989 6 42501 6 43013 6 43527 6 44039 6 44551 6 45063 8 45575 8 46089 6 46601 6 47113 6 47629 2 48141 2 48653 2 49159 8 49671 8 50185 4 50191 2 50697 4 50703 2 51209 4 51215 2 51721 2 52233 2 52745 2
17b9bf4356db24967c4677b8376ac38f826de73a88b93a8d73a8b452e399cdff,55823 2 56335 2 56847 2 57355 14 57867 14 58381 12 58893 12 59405 12 59919 8 60431 8 60943 8
17b9bf4356db24967c4677b8376ac38f826de73a88b93a8d73a8b452e399cdff,31251 2 31763 2 32275 2 32787 6 33299 6 33813 4 34325 4 34837 4 35351 2 35863 2 36375 2
17b9bf4356db24967c4677b8376ac38f826de73a88b93a8d73a8b452e399cdff,36891 2 37403 2
17b9bf4356db24967c4677b8376ac38f826de73a88b93a8d73a8b452e399cdff,165927 8 166439 8 166951 8 167455 18 167967 18 168479 18 168991 18 169503 18 170017 14 170529 14 171041 14 171557 10 172069 10 172581 10 173093 10 173605 10 174117 10 174629 10 175141 10 175653 10 176165 10 176677 10 177189 10 177701 10 178211 12 178723 12 179235 12 179747 10 180259 10 180771 10 181283 10 181795 10 182309 6 182821 6 183333 6 183847 2 184359 2
17b9bf4356db24967c4677b8376ac38f826de73a88b93a8d73a8b452e399cdff,20519 2 21031 2
17b9bf4356db24967c4677b8376ac38f826de73a88b93a8d73a8b452e399cdff,21569 2 22081 2 22593 2 23103 4 23615 4 24127 4
17b9bf4356db24967c4677b8376ac38f826de73a88b93a8d73a8b452e399cdff,130683 4 131195 4 131707 4 132217 8 132729 8 133225 4 133239 10 133737 4 133751 10 134249 4 134263 10 134759 10 134773 10 135271 10 135285 10 135783 10 135797 10 136301 2 136305 2 136309 8 136813 2 136817 2 136821 8 137327 8 137839 8 138351 8
17b9bf4356db24967c4677b8376ac38f826de73a88b93a8d73a8b452e399cdff,114287 2 114799 2 115311 2
17b9bf4356db24967c4677b8376ac38f826de73a88b93a8d73a8b452e399cdff,1649 12 1667 2 2161 12 2179 2 2673 24 3185 24 3697 24 4211 26 4723 26 5235 26 5751 24 6263 24 6779 4 6793 2 7291 4 7305 2 7803 4 7817 2
17b9bf4356db24967c4677b8376ac38f826de73a88b93a8d73a8b452e399cdff,33911 2 34423 2 34935 2 35447 2 35959 2 36471 2
17b9bf4356db24967c4677b8376ac38f826de73a88b93a8d73a8b452e399cdff,111753 22 112265 22 112777 24 113289 24 113801 24 114311 26 114823 26 115335 26 115847 22 116359 22 116873 18 117385 18 117897 18 118413 2 118417 2 118421 2 118925 2 118929 2 118933 2 119437 2 119441 2 119445 2
17b9bf4356db24967c4677b8376ac38f826de73a88b93a8d73a8b452e399cdff,60059 2 60571 2 61083 2 61591 14 62103 14 62617 16 63129 16 63641 16 64155 16 64667 16 65179 16 65695 8 66207 8
17b9bf4356db24967c4677b8376ac38f826de73a88b93a8d73a8b452e399cdff,80603 12 81115 12 81577 2 81621 20 82089 2 82133 20 82601 2 82645 20 83109 6 83129 14 83145 32 83621 6 83641 14 83657 32 84133 6 84153 14 84169 32 84645 10 84665 48 85157 10 85177 48 85673 60 86185 60 86697 60 87209 2 87213 26 87241 2 87245 22 87721 2 87725 26 87753 2 87757 22 88233 2 88237 26 88265 2 88269 22 88761 2 88773 2 88777 24 89273 2 89285 2 89289 24 89801 24 90313 24 90825 24 91323 2 91327 32 91835 2 91839 32 92347 2 92351 32 92857 36 93369 36 93873 40 94385 40 94897 40 95407 42 95919 42 96431 42 96943 40 97455 40 97969 34 98481 34 98993 34 99505 30 100017 30 100529 30 101041 26 101553 26 102065 22 102577 22 103089 22 103599 22 104111 22 104623 22 105133 22 105645 22 106161 14 106673 14 107185 14 107697 6 108209 6 108721 6
17b9bf4356db24967c4677b8376ac38f826de73a88b93a8d73a8b452e399cdff,1755 20 2267 20 2729 6 2753 50 2805 2 3241 6 3265 50 3317 2 3753 6 3777 50 3829 2 4265 80 4777 80 5289 80 5801 80 6313 80 6829 2 6833 6 6841 2 6849 54 7341 2 7345 6 7353 2 7361 54 7853 2 7857 6 7865 2 7873 54 8389 50 8901 50 9413 50 9923 44 9969 2 9973 2 10435 44 10481 2 10485 2 10949 2 10953 34 11461 2 11465 34 11973 2 11977 34 12475 20 12497 2 12501 2 12513 2 12987 20 13009 2 13013 2 13025 2 13499 20 13521 2 13525 2 13537 2 14009 22 14045 2 14049 2 14077 2 14081 2 14521 22 14557 2 14561 2 14589 2 14593 2 15033 22 15065 10 15077 2 15081 10 15093 14 15109 2 15545 22 15577 10 15589 2 15593 10 15605 14 15621 2 16057 22 16089 10 16101 2 16105 10 16117 14 16133 2 16567 24 16599 48 17079 24 17111 48 17591 24 17623 48 18103 84 18615 84 19127 36 19165 2 19169 22 19193 10 19205 2 19209 2 19639 36 19677 2 19681 22 19705 10 19717 2 19721 2 20151 36 20189 2 20193 22 20217 10 20229 2 20233 2 20673 66 21185 66 21697 50 21749 10 21761 2 22209 50 22261 10 22273 2 22721 50 22773 10 22785 2 23233 10 23245 54 23745 10 23757 54 24257 10 24269 54 24765 10 24789 46 25277 10 25301 46 25787 8 25817 30 25849 12 26299 8 26329 30 26361 12 26811 8 26841 30 26873 12 27321 10 27349 2 27353 2 27357 22 27393 4 27833 10 27861 2 27865 2 27869 22 27905 4 28345 10 28373 2 28377 2 28381 22 28417 4 28857 6 28881 32 28931 2 29369 6 29393 32 29443 2 29881 2 29905 10 29917 2 29921 2 30393 2 30417 10 30429 2 30433 2 30905 2 30929 10 30941 2 30945 2 31439 14 31951 14 32463 14 32977 2 32981 2 32985 2 33489 2 33493 2 33497 2 34003 6 34515 6 35027 6 35537 6 36049 6 36561 6 37073 2 37585 2
17b9bf4356db24967c4677b8376ac38f826de73a88b93a8d73a8b452e399cdff,74929 2 74933 2 75441 2 75445 2 75953 2 75957 2 76463 8 76975 8 77485 10 77997 10 78509 10 79021 10 79533 10 80045 10 80557 10 81069 10
17b9bf4356db24967c4677b8376ac38f826de73a88b93a8d73a8b452e399cdff,55985 4 56497 4 57009 4 57519 6 58031 6 58545 2 59057 2 59569 2
17b9bf4356db24967c4677b8376ac38f826de73a88b93a8d73a8b452e399cdff,35511 4 36023 4 36535 4
17b9bf4356db24967c4677b8376ac38f826de73a88b93a8d73a8b452e399cdff,38077 6 38589 6 39101 6 39613 6 39627 2 39631 4 40125 6 40139 2 40143 4 40637 6 40651 2 40655 4 41149 26 41661 26 42177 24 42689 24 43201 24 43717 18 44229 18 44741 18 45261 2 45773 2
17b9bf4356db24967c4677b8376ac38f826de73a88b93a8d73a8b452e399cdff,31487 2 31999 2 32511 2 33019 8 33531 8 34043 8 34555 8 35067 8 35579 6 36091 6 36603 6
17b9bf4356db24967c4677b8376ac38f826de73a88b93a8d73a8b452e399cdff,24869 2 25381 2 25889 10 26401 10 26913 10 27415 20 27927 20 28439 20 28949 24 29461 24 29971 26 30483 26 30995 26 31505 26 32017 26 32529 26 33033 34 33545 34 34055 36 34567 36 35079 36 35589 38 36101 38 36613 38 37127 34 37639 34 38151 34 38663 34 39175 34 39689 30 40201 30 40713 30 41225 28 41737 28 42243 32 42755 32 43267 32 43779 30 44291 30 44803 30 45313 30 45825 30 46339 26 46851 26 47363 26 47877 22 48389 22 48901 22 49417 18 49929 18 50443 14 50955 14 51467 14
17b9bf4356db24967c4677b8376ac38f826de73a88b93a8d73a8b452e399cdff,19233 4 19745 4 20257 4 20769 4 21281 4
17b9bf4356db24967c4677b8376ac38f826de73a88b93a8d73a8b452e399cdff,143349 12 143861 12 144373 12 144885 12 145397 12 145907 14 146419 14 146931 14 147435 22 147947 22 148459 22 148965 28 149477 28 149987 30 150499 30 151011 30 151519 10 151531 22 152031 10 152043 22 152543 10 152555 22 153055 6 153071 18 153567 6 153583 18 154077 6 154095 18 154589 6 154607 18 155101 6 155119 18 155631 18 156143 18 156653 20 157165 20 157677 20 158185 24 158697 24 159209 24 159697 16 159717 28 160209 16 160229 28 160717 52 161229 52 161741 52 162249 56 162761 56 163273 56 163781 60 164293 60 164801 64 165313 64 165825 64 166335 16 166357 44 166847 16 166869 44 167359 16 167381 44 167869 16 167891 46 168381 16 168403 46 168891 18 168917 44 169403 18 169429 44 169915 18 169941 44 170423 74 170935 74 171447 74 171959 74 172471 74 172981 76 173493 76 174005 76 174515 78 175027 78 175539 78 176049 80 176561 80 177071 82 177583 82 178095 82 178605 84 179117 84 179629 84 180137 88 180649 88 181159 90 181671 90 182183 90 182695 22 182719 66 183207 22 183231 66 183719 22 183743 66 184231 16 184257 64 184743 16 184769 64 185255 14 185283 62 185767 14 185795 62 186279 14 186307 62 186789 14 186821 60 187301 14 187333 60 187813 14 187845 60 188325 10 188355 62 188837 10 188867 62 189349 10 189377 64 189861 10 189889 64 190373 10 190401 64 190885 10 190911 66 191397 10 191423 66 191909 10 191935 66 192423 8 192445 68 192935 8 192957 68 193447 6 193463 74 193959 6 193975 74 194471 6 194487 74 194983 6 194999 74 195495 6 195511 74 196007 6 196023 74 196535 74 197047 74 197559 74 198071 74 198583 74 199093 76 199605 76 200119 32 200153 40 200631 32 200665 40 201143 32 201177 40 201661 24 201687 42 202173 24 202199 42 202685 24 202711 42 203201 64 203713 64 204227 62 204739 62 205251 62 205745 2 205753 4 205767 58 206257 2 206265 4 206279 58 206769 2 206777 4 206791 58 207279 16 207301 60 207791 16 207813 60 208305 14 208325 60 208817 14 208837 60 209329 14 209349 60 209839 12 209857 64 210351 12 210369 64 210863 12 210881 64 211375 82 211887 82 212399 82 212911 82 213423 82 213937 80 214449 80 214961 80 215477 76 215989 76 216497 22 216523 54 217009 22 217035 54 217521 22 217547 54 218033 16 218063 50 218545 16 218575 50 219057 16 219087 50 219567 16 219599 50 220079 16 220111 50 220591 16 220623 50 221103 16 221135 50 221615 16 221647 50 222125 16 222149 60 222637 16 222661 60 223149 16 223173 60 223659 18 223683 62 224171 18 224195 62 224683 16 224721 48 225195 16 225233 48 225707 16 225745 48 226215 12 226229 2 226247 4 226259 46 226727 12 226741 2 226759 4 226771 46 227239 12 227253 2 227271 4 227283 46 227749 14 227783 6 227795 46 228261 14 228295 6 228307 46 228777 16 228807 58 229289 16 229319 58 229801 16 229831 58 230317 16 230345 56 230829 16 230857 56 231341 16 231369 56 231851 20 231883 54 232363 20 232395 54 232871 20 232905 56 233383 20 233417 56 233895 20 233929 56 234405 16 234441 56 234917 16 234953 56 235429 16 235465 56 235939 16 235977 56 236451 16 236489 56 236961 16 237001 56 237473 16 237513 56 237985 16 238025 56 238495 2 238499 14 238539 54 239007 2 239011 14 239051 54 239519 2 239523 14 239563 54 240073 54 240585 54 241099 52 241611 52 242123 52 242635 52 243147 52 243659 52 244171 52 244683 52 245193 54 245705 54 246217 54 246729 56 247241 56 247755 54 248267 54 248779 54 249293 52 249805 52 250317 52 250831 50 251343 50 251855 50 252367 50 252879 50 253391 12 253405 36 253903 12 253917 36 254415 12 254429 36 254927 8 254947 30 255439 8 255459 30 255951 10 255973 2 255985 14 256463 10 256485 2 256497 14 256975 10 256997 2 257009 14 257485 14 257525 8 257997 14 258037 8 258509 14 258549 8 259019 30 259065 2 259531 30 259577 2 260041 52 260553 52 261065 52 261573 58 262085 58 262597 58 263107 62 263619 62 264129 64 264641 64 265153 64 265663 66 266175 66 266687 66 267197 68 267709 68 268221 68 268733 68 269245 68 269757 68 270269 68 270781 68 271291 70 271803 70 272315 70 272827 70 273339 70 273851 70 274363 70 274875 70 275385 72 275897 72 276411 70 276923 70 277435 70 277947 70 278459 70 278971 70 279489 64 280001 64 280517 58 281029 58 281541 58 282075 38 282587 38 283099 38 283615 10 283631 18 284127 10 284143 18 284657 16 285169 16 285681 16 286191 18 286703 18 287215 18 287727 18 288239 18 288727 4 288749 20 289239 4 289261 20 289751 4 289773 20 290257 6 290265 6 290281 24 290769 6 290777 6 290793 24 291279 50 291791 50 292303 50 292813 52 293325 52 293837 52 294349 52 294861 52 295373 52 295885 52 296397 52 296921 40 297433 40 297945 40 298461 34 298973 34 299457 62 299969 62 300481 62 300991 56 301049 4 301503 56 301561 4 302015 56 302073 4 302533 42 303045 42 303561 26 304073 26 304585 26 305101 16 305133 2 305143 8 305613 16 305645 2 305655 8 306125 16 306157 2 306167 8 306647 6 306665 24 307159 6 307177 24 307665 48 308177 48 308689 48 309199 50 309711 50 310223 50 310735 50 311247 50 311759 50 312271 50 312783 50 313289 56 313801 56 314313 56 314827 54 315339 54 315851 54 316363 54 316875 54 317389 52 317901 52 318413 52 318917 60 319429 60 319937 64 320449 64 320961 64 321471 66 321983 66 322495 66 323005 68 323517 68 324029 68 324541 68 325053 68 325567 66 326079 66 326591 66 326993 20 327107 62 327505 20 327619 62 328013 30 328133 60 328525 30 328645 60 329037 30 329157 60 329545 38 329667 62 330057 38 330179 62 330567 56 330685 68 331079 56 331197 68 331591 56 331709 68 332101 62 332219 70 332613 62 332731 70 333125 62 333243 70 333635 72 333755 24 333781 2 333785 40 334147 72 334267 24 334293 2 334297 40 334657 42 334707 26 334781 18 334807 28 334841 6 335169 42 335219 26 335293 18 335319 28 335353 6 335681 42 335731 26 335805 18 335831 28 335865 6 336191 48 336257 12 336319 16 336341 26 336379 2 336703 48 336769 12 336831 16 336853 26 336891 2 337215 48 337281 12 337343 16 337365 26 337403 2 337725 54 337859 60 338237 54 338371 60 338747 64 338841 2 338885 60 339259 64 339353 2 339397 60 339771 64 339865 2 339909 60 340281 72 340373 16 340395 18 340419 62 340793 72 340885 16 340907 18 340931 62 341305 72 341397 16 341419 18 341443 62 341817 30 341853 42 341909 108 342329 30 342365 42 342421 108 342841 30 342877 50 342929 112 343353 30 343389 50 343441 112 343865 30 343901 50 343953 112 344379 20 344409 168 344891 20 344921 168 345403 20 345433 168 345919 16 345945 144 346091 22 346431 16 346457 144 346603 22 346945 12 346973 24 347001 34 347037 2 347041 48 347097 10 347117 20 347457 12 347485 24 347513 34 347549 2 347553 48 347609 10 347629 20 347969 12 347997 24 348025 34 348061 2 348065 48 348121 10 348141 20
17b9bf4356db24967c4677b8376ac38f826de73a88b93a8d73a8b452e399cdff,300893 12 301405 12 301917 12 302427 14 302939 14 303451 14 303963 14 304475 14 304985 16 305497 16 306009 16 306521 16 307033 16 307545 14 308057 14 308569 14 309081 14 309593 14 310105 14 310619 10 311131 10 311645 6 312157 6 312669 6
17b9bf4356db24967c4677b8376ac38f826de73a88b93a8d73a8b452e399cdff,259955 4 260467 4 260979 4 261489 8 262001 8 262513 8 263023 10 263535 10 264047 10 264559 10 265071 10 265581 10 266093 10 266605 10 267117 10 267629 10 268141 10 268653 10 269165 10 269675 14 270187 14 270699 14 271209 18 271721 18 272231 20 272743 20 273255 20 273767 16 274279 16 274791 16 275303 16 275815 16 276327 16 276839 16 277351 16 277863 18 278375 18 278887 18 279401 8 279411 4 279913 8 279923 4
17b9bf4356db24967c4677b8376ac38f826de73a88b93a8d73a8b452e399cdff,281961 2 282473 2 282985 2 283497 6 284009 6 284519 6 285031 6 285543 6 286055 8 286567 8
17b9bf4356db24967c4677b8376ac38f826de73a88b93a8d73a8b452e399cdff,318823 4 319335 4 319849 4 320361 4 320873 4
17b9bf4356db24967c4677b8376ac38f826de73a88b93a8d73a8b452e399cdff,294291 8 294803 8 295319 4 295831 4 296343 4 296851 8 297363 8 297875 8 298387 8 298899 8 299393 4 299407 12 299905 4 299919 12 300417 4 300431 12 300927 6 300939 18 301439 6 301451 18 301951 6 301963 18 302463 26 302975 26 303491 20 304003 20 304515 20 305027 18 305539 18 306051 18 306569 10 307081 10 307591 10 307609 6 308103 10 308121 6 308615 10 308633 6 309127 6 309145 6 309639 6 309657 6 310151 6 310169 6 310649 6 310659 10 310677 8 311161 6 311171 10 311189 8 311673 22 311699 10 312185 22 312211 10 312697 22 312723 10 313211 34 313723 34 314235 34 314749 32 315261 32 315777 24 316289 24 316801 24 317319 16 317831 16 318343 16 318857 10 319369 10 319881 2 320393 2 320905 2 321409 10 321921 10 322433 10 322937 18 323449 18 323963 16 324475 16 324987 16
17b9bf4356db24967c4677b8376ac38f826de73a88b93a8d73a8b452e399cdff,230273 4 230785 4 231297 4 231807 12 232319 12 232829 18 233341 18 233853 18 234365 18 234877 18 235389 18 235899 20 236411 20 236925 14 237437 14 237949 14 238461 12 238973 12 239485 12 239999 8 240511 8 241023 8 241535 8 242047 8
17b9bf4356db24967c4677b8376ac38f826de73a88b93a8d73a8b452e399cdff,283527 6 284039 6 284545 10 285057 10 285569 10 286077 14 286589 14 287103 14 287615 14 288127 14 288643 14 289155 14 289667 14 290185 2 290189 2 290697 2 290701 2
17b9bf4356db24967c4677b8376ac38f826de73a88b93a8d73a8b452e399cdff,254847 2 255359 2
17b9bf4356db24967c4677b8376ac38f826de73a88b93a8d73a8b452e399cdff,224641 4 225153 4 225665 4 226177 6 226689 6 227201 6 227713 4 228225 4
17b9bf4356db24967c4677b8376ac38f826de73a88b93a8d73a8b452e399cdff,199063 4 199575 4 200085 8 200597 8 201109 8 201613 18 202125 18 202637 18 203147 20 203659 20 204171 14 204683 14 205195 14 205707 12 206219 12 206731 12 207243 10 207755 10 208267 8 208779 8 209291 8
17b9bf4356db24967c4677b8376ac38f826de73a88b93a8d73a8b452e399cdff,292749 2 293261 2 293773 2
17b9bf4356db24967c4677b8376ac38f826de73a88b93a8d73a8b452e399cdff,271259 6 271771 6 272281 10 272793 10 273305 10 273815 12 274327 12 274839 12 275349 6 275357 2 275861 6 275869 2 276369 8 276881 8 277393 8 277903 8 278415 8 278927 8 279441 4 279953 4
17b9bf4356db24967c4677b8376ac38f826de73a88b93a8d73a8b452e399cdff,323991 4 324005 4 324503 4 324517 4 325015 4 325029 4 325523 10 325537 6 326035 10 326049 6 326547 10 326561 6 327057 22 327569 22 328083 20 328595 20 329107 20 329619 18 330131 18 330643 12 331155 12 331667 12 332181 10 332693 10 333205 10
17b9bf4356db24967c4677b8376ac38f826de73a88b93a8d73a8b452e399cdff,254869 12 255381 12 255895 14 256407 14 256919 14 257437 6 257949 6 258461 6
17b9bf4356db24967c4677b8376ac38f826de73a88b93a8d73a8b452e399cdff,277919 2 278431 2 278943 2 279453 8 279965 8 280477 6 280989 6 281501 6 282011 6 282523 6 283035 6 283543 8 284055 8 284567 6 285079 6 285591 6
17b9bf4356db24967c4677b8376ac38f826de73a88b93a8d73a8b452e399cdff,261547 4 262059 4 262571 4 263081 6 263593 6 264103 8 264615 8 265127 8 265643 4 266155 4 266667 4
17b9bf4356db24967c4677b8376ac38f826de73a88b93a8d73a8b452e399cdff,249267 2 249779 2 250291 2 250799 6 251311 6 251819 6 252331 6 252843 6
17b9bf4356db24967c4677b8376ac38f826de73a88b93a8d73a8b452e399cdff,240055 4 240567 4 241075 12 241587 12 242099 12 242605 12 243117 12
17b9bf4356db24967c4677b8376ac38f826de73a88b93a8d73a8b452e399cdff,242625 6 243137 6
52b267e20519174e3ce1e1994b5d677804b16bc670aa5f6ffb6344a0fdf63fde,18983 6 19243 6 19501 10 19761 11 20021 12 20281 12 20541 12 20801 12 21061 11 21321 11 21582 8 21843 4
52b267e20519174e3ce1e1994b5d677804b16bc670aa5f6ffb6344a0fdf63fde,27562 3 27821 5 28081 6 28341 6 28601 6 28861 7 29121 7 29381 7 29641 7 29901 8 30161 8 30421 7 30681 7 30941 7 31201 7 31461 6 31721 5 31981 5 32241 5 32503 1
52b267e20519174e3ce1e1994b5d677804b16bc670aa5f6ffb6344a0fdf63fde,64224 4 64482 7 64741 9 65001 9 65261 10 65522 9 65782 8 66042 8 66303 6 66564 3 66824 3
52b267e20519174e3ce1e1994b5d677804b16bc670aa5f6ffb6344a0fdf63fde,78524 3 78784 3 79042 8 79301 10 79561 11 79821 11 80081 12 80342 10 80602 9 80862 9 81124 5
52b267e20519174e3ce1e1994b5d677804b16bc670aa5f6ffb6344a0fdf63fde,4164 6 4424 6 4683 8 4942 10 5202 11 5462 11 5722 12 5982 12 6242 13 6502 13 6762 13 7022 14 7283 14 7543 14 7803 14 8063 14 8323 14 8584 12 8844 12 9105 7 9365 7
52b267e20519174e3ce1e1994b5d677804b16bc670aa5f6ffb6344a0fdf63fde,52271 4 52530 7 52789 9 53049 9 53308 11 53568 11 53583 1 53828 20 53868 1 54088 20 54128 1 54348 23 54384 6 54608 24 54642 8 54868 25 54900 9 55128 25 55160 9 55388 27 55417 10 55648 37 55908 37 56168 12 56182 21 56429 10 56443 4 56450 10 56689 9 56712 5 56949 9 56972 5 57209 10 57469 11 57484 1 57729 18 57989 18 58249 18 58509 18 58768 17 59028 17 59285 19 59543 11 59561 2 59802 9 60062 9 60322 6 60582 5 60843 3 61103 3
52b267e20519174e3ce1e1994b5d677804b16bc670aa5f6ffb6344a0fdf63fde,88143 1 88403 3 88663 3 88922 6 89182 6 89442 5 89702 5 89963 2
52b267e20519174e3ce1e1994b5d677804b16bc670aa5f6ffb6344a0fdf63fde,10933 6 11190 10 11450 10 11707 13 11965 14 12224 14 12484 14 12744 11 13004 9 13264 9
52b267e20519174e3ce1e1994b5d677804b16bc670aa5f6ffb6344a0fdf63fde,81654 8 81664 4 81914 8 81924 4 82173 16 82432 17 82692 17 82951 17 83210 16 83470 14 83730 14 83990 13 84250 11 84512 7 84772 7
52b267e20519174e3ce1e1994b5d677804b16bc670aa5f6ffb6344a0fdf63fde,22898 4 23156 7 23416 7 23675 8 23935 8 24195 8 24455 8 24714 9 24974 9 25234 9 25493 10 25752 11 26012 10 26272 10 26533 9 26795 5
52b267e20519174e3ce1e1994b5d677804b16bc670aa5f6ffb6344a0fdf63fde,7305 4 7565 4 7822 9 8081 10 8341 10 8601 11 8860 12 9120 12 9380 12 9640 12 9901 10 10162 9 10422 9 10682 8 10942 7 11202 6 11462 6 11723 3
52b267e20519174e3ce1e1994b5d677804b16bc670aa5f6ffb6344a0fdf63fde,39033 9 39293 9 39550 13 39809 14 40069 14 40328 15 40587 15 40846 15 41106 15 41365 15 41625 12 41884 13 42144 13 42403 14 42663 14 42922 15 43182 15 43442 15 43703 14 43966 11 44226 11 44490 8 44751 9 45011 9 45272 11 45532 12 45793 11 46053 11 46315 10 46575 10 46836 9 47096 9 47358 6
52b267e20519174e3ce1e1994b5d677804b16bc670aa5f6ffb6344a0fdf63fde,58530 6 58790 8 59050 8 59310 9 59569 11 59828 13 60088 13 60343 18 60603 18 60864 17 61124 17 61386 14 61649 8 61909 8
52b267e20519174e3ce1e1994b5d677804b16bc670aa5f6ffb6344a0fdf63fde,72575 4 72835 4 73092 8 73351 9 73610 9 73870 9 74129 8 74388 7 74646 6 74906 6 75165 6 75424 6 75684 6 75944 6 76203 7 76463 7 76723 6 76983 6 77244 5 77505 3 77765 3
52b267e20519174e3ce1e1994b5d677804b16bc670aa5f6ffb6344a0fdf63fde,82460 7 82720 7 82978 12 83236 16 83493 19 83753 19 84010 23 84268 25 84527 26 84787 26 85046 9 85058 15 85307 5 85320 13 85579 14 85839 14 86099 13 86359 13 86619 12 86879 12 87140 10 87401 8 87661 8 87922 6
52b267e20519174e3ce1e1994b5d677804b16bc670aa5f6ffb6344a0fdf63fde,48655 5 48910 19 49170 19 49429 21 49689 22 49948 23 50208 23 50468 23 50729 22 50989 22 51251 20 51515 15 51777 11 52037 11
52b267e20519174e3ce1e1994b5d677804b16bc670aa5f6ffb6344a0fdf63fde,21103 1 21363 1 21621 11 21880 16 22139 17 22399 17 22659 17 22919 15 23179 12 23439 12 23700 9
52b267e20519174e3ce1e1994b5d677804b16bc670aa5f6ffb6344a0fdf63fde,34646 1 34901 7 35161 7 35416 13 35673 15 35931 17 36191 17 36449 16 36708 13 36968 10 37228 10 37489 3
52b267e20519174e3ce1e1994b5d677804b16bc670aa5f6ffb6344a0fdf63fde,43477 8 43735 11 43994 13 44254 13 44513 14 44771 16 45031 16 45290 16 45550 15 45810 13 46070 13 46330 11 46591 6
52b267e20519174e3ce1e1994b5d677804b16bc670aa5f6ffb6344a0fdf63fde,65592 3 65850 6 66110 6 66368 8 66627 8 66887 8 67145 8 67403 8 67660 9 67920 9 68179 8 68437 9 68697 8 68957 8 69216 7 69476 6
52b267e20519174e3ce1e1994b5d677804b16bc670aa5f6ffb6344a0fdf63fde,13059 3 13319 3 13578 6 13838 8 14099 7 14359 7 14620 6 14881 5
52b267e20519174e3ce1e1994b5d677804b16bc670aa5f6ffb6344a0fdf63fde,16225 5 16485 5 16742 10 17001 12 17260 13 17520 13 17779 14 18035 17 18293 19 18553 19 18811 20 19071 19 19331 19 19591 18 19851 17 20096 3 20111 17 20356 3 20371 17 20615 6 20631 16 20874 9 20890 15 21134 25 21394 25 21653 24 21913 24 22173 24 22433 24 22694 23 22954 23 23206 33 23466 33 23725 32 23983 32 24243 32 24502 26 24762 25 25022 24 25282 24 25542 11 25555 9 25802 8 25817 5 26062 6 26322 6
52b267e20519174e3ce1e1994b5d677804b16bc670aa5f6ffb6344a0fdf63fde,55717 2 55977 2 56232 9 56490 11 56748 13 57008 13 57267 14 57526 14 57786 13 58046 13 58306 10 58566 8 58827 6 59087 6
52b267e20519174e3ce1e1994b5d677804b16bc670aa5f6ffb6344a0fdf63fde,62209 5 62468 6 62728 7 62988 7 63248 7 63508 6 63769 4 64029 4
52b267e20519174e3ce1e1994b5d677804b16bc670aa5f6ffb6344a0fdf63fde,15933 1 16192 3 16452 3 16710 6 16970 7 17229 7 17489 7 17749 7 18009 6 18270 3 18530 3
52b267e20519174e3ce1e1994b5d677804b16bc670aa5f6ffb6344a0fdf63fde,2415 5 2675 5 2933 9 3192 11 3452 11 3712 11 3972 11 4232 9 4492 9 4754 5
52b267e20519174e3ce1e1994b5d677804b16bc670aa5f6ffb6344a0fdf63fde,58837 2 59097 2 59355 6 59614 7 59874 7 60134 7 60394 7 60654 6 60915 4 61175 4
52b267e20519174e3ce1e1994b5d677804b16bc670aa5f6ffb6344a0fdf63fde,2430 9 2690 9 2947 14 3205 16 3465 16 3724 17 3984 16 4245 12 4505 12 4766 9
52b267e20519174e3ce1e1994b5d677804b16bc670aa5f6ffb6344a0fdf63fde,14909 8 15166 13 15426 13 15685 14 15944 15 16205 14 16465 14 16727 12 16990 7 17253 4 17513 4
52b267e20519174e3ce1e1994b5d677804b16bc670aa5f6ffb6344a0fdf63fde,56510 12 56769 14 57029 14 57288 15 57546 17 57806 17 58066 17 58324 18 58584 16 58844 12 59104 12 59364 9 59624 7 59885 4 60145 4
52b267e20519174e3ce1e1994b5d677804b16bc670aa5f6ffb6344a0fdf63fde,77309 8 77567 10 77827 10 78086 11 78346 11 78606 10 78866 10 79126 10 79386 9 79648 6 79908 6
52b267e20519174e3ce1e1994b5d677804b16bc670aa5f6ffb6344a0fdf63fde,60417 4 60676 6 60935 7 61195 7 61456 6 61716 7 61976 7 62235 9 62494 11 62754 11 63014 11 63268 16 63528 15 63787 6 63794 7 64047 6 64054 7 64308 5 64569 2
52b267e20519174e3ce1e1994b5d677804b16bc670aa5f6ffb6344a0fdf63fde,8669 5 8928 6 9188 5 9448 5 9708 5 9968 4 10229 2 10489 2
52b267e20519174e3ce1e1994b5d677804b16bc670aa5f6ffb6344a0fdf63fde,41957 6 42217 6 42475 9 42734 11 42993 12 43253 12 43512 13 43771 14 44031 14 44291 14 44550 14 44810 13 45070 13 45330 13 45589 13 45849 12 46109 12 46369 10 46630 6 46891 3 47151 3
52b267e20519174e3ce1e1994b5d677804b16bc670aa5f6ffb6344a0fdf63fde,6081 10 6337 17 6597 17 6856 19 7115 21 7375 22 7635 22 7895 22 8156 21 8416 21 8679 17 8941 15 9208 6 9468 6
52b267e20519174e3ce1e1994b5d677804b16bc670aa5f6ffb6344a0fdf63fde,28187 6 28447 6 28702 13 28960 16 29220 16 29477 19 29737 19 29997 20 30257 20 30517 21 30779 20 31037 22 31297 22 31557 22 31816 23 32075 23 32335 23 32595 21 32856 19 33117 16 33377 16 33640 11 33903 4
52b267e20519174e3ce1e1994b5d677804b16bc670aa5f6ffb6344a0fdf63fde,50557 8 50815 15 51075 15 51334 17 51594 18 51853 19 52113 19 52373 18 52634 16 52894 13 53154 13 53414 13 53674 12 53934 11 54194 11 54454 10 54713 11 54973 10 55233 10 55493 10 55754 9 56014 9 56276 5
52b267e20519174e3ce1e1994b5d677804b16bc670aa5f6ffb6344a0fdf63fde,33667 2 33922 11 34180 14 34440 14 34699 15 34958 16 35218 16 35477 17 35736 18 35995 19 36255 19 36515 18 36774 19 37034 18 37294 18 37554 17 37815 14 38075 12 38335 12 38596 9
52b267e20519174e3ce1e1994b5d677804b16bc670aa5f6ffb6344a0fdf63fde,69547 4 69804 9 70064 9 70323 11 70583 11 70843 10 71103 10 71364 7
52b267e20519174e3ce1e1994b5d677804b16bc670aa5f6ffb6344a0fdf63fde,14951 8 15209 11 15469 11 15728 13 15987 15 16246 18 16506 18 16766 19 17026 20 17287 19 17547 19 17808 18 18068 16 18330 10 18590 10 18852 5
52b267e20519174e3ce1e1994b5d677804b16bc670aa5f6ffb6344a0fdf63fde,86710 4 86970 4 87229 13 87488 16 87748 16 88008 16 88268 16 88528 17 88788 17 89049 16 89310 15 89570 14 89830 14 90092 6
52b267e20519174e3ce1e1994b5d677804b16bc670aa5f6ffb6344a0fdf63fde,38875 3 39132 7 39392 7 39651 9 39910 10 40170 10 40429 11 40689 11 40950 9 41210 9 41471 6
52b267e20519174e3ce1e1994b5d677804b16bc670aa5f6ffb6344a0fdf63fde,78651 3 78911 3 79169 6 79429 6 79689 6 79949 6 80209 4
52b267e20519174e3ce1e1994b5d677804b16bc670aa5f6ffb6344a0fdf63fde,54497 7 54755 10 54998 7 55014 11 55258 7 55274 11 55516 10 55532 13 55775 12 55790 15 56035 12 56050 15 56295 29 56555 29 56814 30 57074 30 57334 28 57593 12 57608 13 57853 10 57870 10 58113 10 58130 10 58373 7 58391 7 58633 5 58895 1 59155 1
52b267e20519174e3ce1e1994b5d677804b16bc670aa5f6ffb6344a0fdf63fde,63837 4 64097 4 64355 7 64614 9 64874 9 65134 9 65393 10 65653 10 65913 10 66173 10 66434 8 66695 6 66955 6
52b267e20519174e3ce1e1994b5d677804b16bc670aa5f6ffb6344a0fdf63fde,69305 8 69565 9 69825 10 70085 10 70343 1 70345 1 70347 8 70601 6 70609 5 70860 8 71120 8 71380 9 71639 11 71899 11 72160 10 72414 2 72420 11 72673 4 72681 10 72933 4 72941 10 73193 6 73201 15 73453 23 73714 23 73974 23 74234 22 74496 20 74760 16 75020 16 75281 16 75542 15 75803 14 76063 14 76324 14 76585 14 76846 12 77106 12 77366 10 77626 10 77641 6 77886 10 77901 6 78146 10 78159 9 78406 10 78417 12 78667 8 78676 12 78927 8 78936 12 79197 11 79458 7
52b267e20519174e3ce1e1994b5d677804b16bc670aa5f6ffb6344a0fdf63fde,59938 1 60198 1 60456 5 60715 6 60975 6 61235 6 61495 6 61756 4 62016 4
52b267e20519174e3ce1e1994b5d677804b16bc670aa5f6ffb6344a0fdf63fde,47721 4 47980 7 48240 7 48499 8 48760 7 49020 6 49280 6
52b267e20519174e3ce1e1994b5d677804b16bc670aa5f6ffb6344a0fdf63fde,84392 2 84649 7 84909 7 85168 9 85426 12 85685 13 85945 13 86204 13 86464 13 86725 11 86985 11 87245 9 87507 5 87767 5
52b267e20519174e3ce1e1994b5d677804b16bc670aa5f6ffb6344a0fdf63fde,32672 5 32931 7 33173 5 33190 9 33433 5 33450 9 33690 14 33708 12 33949 31 34208 32 34468 32 34727 33 34987 33 35247 33 35507 33 35767 33 36029 11 36047 13 36289 11 36307 13 36553 7 36568 12 36813 9 36828 12 37071 13 37089 9 37331 13 37349 9 37588 17 37610 7 37846 20 38105 21 38365 21 38625 21 38885 20 39145 19 39405 19 39666 14 39928 10 40188 10
52b267e20519174e3ce1e1994b5d677804b16bc670aa5f6ffb6344a0fdf63fde,80488 1 80747 9 81007 9 81267 10 81527 10 81787 10 82047 10 82310 6
52b267e20519174e3ce1e1994b5d677804b16bc670aa5f6ffb6344a0fdf63fde,23034 14 23293 18 23553 18 23812 20 24071 20 24331 20 24591 19 24850 20 25109 21 25369 21 25629 23 25889 24 26149 25 26409 25 26670 25 26930 25 27191 24 27451 24 27712 8 27725 10 27986 9 28247 7 28507 7
52b267e20519174e3ce1e1994b5d677804b16bc670aa5f6ffb6344a0fdf63fde,59968 6 60228 6 60487 9 60737 7 60747 10 60995 10 61006 12 61255 10 61266 12 61513 13 61527 10 61771 15 61788 9 62031 15 62048 9 62290 15 62310 6 62549 16 62569 7 62583 4 62809 15 62829 22 63069 15 63089 22 63330 12 63349 23 63593 6 63609 24 63870 24 64130 24 64390 24 64651 8 64660 1 64662 12 64912 5 64923 11 65172 5 65183 11 65444 9 65706 5
52b267e20519174e3ce1e1994b5d677804b16bc670aa5f6ffb6344a0fdf63fde,66452 8 66711 10 66971 10 67231 10 67493 6
52b267e20519174e3ce1e1994b5d677804b16bc670aa5f6ffb6344a0fdf63fde,45924 6 46184 6 46441 10 46700 11 46959 12 47219 12 47478 13 47737 14 47997 12 48257 12 48516 12 48777 10 49037 8 49297 8
52b267e20519174e3ce1e1994b5d677804b16bc670aa5f6ffb6344a0fdf63fde,69319 5 69333 10 69577 8 69592 12 69837 12 69850 14 70097 12 70110 14 70356 28 70617 20 70640 1 70876 18 71136 18 71396 14 71656 13 71916 13 72177 9
52b267e20519174e3ce1e1994b5d677804b16bc670aa5f6ffb6344a0fdf63fde,40469 4 40725 15 40982 20 41242 20 41501 21 41760 23 42020 23 42280 23 42540 22 42800 21 43062 18 43322 18
52b267e20519174e3ce1e1994b5d677804b16bc670aa5f6ffb6344a0fdf63fde,76600 1
52b267e20519174e3ce1e1994b5d677804b16bc670aa5f6ffb6344a0fdf63fde,20704 4 20962 7 21221 9 21481 9 21741 8 22002 7
52b267e20519174e3ce1e1994b5d677804b16bc670aa5f6ffb6344a0fdf63fde,85188 7 85447 9 85706 11 85966 11 86225 12 86484 14 86742 16 87002 16 87262 15 87521 16 87781 16 88041 15 88302 12 88564 7 88824 7
52b267e20519174e3ce1e1994b5d677804b16bc670aa5f6ffb6344a0fdf63fde,76342 2
52b267e20519174e3ce1e1994b5d677804b16bc670aa5f6ffb6344a0fdf63fde,16033 2 16291 6 16551 6 16811 7 17070 9 17330 10 17590 10 17850 10 18110 10 18370 10 18630 10 18890 10 19150 10 19410 10 19670 10 19931 9 20191 7 20451 7
52b267e20519174e3ce1e1994b5d677804b16bc670aa5f6ffb6344a0fdf63fde,50873 8 51133 8 51393 9 51652 10 51912 10 52172 10 52431 11 52691 11 52951 10 53211 10 53472 6
52b267e20519174e3ce1e1994b5d677804b16bc670aa5f6ffb6344a0fdf63fde,10319 8 10579 8 10836 15 11094 18 11353 20 11613 20 11873 19 12133 18 12393 17 12653 17 12914 17 13175 17 13435 17 13699 13 13961 11 14221 11 14481 11 14742 9 15004 4
52b267e20519174e3ce1e1994b5d677804b16bc670aa5f6ffb6344a0fdf63fde,76879 6 77139 6 77397 9 77657 10 77917 10 78176 11 78436 11 78696 11 78956 11 79216 11 79477 11 79737 11 79997 11 80257 10 80518 9 80779 7 81039 7 81300 5
52b267e20519174e3ce1e1994b5d677804b16bc670aa5f6ffb6344a0fdf63fde,65958 4 66218 4 66478 4 66738 3 66998 3 67258 2
52b267e20519174e3ce1e1994b5d677804b16bc670aa5f6ffb6344a0fdf63fde,90140 3
52b267e20519174e3ce1e1994b5d677804b16bc670aa5f6ffb6344a0fdf63fde,27750 6 28009 8 28268 11 28528 11 28786 14 29045 15 29305 15 29564 16 29824 16 30083 16 30343 16 30604 14 30864 12 31130 2 31390 2
52b267e20519174e3ce1e1994b5d677804b16bc670aa5f6ffb6344a0fdf63fde,81310 4 81568 9 81827 11 82087 11 82345 14 82603 17 82863 17 83123 17 83383 18 83643 18 83903 18 84164 17 84425 16 84688 12 84948 12 85209 10 85471 6
52b267e20519174e3ce1e1994b5d677804b16bc670aa5f6ffb6344a0fdf63fde,33730 3 33987 8 34245 10 34505 10 34765 10 35025 10 35285 10 35544 10 35805 9 36065 9 36325 9 36586 7
52b267e20519174e3ce1e1994b5d677804b16bc670aa5f6ffb6344a0fdf63fde,44130 7 44390 7 44649 9 44908 10 45168 10 45427 11 45686 12 45946 12 46206 12 46465 13 46724 14 46984 14 47244 14 47504 13 47764 13 48024 12 48284 12 48545 10 48805 10 49066 8 49326 8 49587 5
52b267e20519174e3ce1e1994b5d677804b16bc670aa5f6ffb6344a0fdf63fde,67534 3 67792 7 68052 7 68311 8 68571 9 68831 9 69091 9 69352 7 69614 4
52b267e20519174e3ce1e1994b5d677804b16bc670aa5f6ffb6344a0fdf63fde,71441 4 71699 7 71959 7 72218 9 72478 9 72738 10 72998 10 73257 11 73517 12 73777 12 74037 12 74298 11 74558 11 74818 10 75078 10 75339 9 75598 10 75858 10 76118 10 76378 9 76639 7 76901 4 77161 4
52b267e20519174e3ce1e1994b5d677804b16bc670aa5f6ffb6344a0fdf63fde,44926 6 45186 6 45445 8 45704 9 45963 10 46223 10 46482 17 46742 17 47003 16 47263 16 47523 15 47783 13 48042 13 48302 13 48561 13 48820 14 49080 13 49340 13 49599 12 49859 10 50121 6 50381 6
52b267e20519174e3ce1e1994b5d677804b16bc670aa5f6ffb6344a0fdf63fde,53774 4 54030 9 54290 9 54544 15 54802 16 55060 16 55320 16 55579 14 55839 11 56099 11 56359 8 56620 3
52b267e20519174e3ce1e1994b5d677804b16bc670aa5f6ffb6344a0fdf63fde,67284 2 67543 4 67803 3 68063 3 68324 1
52b267e20519174e3ce1e1994b5d677804b16bc670aa5f6ffb6344a0fdf63fde,34803 4 35061 9 35321 9 35572 19 35830 21 36089 22 36349 22 36608 23 36868 22 37127 20 37387 20 37648 16 37908 15 38169 13 38429 13 38690 10 38953 1
52b267e20519174e3ce1e1994b5d677804b16bc670aa5f6ffb6344a0fdf63fde,41028 5 41288 5 41547 6 41807 6 42068 4 42328 4
52b267e20519174e3ce1e1994b5d677804b16bc670aa5f6ffb6344a0fdf63fde,210 10 469 12 729 12 989 12 1248 12 1508 8 1768 8 2029 8 2290 9 2550 10 2810 10 3070 11 3329 13 3589 13 3850 12 4110 12 4371 10 4631 10 4894 5
52b267e20519174e3ce1e1994b5d677804b16bc670aa5f6ffb6344a0fdf63fde,62612 1 62870 5 63130 5 63389 7 63648 8 63908 8 64168 8 64429 6
52b267e20519174e3ce1e1994b5d677804b16bc670aa5f6ffb6344a0fdf63fde,63660 1 63918 5 64178 5 64438 6 64697 8 64957 9 65217 9 65476 10 65735 11 65990 16 66250 16 66509 17 66768 18 67028 18 67288 18 67550 15 67813 11 68073 11 68333 11 68593 10 68855 7 69115 7
52b267e20519174e3ce1e1994b5d677804b16bc670aa5f6ffb6344a0fdf63fde,56632 5 56891 7 57151 7 57411 6 57671 4
52b267e20519174e3ce1e1994b5d677804b16bc670aa5f6ffb6344a0fdf63fde,83676 3 83936 3 84194 8 84453 10 84712 13 84972 13 85232 14 85491 16 85752 15 86012 15 86272 15 86532 15 86793 13 87053 13 87313 12 87574 8 87834 8 88096 2
52b267e20519174e3ce1e1994b5d677804b16bc670aa5f6ffb6344a0fdf63fde,12182 3 12440 6 12700 6 12958 9 13218 9 13478 9 13737 10 13751 3 13997 18 14256 19 14516 19 14776 18 15037 17 15299 14 15559 14 15822 11 16082 10 16343 8 16603 8 16864 5
52b267e20519174e3ce1e1994b5d677804b16bc670aa5f6ffb6344a0fdf63fde,71457 4 71717 3 71977 3
52b267e20519174e3ce1e1994b5d677804b16bc670aa5f6ffb6344a0fdf63fde,25702 7 25960 11 26219 13 26479 13 26738 14 26998 13 27258 13 27518 13 27779 11 28042 4
52b267e20519174e3ce1e1994b5d677804b16bc670aa5f6ffb6344a0fdf63fde,88623 3 88883 3 89140 9 89399 11 89659 11 89919 11 90179 11
52b267e20519174e3ce1e1994b5d677804b16bc670aa5f6ffb6344a0fdf63fde,52750 6 52759 7 53009 18 53269 18 53527 20 53786 22 54044 24 54304 24 54564 23 54822 14 54841 5 55082 13 55342 13 55601 12 55861 10 56121 10
52b267e20519174e3ce1e1994b5d677804b16bc670aa5f6ffb6344a0fdf63fde,66797 4 67057 4 67315 7 67574 9 67832 11 68092 11 68350 13 68609 13 68869 12 69129 12 69387 13 69647 10 69906 10 70166 10 70425 11 70685 11 70944 12 71204 12 71463 12 71723 11 71983 11 72245 7
52b267e20519174e3ce1e1994b5d677804b16bc670aa5f6ffb6344a0fdf63fde,55878 1 56138 1 56395 6 56654 9 56913 13 57173 13 57432 16 57692 19 57952 21 58212 21 58473 21 58734 21 58996 20 59256 20 59524 14 59786 14 60048 13 60308 13 60573 8 60834 7 61096 5 61356 5
52b267e20519174e3ce1e1994b5d677804b16bc670aa5f6ffb6344a0fdf63fde,46781 2 47039 5 47299 5 47557 9 47816 12 48075 13 48335 13 48595 13 48856 12 49120 7 49380 7
52b267e20519174e3ce1e1994b5d677804b16bc670aa5f6ffb6344a0fdf63fde,75382 9 75640 12 75899 14 76159 14 76419 14 76679 14 76939 13 77199 13 77459 13 77719 12 77979 12 78240 11 78256 3 78500 11 78512 8 78761 19 79021 19 79282 7 79291 9 79544 3 79551 10 79811 10 80071 10 80331 10 80592 9 80853 7 81113 7 81376 2
52b267e20519174e3ce1e1994b5d677804b16bc670aa5f6ffb6344a0fdf63fde,11421 8 11681 8 11940 14 12200 19 12460 20 12720 20 12982 18 13244 16 13504 16 13768 6
52b267e20519174e3ce1e1994b5d677804b16bc670aa5f6ffb6344a0fdf63fde,28065 1 28322 8 28582 8 28840 11 29100 12 29360 12 29620 13 29880 13 30140 13 30400 13 30660 13 30921 12 31182 10 31442 10 31706 5
52b267e20519174e3ce1e1994b5d677804b16bc670aa5f6ffb6344a0fdf63fde,18450 9 18710 9 18969 10 19228 12 19488 12 19748 12 20008 12 20268 12 20528 12 20788 12 21049 6
52b267e20519174e3ce1e1994b5d677804b16bc670aa5f6ffb6344a0fdf63fde,36137 2 36397 2 36655 5 36914 6 37172 8 37432 8 37691 9 37950 10 38210 10 38470 10 38730 11 38989 12 39250 11 39510 11 39770 11 40031 10 40291 10 40551 10 40812 8
52b267e20519174e3ce1e1994b5d677804b16bc670aa5f6ffb6344a0fdf63fde,22096 3 22355 5 22615 5 22874 6 23133 7 23393 7 23653 7 23913 7 24173 7 24433 7 24692 9 24953 8 25213 8 25473 8 25733 7 25994 6
52b267e20519174e3ce1e1994b5d677804b16bc670aa5f6ffb6344a0fdf63fde,7016 3 7274 7 7533 8 7793 8 8053 8 8313 8 8573 8 8833 8 9094 6
52b267e20519174e3ce1e1994b5d677804b16bc670aa5f6ffb6344a0fdf63fde,68897 4 69157 4 69415 6 69674 7 69933 8 70193 8 70453 8 70714 7
52b267e20519174e3ce1e1994b5d677804b16bc670aa5f6ffb6344a0fdf63fde,256 3 515 6 775 6 1035 6 1296 5 1557 4 1817 4 2078 2
52b267e20519174e3ce1e1994b5d677804b16bc670aa5f6ffb6344a0fdf63fde,29898 3 30157 4 30417 4 30677 4 30936 5 31197 4 31457 4 31718 3
52b267e20519174e3ce1e1994b5d677804b16bc670aa5f6ffb6344a0fdf63fde,88138 1 88397 3 88657 3 88917 3 89176 5 89436 5 89697 3 89957 3
519dc0d672d1c295fc69b629af8721ccb1a1f136d1976685a68487e62547ffe0,57350 8 57604 10 57859 12 58114 13 58369 15 58625 15 58881 15 59137 15 59393 15 59649 14 59905 13 60161 11 60417 9 60674 7 60931 4
519dc0d672d1c295fc69b629af8721ccb1a1f136d1976685a68487e62547ffe0,33295 6 33550 9 33806 10 34062 10 34318 10 34574 10 34830 9 35087 6
519dc0d672d1c295fc69b629af8721ccb1a1f136d1976685a68487e62547ffe0,25911 6 26166 8 26422 9 26677 11 26933 11 27189 11 27445 11 27702 10 27958 10 28215 8 28472 6
519dc0d672d1c295fc69b629af8721ccb1a1f136d1976685a68487e62547ffe0,29037 7 29291 12 29547 13 29802 15 30058 16 30314 17 30571 16 30827 16 31084 15 31340 15 31597 13 31855 10 32114 5
519dc0d672d1c295fc69b629af8721ccb1a1f136d1976685a68487e62547ffe0,62064 8 62318 12 62572 15 62828 15 63083 17 63339 17 63595 17 63851 16 64108 15 64365 12 64624 6
519dc0d672d1c295fc69b629af8721ccb1a1f136d1976685a68487e62547ffe0,51837 6 52090 10 52345 12 52600 14 52855 15 53111 15 53366 16 53622 16 53879 14 54135 13 54392 11 54649 9
519dc0d672d1c295fc69b629af8721ccb1a1f136d1976685a68487e62547ffe0,18299 8 18554 12 18809 14 19064 17 19320 17 19576 18 19832 18 20089 17 20345 16 20601 16 20858 14 21116 10 21375 1
519dc0d672d1c295fc69b629af8721ccb1a1f136d1976685a68487e62547ffe0,42371 9 42625 14 42880 18 43135 20 43391 22 43647 22 43903 23 44159 23 44415 23 44672 22 44929 21 45186 19 45443 17 45701 12 45959 6
519dc0d672d1c295fc69b629af8721ccb1a1f136d1976685a68487e62547ffe0,4523 7 4776 11 5032 13 5287 15 5542 17 5798 18 6054 19 6310 20 6566 21 6822 21 7079 21 7335 21 7592 19 7849 18 8106 17 8363 17 8620 16 8877 15 9136 11 9398 4
519dc0d672d1c295fc69b629af8721ccb1a1f136d1976685a68487e62547ffe0,5316 3 5572 4 5828 5 6084 5 6340 5 6597 3 6853 3 7109 3 7365 2
519dc0d672d1c295fc69b629af8721ccb1a1f136d1976685a68487e62547ffe0,64468 5 64721 12 64977 14 65232 15 65488 15
1879f4f4f05e2bada0ffeb46c128b8df7a79b14c84f38c3e216a69653495153b,27369 16 27397 14 27881 16 27909 14 28385 58 28897 58 29409 58 29917 70 30429 70 30937 78 31449 78 31961 78 32469 88 32981 88 33489 96 34001 96 34513 96 35023 102 35535 102 36045 108 36557 108 37069 108 37579 112 38091 112 38601 120 39113 120 39625 120 40137 124 40649 124 41159 130 41671 130 42183 130 42693 134 43205 134 43715 138 44227 138 44739 138 45251 138 45763 138 46273 140 46785 140 47297 140 47809 140 48321 140 48833 140 49345 140 49857 140 50367 140 50879 140 51391 140 51903 140 52415 140 52929 32 52963 104 53441 32 53475 104 53953 30 53987 102 54465 30 54499 102 54977 30 55011 102 55489 134 56001 134 56513 134 57025 134 57537 134 58049 134 58561 134 59073 134 59585 134 60097 134 60609 134 61121 134 61635 132 62147 132 62659 132 63171 130 63683 130 64197 30 64229 96 64709 30 64741 96 65221 30 65253 96 65733 126 66245 126 66759 126 67271 126 67783 126 68297 124 68809 124 69323 122 69835 122 70347 122 70859 120 71371 120 71885 118 72397 118 72909 118 73421 116 73933 116 74447 112 74959 112 75471 112 75983 112 76495 112 77009 108 77521 108 78033 108 78545 108 79057 108 79571 104 80083 104 80595 104 81107 104 81619 104 82133 100 82645 100 83157 100 83671 96 84183 96 84695 94 85207 94 85719 94 86233 92 86745 92 87259 88 87771 88 88283 88 88803 78 89315 78 89831 72 90343 72 90855 72 91369 68 91881 68 92395 64 92907 64 93419 64 93935 56 94447 56 94961 50 95473 50 95991 40 96503 40 97015 40 97533 16 98045 16 98563 6 99075 6 99587 6
1879f4f4f05e2bada0ffeb46c128b8df7a79b14c84f38c3e216a69653495153b,148813 10 149325 10 149833 22 150345 22 150857 22 151365 32 151877 32 152387 42 152443 16 152899 42 152955 16 153411 42 153467 16 153921 80 154433 80 154943 86 155455 86 155967 86 156477 90 156989 90 157501 92 158013 92 158525 92 159035 94 159547 94 160059 96 160571 96 161083 96 161597 96 162109 96 162621 96 163133 96 163645 96 164157 96 164669 96 165181 96 165693 96 166205 96 166715 100 167227 100 167739 102 168251 102 168763 102 169273 106 169785 106 170297 106 170809 106 171321 106 171833 106 172345 106 172857 106 173369 106 173881 106 174393 106 174905 106 175417 106 175929 106 176441 106 176953 106 177465 106 177977 106 178489 106 179001 106 179513 106 180025 106 180537 106 181049 106 181561 106 182073 106 182585 106 183097 106 183609 106 184121 106 184633 106 185145 106 185657 106 186169 106 186681 106 187195 102 187707 102 188221 100 188733 100 189245 100 189757 100 190269 100 190783 96 191295 96 191807 96 192319 96 192831 96 193343 94 193855 94 194367 94 194879 94 195391 94 195905 92 196417 92 196929 92 197445 86 197957 86 198473 82 198985 82 199497 82 200013 76 200525 76 201041 70 201553 70 202065 70 202579 68 203091 68 203607 62 204119 62 204631 62 205145 56 205657 56 206171 52 206683 52 207195 52 207709 40 208221 40 208735 30 209247 30 209759 30 210279 6 210791 6
1879f4f4f05e2bada0ffeb46c128b8df7a79b14c84f38c3e216a69653495153b,88979 8 89491 8 89999 16 90511 16 91023 16 91529 26 92041 26 92549 32 93061 32 93573 32 94083 36 94595 36 95105 40 95617 40 96127 42 96639 42 97151 42 97663 42 98175 42 98685 46 99197 46 99709 46 100219 48 100731 48 101243 50 101755 50 102267 50 102777 52 103289 52 103799 54 104311 54 104823 54 105333 56 105845 56 106357 56 106869 56 107381 56 107891 58 108403 58 108913 60 109425 60 109937 60 110449 60 110961 60 111471 60 111983 60 112495 60 113007 60 113519 60 114031 60 114543 60 115055 60 115567 58 116079 58 116593 56 117105 56 117617 56 118129 56 118641 56 119155 54 119667 54 120179 54 120693 52 121205 52 121717 52 122229 52 122741 52 123255 50 123767 50 124281 48 124793 48 125305 48 125819 46 126331 46 126843 44 127355 44 127867 44 128381 40 128893 40 129407 36 129919 36 130431 36 130945 30 131457 30 131975 18 132487 18 132999 18
1879f4f4f05e2bada0ffeb46c128b8df7a79b14c84f38c3e216a69653495153b,43913 4 44425 4 44937 4 45435 24 45947 24 46455 32 46967 32 47479 32 47991 34 48503 34 49013 38 49525 38 50037 38 50547 44 51059 44 51571 46 52083 46 52595 46 53105 48 53617 48 54129 50 54641 50 55153 50 55665 52 56177 52 56689 52 57201 52 57713 52 58225 52 58737 52 59251 50 59763 50 60275 50 60787 50 61299 50 61815 46 62327 46 62839 46 63353 42 63865 42 64381 32 64893 32 65405 32 65927 16 66439 16
1d9eacb3161f1e2b45550389ecf7c535c7199c6b44b1c6a46303f7b965e508f1,25153 6 25677 6 26201 6 26725 6
1d9eacb3161f1e2b45550389ecf7c535c7199c6b44b1c6a46303f7b965e508f1,97469 4 97993 4 98517 4 99041 6 99565 6 100089 6 100613 6 101137 4 101661 4 102185 4 102709 4
1d9eacb3161f1e2b45550389ecf7c535c7199c6b44b1c6a46303f7b965e508f1,181833 2
1d9eacb3161f1e2b45550389ecf7c535c7199c6b44b1c6a46303f7b965e508f1,124723 4 125245 8 125769 8 126293 8 126817 8 127341 8 127865 8 128389 8 128915 6 129441 2 129965 2
1d9eacb3161f1e2b45550389ecf7c535c7199c6b44b1c6a46303f7b965e508f1,178173 4 178695 6 179219 6 179743 6 180265 8 180791 4 181315 4
1d9eacb3161f1e2b45550389ecf7c535c7199c6b44b1c6a46303f7b965e508f1,82811 7 83333 11 83857 11 84381 11 84903 13 85427 13 85951 13 86475 13 86999 11 87525 9 88049 9 88573 9 89099 5
1d9eacb3161f1e2b45550389ecf7c535c7199c6b44b1c6a46303f7b965e508f1,71807 11 72331 11 72853 13 73377 15 73901 15 74425 15 74949 15 75473 15 75999 13 76523 13 77054 2
1d9eacb3161f1e2b45550389ecf7c535c7199c6b44b1c6a46303f7b965e508f1,29889 5
1d9eacb3161f1e2b45550389ecf7c535c7199c6b44b1c6a46303f7b965e508f1,115306 6 115830 6 116354 8 116876 12 117400 12 117924 12 118445 15 118969 15 119493 15 120017 15 120541 13 121065 13 121592 8 122116 8 122642 4
1d9eacb3161f1e2b45550389ecf7c535c7199c6b44b1c6a46303f7b965e508f1,142552 8 143076 10 143600 10 144121 13 144645 13 145169 13 145693 13 146217 11 146741 11 147265 9 147789 9 148316 6
1d9eacb3161f1e2b45550389ecf7c535c7199c6b44b1c6a46303f7b965e508f1,99066 4 99588 8 100112 8 100636 8 101158 10 101682 12 102206 12 102730 12 103254 12 103778 10 104302 10 104826 10 105352 8 105876 8 106402 4
1d9eacb3161f1e2b45550389ecf7c535c7199c6b44b1c6a46303f7b965e508f1,158280 4 158802 8 159324 10 159848 10 160372 10 160896 10 161420 10 161944 10 162468 10 162992 10 163516 10 164040 10 164566 6 165092 4 165616 4
1d9eacb3161f1e2b45550389ecf7c535c7199c6b44b1c6a46303f7b965e508f1,556 4 1080 4 1602 10 2128 2
1d9eacb3161f1e2b45550389ecf7c535c7199c6b44b1c6a46303f7b965e508f1,39856 2 40378 6 40902 6 41428 4 41952 4 42476 4
1d9eacb3161f1e2b45550389ecf7c535c7199c6b44b1c6a46303f7b965e508f1,46152 2 46676 2 47200 2 47722 6 48246 6 48770 6 49294 6 49818 6 50342 6 50866 8 51390 6 51914 6 52438 6 52962 6 53484 8 54008 8 54532 8 55056 8 55580 8 56104 8 56628 8 57152 6 57678 4
1d9eacb3161f1e2b45550389ecf7c535c7199c6b44b1c6a46303f7b965e508f1,150436 6 150958 10 151482 10 152006 12 152532 10 153056 10 153580 10 154104 10 154630 8 155154 8 155678 8 156204 6
1d9eacb3161f1e2b45550389ecf7c535c7199c6b44b1c6a46303f7b965e508f1,62951 4 63473 8 63994 11 64518 11 65042 11 65566 11 66088 11 66612 11 67136 11 67660 11 68184 11 68708 11 69232 9 69756 9 70280 9 70804 7 71330 5
1d9eacb3161f1e2b45550389ecf7c535c7199c6b44b1c6a46303f7b965e508f1,143118 3 143642 3 144166 3
1d9eacb3161f1e2b45550389ecf7c535c7199c6b44b1c6a46303f7b965e508f1,138939 4 139461 8 139985 8 140507 10 141031 10 141555 10 142075 2 142079 10 142599 14 143123 14 143647 14 144175 6 144699 8 145225 6 145749 6 146273 8 146797 8 147323 8 147847 8 148369 10 148893 10 149419 8 149943 8 150467 8 150993 4 151517 4
1d9eacb3161f1e2b45550389ecf7c535c7199c6b44b1c6a46303f7b965e508f1,114831 6 115355 6 115879 6 116403 8 116925 10 117449 10 117973 10 118497 10 119021 10 119547 6 120071 6 120595 6
1d9eacb3161f1e2b45550389ecf7c535c7199c6b44b1c6a46303f7b965e508f1,167243 8 167767 8 168291 8 168815 10 169339 10 169863 10 170385 12 170911 8 171435 8 171959 8 172483 8 173009 4 173533 4
1d9eacb3161f1e2b45550389ecf7c535c7199c6b44b1c6a46303f7b965e508f1,171992 4 172516 6 173038 8 173562 8 174086 8 174610 8 175134 8 175658 8 176182 6 176706 6
1d9eacb3161f1e2b45550389ecf7c535c7199c6b44b1c6a46303f7b965e508f1,119600 4 120124 4 120646 6 121170 6 121694 6 122218 6
1d9eacb3161f1e2b45550389ecf7c535c7199c6b44b1c6a46303f7b965e508f1,160998 2 161522 2 162044 6 162568 4 163092 4 163616 4 164142 2
1d9eacb3161f1e2b45550389ecf7c535c7199c6b44b1c6a46303f7b965e508f1,50964 4 51486 6 52010 8 52534 8 53058 8 53580 10 54104 10 54628 10 55152 10 55678 8 56202 6 56726 6 57250 6 57774 2
1d9eacb3161f1e2b45550389ecf7c535c7199c6b44b1c6a46303f7b965e508f1,79260 4 79782 6 80306 6 80830 6 81352 10 81876 10 82400 10 82924 10 83450 8 83974 8 84498 8 85024 4 85548 2
1d9eacb3161f1e2b45550389ecf7c535c7199c6b44b1c6a46303f7b965e508f1,5380 4 5902 10 6424 12 6948 12 7470 16 7994 16 8520 14 9044 14 9568 14 10094 12 10624 4 11148 4
1d9eacb3161f1e2b45550389ecf7c535c7199c6b44b1c6a46303f7b965e508f1,65640 6 66160 14 66684 14 67206 18 67730 18 68254 21 68778 21 69302 21 69826 21 70350 21 70876 16 71400 16 71926 12 72450 12 72976 8
1d9eacb3161f1e2b45550389ecf7c535c7199c6b44b1c6a46303f7b965e508f1,132706 4 133230 4 133754 4 134278 4 134802 4
1d9eacb3161f1e2b45550389ecf7c535c7199c6b44b1c6a46303f7b965e508f1,129040 4 129564 4 130088 4 130612 4
1d9eacb3161f1e2b45550389ecf7c535c7199c6b44b1c6a46303f7b965e508f1,116470 6 116994 8 117516 10 118040 10 118564 10 119088 10 119612 10 120136 10 120660 10 121186 6 121712 2 122236 2
1d9eacb3161f1e2b45550389ecf7c535c7199c6b44b1c6a46303f7b965e508f1,20062 7 20582 13 21106 13 21630 15 22152 17 22676 17 23200 19 23722 21 24246 21 24770 21 25294 21 25820 2 25826 13 26355 10 26879 10 27409 4 27933 4
1d9eacb3161f1e2b45550389ecf7c535c7199c6b44b1c6a46303f7b965e508f1,101804 2 102328 2 102852 4 103372 8 103896 8 104420 8 104944 8 105468 8 105992 8 106516 8 107042 6 107566 4 108090 4
1d9eacb3161f1e2b45550389ecf7c535c7199c6b44b1c6a46303f7b965e508f1,83992 3 84516 3 85038 7 85562 9 86086 9 86610 9 87134 7 87658 7 88182 7 88706 7 89230 7
1d9eacb3161f1e2b45550389ecf7c535c7199c6b44b1c6a46303f7b965e508f1,49941 4 50465 4 50989 4 51511 6 52037 4 52561 4 53085 4 53605 2 53609 4 54129 2 54133 2 54653 2 54657 2 55179 4 55705 2
1d9eacb3161f1e2b45550389ecf7c535c7199c6b44b1c6a46303f7b965e508f1,118613 4 119137 4 119661 6 120185 6 120709 4 121233 4 121757 4 122281 4 122805 4 123329 4 123853 4 124377 4 124901 4 125425 4 125949 4
1d9eacb3161f1e2b45550389ecf7c535c7199c6b44b1c6a46303f7b965e508f1,154771 2 155293 6 155817 6 156341 6 156865 6 157389 6 157913 6 158437 6 158961 6 159485 6 160009 6 160533 6 161057 6 161581 6 162105 6 162629 4 163153 4 163677 4 164201 2 164725 4 165249 4 165773 4 166297 6 166821 6 167345 4 167869 4 168393 2
1d9eacb3161f1e2b45550389ecf7c535c7199c6b44b1c6a46303f7b965e508f1,33891 2
1d9eacb3161f1e2b45550389ecf7c535c7199c6b44b1c6a46303f7b965e508f1,52231 4 52755 4 53279 2 53803 4 54327 2 54851 2 55375 2 55899 2 56423 2 56947 2 57471 2
1d9eacb3161f1e2b45550389ecf7c535c7199c6b44b1c6a46303f7b965e508f1,173298 6 173822 6 174342 10 174866 10 175387 11 175911 11 176435 11 176959 11 177483 11 178007 11 178531 9 179058 6 179582 6
1d9eacb3161f1e2b45550389ecf7c535c7199c6b44b1c6a46303f7b965e508f1,164398 4 164922 6 165444 8 165968 8 166492 8 167014 8 167538 8 168062 8 168586 6 169110 6 169634 6 170158 6 170682 2
1d9eacb3161f1e2b45550389ecf7c535c7199c6b44b1c6a46303f7b965e508f1,121454 2 121976 4 122500 4 123022 6 123546 6 124070 6 124592 6 125114 6 125638 6 126162 6 126686 6 127208 6 127732 4 128256 4 128778 6 129302 2 129828 2 130352 2
1d9eacb3161f1e2b45550389ecf7c535c7199c6b44b1c6a46303f7b965e508f1,159715 6 160239 6 160761 8 161285 8 161809 8 162333 8 162857 8 163378 11 163902 11 164426 11 164950 11 165474 11 165998 11 166522 11 167046 11 167570 9 168094 9 168618 9 169142 7 169666 7
1d9eacb3161f1e2b45550389ecf7c535c7199c6b44b1c6a46303f7b965e508f1,91081 2 91605 2 92127 6 92651 6 93175 8 93697 10 94221 10 94745 10 95267 12 95791 12 96315 12 96839 10 97363 10 97887 10 98411 10 98939 4
1d9eacb3161f1e2b45550389ecf7c535c7199c6b44b1c6a46303f7b965e508f1,58075 4 58599 4 59123 4 59645 8 60169 8 60693 8 61215 10 61739 8 62265 6 62789 6 63313 6 63837 4
1d9eacb3161f1e2b45550389ecf7c535c7199c6b44b1c6a46303f7b965e508f1,105767 2 106291 2 106813 4 107337 4 107859 8 108383 8 108907 6 109429 8 109953 8 110477 8 111001 6 111523 8 112047 8 112571 8 113095 6 113619 6 114143 2 114667 2
1d9eacb3161f1e2b45550389ecf7c535c7199c6b44b1c6a46303f7b965e508f1,141403 4 141927 4 142451 4 142975 6 143499 4 144023 4 144545 6 145069 6 145593 4 146117 4 146641 4 147165 2
1d9eacb3161f1e2b45550389ecf7c535c7199c6b44b1c6a46303f7b965e508f1,73824 16 74346 20 74870 20 75394 22 75918 22 76442 22 76966 22 77492 20 78018 18 78542 18 79068 16 79594 14 80120 12 80644 12 81168 12 81692 12 82216 12 82740 12 83264 12 83788 12 84310 14 84834 14 85358 14 85882 14 86406 12 86930 12 87456 10 87980 10 88504 10 89028 8
1d9eacb3161f1e2b45550389ecf7c535c7199c6b44b1c6a46303f7b965e508f1,41884 2 42406 4 42930 4 43454 4 43976 6 44500 6 45024 6 45548 6 46072 4 46594 6 47118 6 47642 6 48166 6 48688 8 49212 8 49736 8 50260 8 50784 8 51306 10 51830 10 52354 8 52878 8 53402 8 53926 8 54450 6 54974 6 55498 6 56022 4
1d9eacb3161f1e2b45550389ecf7c535c7199c6b44b1c6a46303f7b965e508f1,24598 8 25122 8 25644 10 26168 10 26690 12 27214 12 27738 12 28262 10 28786 10 29310 10 29834 8 30358 8 30882 6 31406 6 31930 6 32454 6 32978 6 33504 4 34028 2 34552 2 35076 2 35600 4 36124 4 36648 2 37172 2 37696 2
1d9eacb3161f1e2b45550389ecf7c535c7199c6b44b1c6a46303f7b965e508f1,133592 4 134116 4 134640 4 135162 4 135684 6 136208 6 136734 4 137258 4 137784 2 138308 2 138832 2 139354 4 139878 4 140402 4 140926 4
1d9eacb3161f1e2b45550389ecf7c535c7199c6b44b1c6a46303f7b965e508f1,116830 3 117352 5 117876 5 118400 5 118924 5 119448 5
1d9eacb3161f1e2b45550389ecf7c535c7199c6b44b1c6a46303f7b965e508f1,67585 2 68109 2 68631 4 69155 4 69679 4 70203 2 70727 2
c8e79ff4ac55f4b772057de28e539727b7f4f2a3de73bf7a082a0ace86d609eb,68123 8 68647 8 69169 12 69693 12 70217 12 70741 12 71265 12 71789 12 72313 12 72841 8
c8e79ff4ac55f4b772057de28e539727b7f4f2a3de73bf7a082a0ace86d609eb,60789 2 61313 4 61837 6 62361 6 62885 6 63411 4 63935 4 64459 4
c8e79ff4ac55f4b772057de28e539727b7f4f2a3de73bf7a082a0ace86d609eb,164017 2 164021 2 164543 2
c8e79ff4ac55f4b772057de28e539727b7f4f2a3de73bf7a082a0ace86d609eb,83331 4 83855 6 84379 6 84901 8 85427 6
c8e79ff4ac55f4b772057de28e539727b7f4f2a3de73bf7a082a0ace86d609eb,121061 2 121583 4 122107 4 122631 4
c8e79ff4ac55f4b772057de28e539727b7f4f2a3de73bf7a082a0ace86d609eb,161948 4 162470 8 162990 10 163514 10 164038 10 164564 6 165090 4 165614 4
c8e79ff4ac55f4b772057de28e539727b7f4f2a3de73bf7a082a0ace86d609eb,38288 8 38812 8 39336 6 39860 4 40380 6 40904 6 41428 6 41952 6 42476 6 43002 4
c8e79ff4ac55f4b772057de28e539727b7f4f2a3de73bf7a082a0ace86d609eb,87542 2 88066 2 88590 2 89114 2
c8e79ff4ac55f4b772057de28e539727b7f4f2a3de73bf7a082a0ace86d609eb,168254 4 168774 8 169298 8 169822 8 170346 8 170868 8 171392 8 171918 6 172442 4
c8e79ff4ac55f4b772057de28e539727b7f4f2a3de73bf7a082a0ace86d609eb,33078 3 33602 3 34126 3 34650 3 35174 5 35698 5 36220 7 36744 7 37268 7 37792 7 38312 11 38836 11 39360 11 39884 11 40406 13 40930 13 41454 11 41978 8 42502 8 43026 4 43550 4 44074 2 44598 2 45122 2 45646 2 46166 6 46690 6 47214 6 47738 6 48264 2 48788 2
c8e79ff4ac55f4b772057de28e539727b7f4f2a3de73bf7a082a0ace86d609eb,97535 2 98059 2 98581 6 99102 9 99626 9 100150 9 100674 9 101196 11 101720 11 102244 11 102768 11 103294 9 103818 7 104342 7
c8e79ff4ac55f4b772057de28e539727b7f4f2a3de73bf7a082a0ace86d609eb,128446 5 128968 9 129492 7 130016 7 130540 5 131064 2
c8e79ff4ac55f4b772057de28e539727b7f4f2a3de73bf7a082a0ace86d609eb,156223 2 156745 4 157266 9 157790 9 158314 9 158838 9 159362 9 159886 9 160415 2
c8e79ff4ac55f4b772057de28e539727b7f4f2a3de73bf7a082a0ace86d609eb,179807 6 180331 6 180857 4 181381 4
c8e79ff4ac55f4b772057de28e539727b7f4f2a3de73bf7a082a0ace86d609eb,121127 4 121649 8 122173 8 122697 8 123219 10 123743 10 124269 8 124793 6
c8e79ff4ac55f4b772057de28e539727b7f4f2a3de73bf7a082a0ace86d609eb,128459 6 128983 8 129507 8 130031 8 130555 6 131079 2
c8e79ff4ac55f4b772057de28e539727b7f4f2a3de73bf7a082a0ace86d609eb,39381 4 39905 4 40429 4 40953 4 41479 2
c8e79ff4ac55f4b772057de28e539727b7f4f2a3de73bf7a082a0ace86d609eb,178247 2 178769 8 179293 8 179815 12 180341 8 180865 8 181389 8 181913 4
c8e79ff4ac55f4b772057de28e539727b7f4f2a3de73bf7a082a0ace86d609eb,138949 2 139471 6 139995 6 140519 6 141043 8 141567 8 142093 6 142619 4 143141 6 143665 6 144191 2
c8e79ff4ac55f4b772057de28e539727b7f4f2a3de73bf7a082a0ace86d609eb,17385 2 17909 2
c8e79ff4ac55f4b772057de28e539727b7f4f2a3de73bf7a082a0ace86d609eb,92847 6 93369 8 93891 10 94415 10 94939 10 95461 12 95985 12 96509 12 97033 10 97557 8 98081 8 98605 6
c8e79ff4ac55f4b772057de28e539727b7f4f2a3de73bf7a082a0ace86d609eb,123245 7 123769 7 124291 11 124811 2 124815 11 125329 23 125853 23 126377 23 126901 25 127425 25 127949 25 128473 25 128997 25 129521 8 129533 13 130045 8 130057 13 130569 8 130581 13 131095 4 131105 13 131631 11 132155 11 132679 9 133205 7 133729 7
c8e79ff4ac55f4b772057de28e539727b7f4f2a3de73bf7a082a0ace86d609eb,81849 4 82373 4 82895 9 83419 9 83941 11 84465 11 84989 11 85513 8 86037 6 86561 6 87087 2
c8e79ff4ac55f4b772057de28e539727b7f4f2a3de73bf7a082a0ace86d609eb,139502 10 140026 10 140544 16 141065 19 141589 19 142111 19 142635 17 143159 17 143683 17 144209 13 144740 4
c8e79ff4ac55f4b772057de28e539727b7f4f2a3de73bf7a082a0ace86d609eb,156268 6 156792 6 157314 8 157838 8 158360 10 158884 10 159408 10 159932 10 160456 10 160982 8 161506 8 162030 6 162556 2
c8e79ff4ac55f4b772057de28e539727b7f4f2a3de73bf7a082a0ace86d609eb,75574 6 76096 10 76620 10 77142 14 77666 14 78190 14 78714 16 79238 16 79764 12 80288 12 80814 10 81342 4
c8e79ff4ac55f4b772057de28e539727b7f4f2a3de73bf7a082a0ace86d609eb,168326 2 168846 6 169370 6 169894 6 170418 8 170942 6 171466 6 171990 6
c8e79ff4ac55f4b772057de28e539727b7f4f2a3de73bf7a082a0ace86d609eb,111740 8 112264 8 112786 12 113308 14 113832 16 114356 16 114878 18 115402 16 115926 16 116450 16 116974 16 117498 16 118022 16 118546 14 119072 12 119598 8 120122 8
c8e79ff4ac55f4b772057de28e539727b7f4f2a3de73bf7a082a0ace86d609eb,157330 4 157854 4 158376 8 158904 4
c8e79ff4ac55f4b772057de28e539727b7f4f2a3de73bf7a082a0ace86d609eb,51482 2 52006 4 52530 4 53054 4 53578 4 54102 4 54626 4 55152 2 55676 2 56200 2 56724 2
c8e79ff4ac55f4b772057de28e539727b7f4f2a3de73bf7a082a0ace86d609eb,131134 4 131660 2 132184 2 132706 2
c8e79ff4ac55f4b772057de28e539727b7f4f2a3de73bf7a082a0ace86d609eb,156816 4 157340 4 157864 4 158386 6 158910 6 159434 6 159958 6 160482 8 161008 6 161532 6 162056 4
c8e79ff4ac55f4b772057de28e539727b7f4f2a3de73bf7a082a0ace86d609eb,23213 6 23735 18 24252 29 24776 29 25296 33 25818 39 25859 2 26342 17 26381 4 26866 17 26905 4 27390 15 27918 9 28444 7 28968 7
c8e79ff4ac55f4b772057de28e539727b7f4f2a3de73bf7a082a0ace86d609eb,46264 5 46788 5 47312 5 47836 5
c8e79ff4ac55f4b772057de28e539727b7f4f2a3de73bf7a082a0ace86d609eb,55703 10 56225 12 56749 12 57273 12 57797 14 58321 14 58845 14 59369 14 59893 14 60417 14 60941 12 61465 12 61989 12 62513 12 63039 10 63563 8 64089 4 64613 4
c8e79ff4ac55f4b772057de28e539727b7f4f2a3de73bf7a082a0ace86d609eb,169941 2 170465 2 170987 6 171511 6 172033 8 172557 8 173081 8 173605 8 174127 10 174651 10 175175 10 175699 10 176223 8 176749 4
c8e79ff4ac55f4b772057de28e539727b7f4f2a3de73bf7a082a0ace86d609eb,98679 4 99201 8 99725 8 100249 8 100773 8 101297 8 101821 6 102345 6 102871 2
c8e79ff4ac55f4b772057de28e539727b7f4f2a3de73bf7a082a0ace86d609eb,131693 4 132217 4 132739 6 133263 8 133787 8 134311 8 134835 8 135359 8 135883 8 136409 4
c8e79ff4ac55f4b772057de28e539727b7f4f2a3de73bf7a082a0ace86d609eb,164748 2 165272 4 165796 4 166318 6 166842 6 167366 6 167890 6 168414 6 168938 8 169462 8 169986 8 170510 8 171034 8 171558 8 172082 8 172606 6 173128 8 173652 8 174176 4 174700 2
c8e79ff4ac55f4b772057de28e539727b7f4f2a3de73bf7a082a0ace86d609eb,126508 2 127032 2
c8e79ff4ac55f4b772057de28e539727b7f4f2a3de73bf7a082a0ace86d609eb,91105 2 91627 4 92151 6 92675 6 93199 4 93721 6 94247 4 94771 4 95293 6 95817 6 96341 6 96865 6 97389 4 97913 4 98437 4 98961 4 99485 2
c8e79ff4ac55f4b772057de28e539727b7f4f2a3de73bf7a082a0ace86d609eb,155613 2 156137 2 156661 2 157185 2 157707 4 158231 4 158757 2 159277 4 159801 2 160325 2 160849 4 161373 2 161897 2
c8e79ff4ac55f4b772057de28e539727b7f4f2a3de73bf7a082a0ace86d609eb,182349 2
9ab2d381f90b485a68b82bc07f94397a0373e3215ad20935a958738e55f3cfc2,249361 22 249873 22 250385 22 250891 36 251403 36 251911 44 252423 44 252935 44 253445 48 253957 48 254467 52 254979 52 255491 52 256001 56 256513 56 257025 60 257537 60 258049 60 258561 60 259073 60 259585 60 260097 60 260609 60 261121 62 261633 62 262145 62 262657 62 263169 62 263681 62 264193 62 264705 62 265217 62 265729 62 266241 62 266753 62 267265 64 267777 64 268289 64 268801 62 269313 62 269825 62 270337 62 270849 62 271361 62 271873 62 272385 60 272897 60 273409 60 273921 58 274433 58 274945 56 275457 56 275969 56 276481 54 276993 54 277505 54 278017 54 278529 54 279043 50 279555 50 280069 46 280581 46 281093 46 281609 38 282121 38 282635 32 283147 32 283659 32 284173 26 284685 26 285199 20 285711 20 286223 20
9ab2d381f90b485a68b82bc07f94397a0373e3215ad20935a958738e55f3cfc2,140881 6 141393 6 141899 18 142411 18 142923 18 143433 22 143945 22 144455 24 144967 24 145479 24 145991 22 146503 22 147011 26 147523 26 148035 26 148543 26 149055 26 149565 10 149619 6 150077 10 150131 6 150589 10 150643 6 151099 12 151153 10 151611 12 151665 10 152121 14 152151 4 152179 10 152633 14 152663 4 152691 10 153145 14 153175 4 153203 10 153659 12 153687 4 153715 10 154171 12 154199 4 154227 10 154683 12 154709 4 154729 22 155195 12 155221 4 155241 22 155707 12 155733 4 155753 22 156219 16 156241 10 156265 24 156731 16 156753 10 156777 24 157243 34 157287 30 157755 34 157799 30 158267 34 158311 30 158777 38 158823 32 159289 38 159335 32 159799 40 159847 34 160311 40 160359 34 160823 40 160871 34 161333 84 161845 84 162355 86 162867 86 163379 86 163891 16 163909 68 164403 16 164421 68 164917 14 164933 68 165429 14 165445 68 165941 14 165957 68 166451 56 166511 26 166963 56 167023 26 167475 56 167537 24 167987 56 168049 24 168499 56 168561 24 169011 54 169073 24 169523 54 169585 24 170035 56 170097 24 170547 56 170609 24 171059 56 171121 24 171571 56 171633 24 172083 56 172145 24 172595 56 172657 24 173107 56 173169 24 173619 56 173681 24 174131 86 174643 86 175157 84 175669 84 176181 84 176693 84 177205 84 177717 84 178229 84 178741 84 179253 16 179273 62 179765 16 179785 62 180277 16 180299 58 180789 16 180811 58 181301 16 181323 58 181813 14 181837 54 182325 14 182349 54 182839 12 182863 50 183351 12 183375 50 183863 12 183887 50 184375 12 184401 44 184887 12 184913 44 185401 10 185425 42 185913 10 185937 42 186425 10 186449 42 186939 10 186959 44 187451 10 187471 44 187965 8 187977 48 188477 8 188489 48 188989 8 189001 48 189511 50 190023 50 190535 48 191047 48 191559 48 192075 40 192587 40 193111 22 193623 22 194135 22
9ab2d381f90b485a68b82bc07f94397a0373e3215ad20935a958738e55f3cfc2,258771 18 259283 18 259783 32 260295 32 260807 32 261315 40 261827 40 262335 46 262847 46 263359 46 263869 50 264381 50 264891 54 265403 54 265915 54 266425 58 266937 58 267449 64 267961 64 268473 64 268983 68 269495 68 270005 72 270517 72 271029 72 271541 72 272053 72 272563 74 273075 74 273587 74 274097 78 274609 78 275121 78 275633 78 276145 78 276655 82 277167 82 277679 82 278191 82 278703 82 279215 82 279727 82 280241 80 280753 80 281265 80 281775 84 282287 84 282799 84 283311 84 283823 84 284335 86 284847 86 285359 86 285871 86 286383 86 286897 84 287409 84 287923 82 288435 82 288947 82 289461 80 289973 80 290485 80 290997 80 291509 80 292019 84 292531 84 293043 84 293555 84 294067 84 294579 84 295091 84 295603 84 296115 84 296627 84 297141 80 297653 80 298165 80 298677 80 299189 80 299701 76 300213 76 300725 72 301237 72 301749 72 302261 68 302773 68 303287 64 303799 64 304311 64 304827 56 305339 56 305853 50 306365 50 306877 50 307389 48 307901 48 308415 42 308927 42 309439 42 309951 38 310463 38 310977 22 311489 22 312001 22 312517 10 313029 10
295682d9eb5acb5c1976a460c085734bfaf38482b0a3f02591c2bfdcd4128549,57939 4 58194 6 58449 6 58705 6 58964 2 59219 6 59473 9 59728 11 59983 12 60239 12 60495 12 60751 12 61008 11 61264 10 61522 8 61780 5
295682d9eb5acb5c1976a460c085734bfaf38482b0a3f02591c2bfdcd4128549,17789 5 18044 7 18299 9 18555 9 18811 9 19068 8 19325 6
295682d9eb5acb5c1976a460c085734bfaf38482b0a3f02591c2bfdcd4128549,23442 7 23696 10 23952 11 24208 11 24464 12 24720 13 24977 12 25234 12 25491 11 25748 11 26005 10 26262 9 26518 9 26775 7 27031 7 27288 5 27545 3
295682d9eb5acb5c1976a460c085734bfaf38482b0a3f02591c2bfdcd4128549,38811 3 39066 5 39321 7 39577 8 39832 9 40088 10 40344 10 40600 10 40856 11 41112 11 41369 10 41625 10 41881 10 42137 10 42393 10 42650 10 42906 10 43163 9 43420 7 43677 5 43935 2
295682d9eb5acb5c1976a460c085734bfaf38482b0a3f02591c2bfdcd4128549,33704 6 33959 8 34214 9 34470 10 34726 10 34982 9 35238 9 35494 9 35751 7 36007 7 36262 8 36517 10 36772 12 37028 12 37284 12 37540 12 37795 12 38052 11 38308 10 38565 8 38823 5
295682d9eb5acb5c1976a460c085734bfaf38482b0a3f02591c2bfdcd4128549,10671 3 10926 5 11182 6 11437 8 11693 8 11949 9 12205 9 12460 10 12716 10 12971 11 13227 10 13482 11 13738 10 13994 10 14250 9 14506 8 14763 6
295682d9eb5acb5c1976a460c085734bfaf38482b0a3f02591c2bfdcd4128549,9398 3 9653 5 9909 5 10165 5 10422 4 10679 3 10936 1
295682d9eb5acb5c1976a460c085734bfaf38482b0a3f02591c2bfdcd4128549,12987 7 13241 11 13496 13 13752 14 14007 15 14263 15 14518 16 14774 15 15030 17 15286 18 15542 18 15799 17 16057 5 16065 6 16321 5
295682d9eb5acb5c1976a460c085734bfaf38482b0a3f02591c2bfdcd4128549,62935 6 63189 10 63444 12 63699 14 63954 16 64210 17 64465 18 64721 18 64977 18 65234 16 65490 16
5cee644e5ffbef1ba021c7f389b33bafd3b1841f04d3edd7922d5084c2c4e0c7,138287 26 138799 26 139301 44 139813 44 140325 44 140833 52 141345 52 141853 60 142365 60 142877 60 143387 64 143899 64 144409 68 144921 68 145433 68 145945 70 146457 70 146969 70 147481 70 147993 70 148505 70 149017 70 149529 70 150041 70 150553 70 151065 70 151577 70 152089 70 152601 70 153113 70 153625 68 154137 68 154651 66 155163 66 155675 66 156189 62 156701 62 157213 62 157725 62 158237 62 158749 62 159261 62 159775 60 160287 60 160799 60 161311 58 161823 58 162337 56 162849 56 163361 56 163875 52 164387 52 164901 48 165413 48 165925 48 166439 44 166951 44 167465 40 167977 40 168489 40 169003 38 169515 38 170029 34 170541 34 171053 34 171571 22 172083 22 172601 10 173113 10 173625 10
5cee644e5ffbef1ba021c7f389b33bafd3b1841f04d3edd7922d5084c2c4e0c7,59 20 571 20 1083 20 1595 20 2107 20 2621 18 3133 18 3645 18 4161 12 4673 12
5cee644e5ffbef1ba021c7f389b33bafd3b1841f04d3edd7922d5084c2c4e0c7,198237 18 198749 18 199261 18 199769 38 200281 38 200791 42 201303 42 201815 42 202327 44 202839 44 203351 46 203863 46 204375 46 204885 50 205397 50 205909 52 206421 52 206933 52 207445 52 207957 52 208469 52 208981 52 209493 52 210005 52 210517 52 211029 52 211541 52 212053 52 212565 52 213077 52 213589 52 214101 52 214613 52 215125 52 215637 52 216149 52 216661 52 217173 52 217687 50 218199 50 218713 46 219225 46 219737 46 220249 46 220761 46 221275 42 221787 42 222299 42 222813 40 223325 40 223839 36 224351 36 224863 36 225381 28 225893 28 226409 20 226921 20 227433 20 227949 4 228461 4
5cee644e5ffbef1ba021c7f389b33bafd3b1841f04d3edd7922d5084c2c4e0c7,40079 12 40591 12 41095 26 41607 26 42119 26 42629 30 43141 30 43651 34 44163 34 44675 34 45185 40 45697 40 46209 42 46721 42 47233 42 47729 6 47747 42 48241 6 48259 42 48751 12 48773 40 49263 12 49285 40 49775 12 49797 40 50287 62 50799 62 51311 64 51823 64 52335 64 52847 64 53359 64 53873 62 54385 62 54897 62 55411 60 55923 60 56437 58 56949 58 57461 58 57975 56 58487 56 59003 50 59515 50 60027 50 60557 30 61069 30 61585 24 62097 24 62609 24 63123 22 63635 22 64151 16 64663 16 65175 16 65691 8 66203 8
5cee644e5ffbef1ba021c7f389b33bafd3b1841f04d3edd7922d5084c2c4e0c7,147061 14 147573 14 148085 14 148595 18 149107 18 149619 20 150131 20 150643 20 151153 24 151665 24 152177 24 152689 24 153201 24 153715 24 154227 24 154739 22 155251 22 155763 22 156283 14 156795 14
5cee644e5ffbef1ba021c7f389b33bafd3b1841f04d3edd7922d5084c2c4e0c7,169083 12 169595 12 170105 16 170617 16 171129 16 171639 20 172151 20 172663 22 173175 22 173687 22 174197 26 174709 26 175219 28 175731 28 176243 28 176755 28 177267 28 177777 30 178289 30 178801 30 179313 30 179825 30 180337 30 180849 30 181361 30 181873 30 182385 30 182897 30 183409 30 183921 30 184435 28 184947 28 185459 26 185971 26 186483 26 186997 24 187509 24 188023 20 188535 20 189047 20 189561 14 190073 14
5cee644e5ffbef1ba021c7f389b33bafd3b1841f04d3edd7922d5084c2c4e0c7,20667 6 21179 6 21689 10 22201 10 22713 10 23223 14 23735 14 24245 16 24757 16 25269 16 25779 20 26291 20 26803 20 27317 20 27829 20 28343 18 28855 18 29367 18 29881 18 30393 18 30907 20 31419 20 31931 20 32445 20 32957 20 33467 26 33979 26 34491 26 35003 28 35515 28 36027 30 36539 30 37051 30 37563 32 38075 32 38587 34 39099 34 39611 34 40123 34 40635 34 41147 36 41659 36 42171 36 42683 36 43195 36 43709 34 44221 34 44733 34 45245 34 45757 34 46271 32 46783 32 47295 32 47807 32 48319 32 48833 30 49345 30 49857 30 50371 28 50883 28 51397 26 51909 26 52421 26 52937 20 53449 20 53967 10 54479 10 54991 10
5cee644e5ffbef1ba021c7f389b33bafd3b1841f04d3edd7922d5084c2c4e0c7,172797 14 173309 14 173821 14 174327 26 174839 26 175349 32 175861 32 176373 32 176883 34 177395 34 177907 36 178419 36 178931 36 179443 36 179955 36 180467 36 180979 36 181491 36 182003 36 182515 36 183029 32 183541 32 184053 32 184565 32 185077 32 185593 26 186105 26 186617 26 187131 20 187643 20 188161 2 188165 2 188673 2 188677 2 189185 2 189189 2
5cee644e5ffbef1ba021c7f389b33bafd3b1841f04d3edd7922d5084c2c4e0c7,258961 4 259473 4 259981 12 260493 12 261005 12 261501 6 261513 18 262013 6 262025 18 262523 32 263035 32 263547 32 264057 36 264569 36 265081 38 265593 38 266105 38 266615 40 267127 40 267637 42 268149 42 268661 42 269173 42 269685 42 270197 42 270709 42 271221 42 271733 42 272245 42 272757 40 273269 40 273781 40 274293 38 274805 38 275319 32 275831 32 276343 32 276875 6 277387 6
5cee644e5ffbef1ba021c7f389b33bafd3b1841f04d3edd7922d5084c2c4e0c7,131995 8 132507 8 133019 8 133531 10 134043 10 134553 12 135065 12 135577 12 136073 28 136585 28 137091 34 137603 34 138115 34 138627 34 139139 34 139655 30 140167 30 140679 30 141193 28 141705 28 142221 22 142733 22 143245 22
5cee644e5ffbef1ba021c7f389b33bafd3b1841f04d3edd7922d5084c2c4e0c7,151491 8 152003 8 152507 20 153019 20 153531 20 154039 26 154551 26 155061 30 155573 30 156085 30 156597 32 157109 32 157621 32 158133 32 158645 32 159155 34 159667 34 160151 4 160179 34 160663 4 160691 34 161175 4 161203 34 161685 10 161711 38 162197 10 162223 38 162707 14 162731 40 163219 14 163243 40 163731 14 163755 40 164241 20 164267 40 164753 20 164779 40 165265 22 165289 40 165777 22 165801 40 166289 22 166313 40 166801 64 167313 64 167825 64 168337 64 168849 64 169363 64 169875 64 170387 64 170899 64 171411 64 171929 58 172441 58 172953 58 173465 58 173977 58 174491 56 175003 56 175515 54 176027 54 176539 54 177051 54 177563 54 178075 52 178587 52 179099 52 179611 24 179639 22 180123 24 180151 22 180637 22 180669 12 181149 22 181181 12 181661 22 181693 12 182173 22 182685 22 183197 22 183709 22 184221 22 184735 20 185247 20 185761 16 186273 16 186785 16 187305 4 187817 4
5cee644e5ffbef1ba021c7f389b33bafd3b1841f04d3edd7922d5084c2c4e0c7,16817 10 17329 10 17841 10 18343 28 18855 28 19363 36 19875 36 20387 36 20895 42 21407 42 21917 44 22429 44 22941 44 23453 44 23965 44 24477 44 24989 44 25501 44 26013 44 26525 44 27037 44 27549 44 28061 44 28575 42 29087 42 29599 42 30115 36 30627 36 31139 36 31651 36 32163 36 32677 32 33189 32 33703 28 34215 28 34727 28 35239 26 35751 26 36265 22 36777 22 37289 22 37801 18 38313 18 38831 4 39343 4 39855 4
5cee644e5ffbef1ba021c7f389b33bafd3b1841f04d3edd7922d5084c2c4e0c7,133559 10 134071 10 134579 16 135091 16 135603 16 136113 22 136625 22 137135 26 137647 26 138159 26 138671 26 139183 26 139693 30 140205 30 140717 30 141229 30 141741 30 142253 30 142765 30 143277 30 143791 26 144303 26 144817 22 145329 22 145841 22 146355 14 146867 14
1747f62148a919c8feb6d607faeebdf504b5e2ad42b6b1710b1189c37ebcdb2c,152065 4 152577 4 153089 4 153601 6 154113 6 154625 6 155137 6 155649 6 156161 6 156673 6 157185 6 157697 6 158209 6 158723 4 159235 4 159747 4 160259 4 160771 4
1747f62148a919c8feb6d607faeebdf504b5e2ad42b6b1710b1189c37ebcdb2c,180227 12 180739 12 181251 12 181761 16 182273 16 182785 20 183297 20 183809 20 184321 24 184833 24 185345 26 185857 26 186369 26 186881 28 187393 28 187905 30 188417 30 188929 30 189441 32 189953 32 190465 34 190977 34 191489 34 192001 36 192513 36 193025 38 193537 38 194049 38 194561 38 195073 38 195585 38 196097 38 196609 38 197121 38 197633 38 198145 36 198657 36 199169 36 199681 36 200193 36 200705 38 201217 38 201729 38 202241 38 202753 38 203265 38 203777 38 204289 38 204801 38 205313 38 205825 38 206337 38 206849 38 207361 36 207873 36 208385 36 208897 36 209409 36 209921 36 210433 36 210945 36 211457 36 211969 36 212481 34 212993 34 213505 32 214017 32 214529 32 215043 26 215555 26 216069 8 216581 8 217093 8 217609 4 218121 4
1747f62148a919c8feb6d607faeebdf504b5e2ad42b6b1710b1189c37ebcdb2c,276483 4 276995 4 277505 8 278017 8 278529 8 279041 10 279553 10 280065 10 280577 10 281089 10 281601 12 282113 12 282625 12 283137 12 283649 12 284161 12 284673 12 285185 10 285697 10 286209 10 286721 10 287233 10 287745 8 288257 8 288769 8 289283 6 289795 6 290309 4 290821 4 291333 4
1747f62148a919c8feb6d607faeebdf504b5e2ad42b6b1710b1189c37ebcdb2c,139309 14 139821 14 140333 14 140837 30 141349 30 141859 34 142371 34 142883 34 143393 40 143905 40 144417 40 144929 40 145441 40 145951 44 146463 44 146975 46 147487 46 147999 46 148511 48 149023 48 149535 48 150047 48 150559 48 151071 50 151583 50 152097 48 152609 48 153121 48 153633 48 154145 48 154657 46 155169 46 155681 46 156193 46 156705 46 157219 42 157731 42 158243 42 158757 40 159269 40 159781 38 160293 38 160805 38 161319 34 161831 34 162349 26 162861 26 163373 26 163891 16 164403 16
1747f62148a919c8feb6d607faeebdf504b5e2ad42b6b1710b1189c37ebcdb2c,199745 4 200257 4
1747f62148a919c8feb6d607faeebdf504b5e2ad42b6b1710b1189c37ebcdb2c,199751 4 200263 4
1747f62148a919c8feb6d607faeebdf504b5e2ad42b6b1710b1189c37ebcdb2c,207561 6 208073 6 208581 12 209093 12 209605 12 210113 16 210625 16 211137 16 211649 16 212161 16 212671 18 213183 18 213693 20 214205 20 214717 20 215227 22 215739 22 216249 22 216761 22 217273 22 217785 20 218297 20 218809 18 219321 18 219833 18 220347 12 220859 12
1747f62148a919c8feb6d607faeebdf504b5e2ad42b6b1710b1189c37ebcdb2c,180429 8 180941 8 181453 8 181961 18 182473 18 182979 26 183491 26 184003 26 184513 32 185025 32 185535 34 186047 34 186559 34 187071 34 187583 34 188093 36 188605 36 189117 36 189627 38 190139 38 190651 40 191163 40 191675 40 192187 40 192239 6 192699 40 192751 6 193211 42 193257 22 193723 42 193769 22 194235 42 194281 22 194749 68 195261 68 195775 68 196287 68 196799 68 197313 68 197825 68 198341 66 198853 66 199365 66 199879 66 200391 66 200905 64 201417 64 201929 64 202443 62 202955 62 203469 60 203981 60 204493 60 205005 60 205517 60 206039 50 206551 50 207063 50 207579 46 208091 46 208603 44 209115 44 209627 44 210137 46 210649 46 211159 46 211671 46 212183 46 212695 42 213207 42 213719 34 214231 34 214743 34 215257 26 215769 26 216281 26 216793 26 217305 26 217819 22 218331 22 218845 18 219357 18 219869 18 220385 12 220897 12
1747f62148a919c8feb6d607faeebdf504b5e2ad42b6b1710b1189c37ebcdb2c,32453 10 32965 10 33475 14 33987 14 34499 14 35009 16 35521 16 36031 18 36543 18 37055 18 37567 20 38079 20 38591 26 39103 26 39615 26 40125 30 40637 30 41149 30 41661 30 42173 30 42685 30 43197 30 43711 26 44223 26 44735 26 45247 26 45759 26 46277 18 46789 18 47301 18
1747f62148a919c8feb6d607faeebdf504b5e2ad42b6b1710b1189c37ebcdb2c,5347 2 5859 2 6365 18 6877 18 7389 18 7899 26 8411 26 8921 32 9433 32 9945 32 10455 38 10967 38 11477 40 11989 40 12501 40 13013 42 13525 42 14037 44 14549 44 15061 44 15573 44 16085 44 16599 42 17111 42 17623 42 18137 42 18649 42 19163 38 19675 38 20187 38 20701 36 21213 36 21725 34 22237 34 22749 34 23267 26 23779 26 24293 4 24303 10 24805 4 24815 10 25317 4 25327 10
1747f62148a919c8feb6d607faeebdf504b5e2ad42b6b1710b1189c37ebcdb2c,89851 6 90363 6 90875 6 91383 26 91895 26 92403 36 92915 36 93427 36 93937 40 94449 40 94955 50 95467 50 95977 56 96489 56 97001 56 97511 62 98023 62 98535 64 99047 64 99559 64 100069 68 100581 68 101093 70 101605 70 102117 70 102629 70 103141 70 103653 72 104165 72 104677 72 105189 72 105701 72 106215 70 106727 70 107239 70 107751 74 108263 74 108777 80 109289 80 109801 80 110315 82 110827 82 111339 86 111851 86 112363 86 112875 88 113387 88 113901 88 114413 88 114925 88 115437 90 115949 90 116463 88 116975 88 117487 88 118005 84 118517 84 119033 80 119545 80 120057 80 120583 8 120601 48 121095 8 121113 48 121629 44 122141 44 122653 44 123169 40 123681 40 124195 38 124707 38 125219 38 125733 34 126245 34 126759 30 127271 30 127783 30 128297 26 128809 26 129331 12 129843 12 130355 12 130873 2 131385 2
1747f62148a919c8feb6d607faeebdf504b5e2ad42b6b1710b1189c37ebcdb2c,223025 14 223537 14 224043 22 224555 22 225067 22 225575 30 226087 30 226597 34 227109 34 227621 34 228131 38 228643 38 229129 16 229153 40 229641 16 229665 40 230153 16 230177 40 230663 68 231175 68 231683 74 232195 74 232707 74 233215 78 233727 78 234239 78 234751 78 235263 78 235775 78 236287 78 236799 78 237311 78 237823 78 238335 78 238847 78 239359 76 239871 76 240383 76 240893 74 241405 74 241917 60 242429 60 242941 60 243453 62 243965 62 244477 64 244989 64 245501 64 246015 64 246527 64 247041 64 247553 64 248065 64 248577 66 249089 66 249609 60 250121 60 250633 60 251147 60 251659 60 252175 54 252687 54 253199 54 253711 52 254223 52 254737 46 255249 46 255761 46 256275 40 256787 40 257301 36 257813 36 258325 36 258839 34 259351 34 259865 30 260377 30 260889 30 261407 20 261919 20
1747f62148a919c8feb6d607faeebdf504b5e2ad42b6b1710b1189c37ebcdb2c,14103 12 14615 12 15127 12 15635 22 16147 22 16657 30 17169 30 17681 30 18191 38 18703 38 19215 46 19727 46 20239 46 20751 48 21263 48 21775 50 22287 50 22799 50 23311 50 23823 50 24337 48 24849 48 25361 48 25875 46 26387 46 26899 46 27415 42 27927 42 28443 38 28955 38 29467 38 29983 32 30495 32 31011 26 31523 26 32035 26 32559 10 33071 10
1747f62148a919c8feb6d607faeebdf504b5e2ad42b6b1710b1189c37ebcdb2c,51515 10 52027 10 52539 10 53047 18 53559 18 54065 26 54577 26 55089 26 55597 32 56109 32 56619 36 57131 36 57643 36 58153 40 58665 40 59175 42 59687 42 60199 42 60709 46 61221 46 61731 48 62243 48 62755 48 63267 48 63779 48 64291 50 64803 50 65315 50 65825 52 66337 52 66847 56 67359 56 67871 56 68381 60 68893 60 69403 62 69915 62 70427 62 70937 64 71449 64 71961 64 72473 64 72985 64 73497 64 74009 64 74519 66 75031 66 75543 66 76055 66 76567 66 77079 66 77591 66 78103 66 78615 66 79127 66 79641 64 80153 64 80665 64 81177 64 81689 64 82203 62 82715 62 83227 62 83739 60 84251 60 84765 58 85277 58 85789 58 86301 56 86813 56 87327 54 87839 54 88351 54 88865 52 89377 52 89891 48 90403 48 90915 48 91429 44 91941 44 92461 36 92973 36 93485 36 93999 32 94511 32 95027 26 95539 26 96057 12 96569 12 97081 12
1747f62148a919c8feb6d607faeebdf504b5e2ad42b6b1710b1189c37ebcdb2c,252263 2 252775 2 253287 2 253797 10 254309 10 254819 16 255331 16 255843 16 256355 20 256867 20 257377 26 257889 26 258401 26 258913 28 259425 28 259937 32 260449 32 260961 32 261471 34 261983 34 262495 36 263007 36 263519 36 264031 36 264543 36 265055 36 265567 36 266079 36 266591 36 267103 36 267615 36 268127 36 268639 36 269153 32 269665 32 270177 32 270689 32 271201 32 271715 28 272227 28 272741 24 273253 24 273765 24 274279 20 274791 20 275305 12 275817 12 276329 12
1747f62148a919c8feb6d607faeebdf504b5e2ad42b6b1710b1189c37ebcdb2c,91541 4 92053 4 92557 20 93069 20 93581 20 94091 28 94603 28 95113 32 95625 32 96137 34 96649 34 97161 34 97673 36 98185 36 98695 38 99207 38 99719 38 100231 38 100743 38 101255 40 101767 40 102279 40 102791 40 103303 40 103817 40 104329 40 104841 40 105353 38 105865 38 106377 38 106889 38 107401 38 107913 36 108425 36 108939 34 109451 34 109963 34 110475 32 110987 32 111501 28 112013 28 112525 28 113037 26 113549 26 114063 22 114575 22 115087 22 115601 16 116113 16 116627 10 117139 10 117651 10
1747f62148a919c8feb6d607faeebdf504b5e2ad42b6b1710b1189c37ebcdb2c,179645 16 180157 16 180665 28 181177 28 181689 28 182199 32 182711 32 183221 38 183733 38 184245 38 184755 44 185267 44 185777 48 186289 48 186801 48 187313 50 187825 50 188337 50 188849 50 189361 50 189873 50 190385 50 190899 48 191411 48 191923 48 192437 46 192949 46 193463 42 193975 42 194487 42 194977 4 195001 40 195489 4 195513 40 195991 26 196031 32 196503 26 196543 32 197015 26 197055 32 197525 36 197569 30 198037 36 198081 30 198547 46 198605 16 199059 46 199117 16 199571 46 199629 16 200083 48 200595 48 201107 50 201619 50 202131 50 202641 56 203153 56 203665 60 204177 60 204689 60 205199 66 205711 66 206223 68 206735 68 207247 68 207759 70 208271 70 208783 74 209295 74 209807 74 210319 74 210831 74 211345 72 211857 72 212369 72 212883 70 213395 70 213909 68 214421 68 214933 68 215449 64 215961 64 216475 62 216987 62 217499 62 218017 56 218529 56 219045 52 219557 52 220069 52 220585 48 221097 48 221611 44 222123 44 222635 44 223151 38 223663 38 224181 32 224693 32 225205 32 225735 10 226247 10
1747f62148a919c8feb6d607faeebdf504b5e2ad42b6b1710b1189c37ebcdb2c,146349 24 146861 24 147369 32 147881 32 148393 32 148903 36 149415 36 149925 40 150437 40 150949 40 151461 42 151973 42 152485 44 152997 44 153509 44 154021 44 154533 44 155043 46 155555 46 156067 46 156579 46 157091 46 157603 44 158115 44 158627 44 159139 44 159651 44 160163 42 160675 42 161187 42 161701 40 162213 40 162727 38 163239 38 163751 38 164267 32 164779 32 165295 26 165807 26 166319 26 166835 20 167347 20 167861 16 168373 16 168885 16 169407 2 169919 2
1747f62148a919c8feb6d607faeebdf504b5e2ad42b6b1710b1189c37ebcdb2c,129461 12 129973 12 130485 12 130995 14 131507 14 132015 20 132527 20 133039 20 133547 24 134059 24 134569 28 135081 28 135593 28 136105 28 136617 28 137129 28 137641 28 138153 28 138667 26 139179 26 139691 14 139709 6 140203 14 140221 6 140715 14 140733 6 141231 4 141247 2 141743 4 141759 2
1747f62148a919c8feb6d607faeebdf504b5e2ad42b6b1710b1189c37ebcdb2c,187387 4 187899 4 188409 8 188921 8 189433 8 189943 10 190455 10 190965 12 191477 12 191989 12 192501 12 193013 12 193523 14 194035 14 194547 14 195059 14 195571 14 196083 14 196595 14 197107 14 197621 12 198133 12 198645 12 199157 12 199669 12 200183 10 200695 10 201207 10 201719 10 202231 10 202745 8 203257 8 203771 4 204283 4 204795 4
0e132f71c8b4875c3c2dd7a22997468a3e842b46aa9bd47cf7b0e8b7d63f0925,47626 4 47881 7 48136 9 48391 11 48647 11 48902 12 49158 12 49414 12 49670 11 49926 11 50183 9 50440 8 50697 5
0e132f71c8b4875c3c2dd7a22997468a3e842b46aa9bd47cf7b0e8b7d63f0925,28170 3 28424 7 28679 11 28935 12 29191 12 29447 13 29704 12 29961 11 30218 10 30475 8 30732 7 30989 5 31246 3
0e132f71c8b4875c3c2dd7a22997468a3e842b46aa9bd47cf7b0e8b7d63f0925,9769 10 10022 15 10276 18 10532 19 10787 21 11043 22 11300 21 11558 19 11817 16 12076 12 12335 8 12594 3
0e132f71c8b4875c3c2dd7a22997468a3e842b46aa9bd47cf7b0e8b7d63f0925,35125 3 35379 7 35634 9 35890 10 36145 12 36401 12 36657 13 36914 12 37170 12 37426 11 37682 11 37939 8 38196 5
0e132f71c8b4875c3c2dd7a22997468a3e842b46aa9bd47cf7b0e8b7d63f0925,45883 6 46138 8 46394 9 46649 11 46905 12 47160 13 47416 13 47673 13 47929 13 48185 12 48443 10 48702 7 48960 4
0e132f71c8b4875c3c2dd7a22997468a3e842b46aa9bd47cf7b0e8b7d63f0925,8514 2 8769 4 9022 8 9277 10 9532 6 9541 4 9788 5 9797 4 10044 5 10053 5 10301 3 10308 6 10564 5 10822 1
0e132f71c8b4875c3c2dd7a22997468a3e842b46aa9bd47cf7b0e8b7d63f0925,19262 4 19517 6 19773 7 20028 9 20284 12 20540 14 20796 15 21052 15 21308 16 21565 15 21823 13 22079 13 22335 13 22592 11 22848 11 23105 9 23363 6
0e132f71c8b4875c3c2dd7a22997468a3e842b46aa9bd47cf7b0e8b7d63f0925,37972 2 38224 7 38479 8 38735 8 38991 7 39248 5
0e132f71c8b4875c3c2dd7a22997468a3e842b46aa9bd47cf7b0e8b7d63f0925,36948 2
0e132f71c8b4875c3c2dd7a22997468a3e842b46aa9bd47cf7b0e8b7d63f0925,22876 3 23130 7 23384 10 23640 10 23895 10 24151 7 24407 5 24663 4 24919 3
0e132f71c8b4875c3c2dd7a22997468a3e842b46aa9bd47cf7b0e8b7d63f0925,212 13 468 5 474 6 733 2
31f1fbe85b8899258ea5bcf5f93f7ac8238660c386aeab40649c715bd2e38a0a,27176 2 27431 4 27686 6 27941 7 28197 7 28453 8 28708 9 28964 8 29220 8 29477 5
31f1fbe85b8899258ea5bcf5f93f7ac8238660c386aeab40649c715bd2e38a0a,24880 1 25134 5 25389 7 25645 8 25900 12 26157 12 26413 12 26669 13 26925 13 27182 11 27438 11 27695 9 27951 8 28208 5
31f1fbe85b8899258ea5bcf5f93f7ac8238660c386aeab40649c715bd2e38a0a,16453 1 16707 6 16960 11 17211 16 17465 20 17718 24 17973 27 18229 28 18485 28 18742 27 18998 27 19256 24 19515 19 19771 18 20028 15 20286 12 20544 8 20803 2
31f1fbe85b8899258ea5bcf5f93f7ac8238660c386aeab40649c715bd2e38a0a,37459 4 37715 4 37969 6 38223 8 38478 10 38733 13 38989 14 39244 16 39499 17 39755 17 40010 18 40266 18 40523 16 40780 14 41038 9
31f1fbe85b8899258ea5bcf5f93f7ac8238660c386aeab40649c715bd2e38a0a,14452 11 14706 14 14961 16 15216 17 15472 17 15728 17 15984 17 16240 16 16497 14 16755 10 17015 2
31f1fbe85b8899258ea5bcf5f93f7ac8238660c386aeab40649c715bd2e38a0a,37518 7 37772 10 38027 12 38282 13 38537 14 38793 14 39049 13 39305 12 39561 13 39817 14 40074 13 40331 4 40336 7 40593 5 40850 3
31f1fbe85b8899258ea5bcf5f93f7ac8238660c386aeab40649c715bd2e38a0a,12797 4 13052 5 13307 6 13563 6 13819 6 14076 5 14333 4 14590 3 14847 2
53df5150ee56253fe5bc91a9230d377bb21f1300f443ba45a758bcb01a15c0e4,60931 6 61186 9 61441 12 61697 13 61953 14 62209 15 62465 16 62721 16 62977 17 63233 18 63489 18 63745 19 64001 19 64257 20 64514 19 64771 18 65027 18 65284 17
53df5150ee56253fe5bc91a9230d377bb21f1300f443ba45a758bcb01a15c0e4,21768 2 22021 7 22276 8 22532 9 22787 10 23043 10 23298 11 23554 10 23811 9 24067 8 24324 6 24581 3
53df5150ee56253fe5bc91a9230d377bb21f1300f443ba45a758bcb01a15c0e4,12846 1 13100 5 13355 8 13611 9 13867 10 14123 11 14380 11 14636 12 14893 11 15150 11 15407 10 15664 8 15921 7 16180 2
53df5150ee56253fe5bc91a9230d377bb21f1300f443ba45a758bcb01a15c0e4,34120 4 34375 6 34630 8 34885 9 35140 10 35395 11 35651 10 35907 10 36163 9 36420 7 36676 7 36933 4
53df5150ee56253fe5bc91a9230d377bb21f1300f443ba45a758bcb01a15c0e4,21347 4 21602 7 21857 10 22113 11 22368 13 22624 13 22881 12 23137 13 23393 13 23650 12 23907 11 24164 9 24421 7 24679 3
53df5150ee56253fe5bc91a9230d377bb21f1300f443ba45a758bcb01a15c0e4,12661 4 12916 7 13172 8 13428 9 13683 11 13940 10 14196 11 14453 10 14709 9 14966 8 15224 5
53df5150ee56253fe5bc91a9230d377bb21f1300f443ba45a758bcb01a15c0e4,50831 4 51086 7 51341 9 51597 9 51853 10 52108 11 52364 11 52620 12 52876 12 53131 13 53387 13 53643 13 53899 13 54155 13 54411 13 54667 12 54924 11 55180 11 55436 10 55693 9 55949 8 56207 5
53df5150ee56253fe5bc91a9230d377bb21f1300f443ba45a758bcb01a15c0e4,30101 2 30356 5 30611 6 30866 8 31122 8 31377 9 31633 9 31889 9 32144 10 32401 9 32657 8 32913 7 33171 2
53df5150ee56253fe5bc91a9230d377bb21f1300f443ba45a758bcb01a15c0e4,2208 7 2463 10 2719 12 2975 13 3230 15 3486 16 3743 16 3999 16 4255 16 4512 16 4770 13 5028 11 5286 8
53df5150ee56253fe5bc91a9230d377bb21f1300f443ba45a758bcb01a15c0e4,28582 6 28837 8 29093 9 29348 11 29604 12 29860 12 30116 13 30372 13 30629 12 30885 12 31141 12 31398 10 31655 8 31911 8 32169 5
53df5150ee56253fe5bc91a9230d377bb21f1300f443ba45a758bcb01a15c0e4,20179 5 20434 7 20689 9 20944 10 21200 11 21456 11 21712 11 21968 12 22224 12 22480 12 22736 12 22992 12 23249 11 23505 11 23762 9 24019 8 24276 5
53df5150ee56253fe5bc91a9230d377bb21f1300f443ba45a758bcb01a15c0e4,214 9 469 11 725 12 981 13 1236 14 1492 15 1748 15 2004 15 2260 15 2517 15 2773 15 3029 15 3286 14 3542 14 3799 12 4057 9 4317 4
53df5150ee56253fe5bc91a9230d377bb21f1300f443ba45a758bcb01a15c0e4,54243 4 54498 7 54753 10 55008 12 55264 13 55520 14 55776 15 56032 16 56288 16 56545 16 56801 17 57058 16 57315 16 57571 16 57828 15 58085 15 58342 14 58599 12 58856 11 59114 9 59371 7 59629 3
b83d1d77935b6cfd44105b54600ffc4b6bd82de57dec65571bcb117fa8398ba3,101657 4 102181 4 102705 6 103229 4 103753 4 104277 4 104801 2
b83d1d77935b6cfd44105b54600ffc4b6bd82de57dec65571bcb117fa8398ba3,44023 4 44547 4 45071 2 45593 6 46119 4 46643 4 47165 6 47691 4 48213 6 48737 6 49263 2 49785 2 50309 2
b83d1d77935b6cfd44105b54600ffc4b6bd82de57dec65571bcb117fa8398ba3,179739 2
b83d1d77935b6cfd44105b54600ffc4b6bd82de57dec65571bcb117fa8398ba3,81761 9 82285 9 82807 11 83327 15 83851 15 84375 15 84899 13 85425 11 85951 6 86475 6
b83d1d77935b6cfd44105b54600ffc4b6bd82de57dec65571bcb117fa8398ba3,44029 4 44553 4
b83d1d77935b6cfd44105b54600ffc4b6bd82de57dec65571bcb117fa8398ba3,150414 6 150938 6 151462 6 151986 6 152510 6 153036 6 153560 6 154086 2 154608 6 155132 6 155656 6 156180 6 156704 6
b83d1d77935b6cfd44105b54600ffc4b6bd82de57dec65571bcb117fa8398ba3,12114 4 12638 4 13162 4 13686 4 14210 2 14734 2 15258 2 15782 2 16306 2 16830 2
b83d1d77935b6cfd44105b54600ffc4b6bd82de57dec65571bcb117fa8398ba3,25742 5 26264 7 26788 7 27312 7 27836 7 28360 7 28884 7 29408 7 29932 7 30458 5 30982 5
b83d1d77935b6cfd44105b54600ffc4b6bd82de57dec65571bcb117fa8398ba3,35752 4 36276 6 36800 6 37324 8 37846 10 38370 10 38894 10 39418 10 39944 8 40468 8 40992 8 41516 8 42042 4 42566 4
b83d1d77935b6cfd44105b54600ffc4b6bd82de57dec65571bcb117fa8398ba3,150524 2 151046 6 151570 6 152094 6 152618 6 153140 8 153664 8 154188 6
b83d1d77935b6cfd44105b54600ffc4b6bd82de57dec65571bcb117fa8398ba3,158914 2 159436 6 159960 6 160484 6 161006 10 161530 10 162054 10 162576 12 163100 12 163624 12 164148 10 164672 10 165196 10 165720 10 166246 8 166770 8 167296 4 167820 4 168344 4 168868 4 169392 4
b83d1d77935b6cfd44105b54600ffc4b6bd82de57dec65571bcb117fa8398ba3,81896 3 82420 3 82942 9 83466 9 83988 9 84512 9 85036 9 85558 6 86084 4 86608 4 87132 2
b83d1d77935b6cfd44105b54600ffc4b6bd82de57dec65571bcb117fa8398ba3,104959 4 105483 4 106007 4 106531 4 107053 6 107577 4 108101 4 108625 4 109149 4 109673 4 110197 4
b83d1d77935b6cfd44105b54600ffc4b6bd82de57dec65571bcb117fa8398ba3,40511 2 41035 2 41559 2 42081 4 42605 4 43129 4 43653 4 44177 4 44701 4 45225 4 45749 2 46273 2 46797 2 47321 2 47845 2 48369 2 48893 2 49417 4 49939 6 50463 6 50989 4 51513 2
b83d1d77935b6cfd44105b54600ffc4b6bd82de57dec65571bcb117fa8398ba3,80861 4 81385 6 81907 8 82431 8 82955 8 83481 4 84005 4 84529 4 85051 6 85573 8 86099 6 86623 6 87147 6
b83d1d77935b6cfd44105b54600ffc4b6bd82de57dec65571bcb117fa8398ba3,165235 4 165759 4 166283 4
b83d1d77935b6cfd44105b54600ffc4b6bd82de57dec65571bcb117fa8398ba3,60963 2
b83d1d77935b6cfd44105b54600ffc4b6bd82de57dec65571bcb117fa8398ba3,62011 2 62535 2 63059 2
b83d1d77935b6cfd44105b54600ffc4b6bd82de57dec65571bcb117fa8398ba3,5966 2
b83d1d77935b6cfd44105b54600ffc4b6bd82de57dec65571bcb117fa8398ba3,20646 4 21170 4 21690 2 21694 4 22214 8 22738 8 23262 8 23788 6 24314 2 24838 2
b83d1d77935b6cfd44105b54600ffc4b6bd82de57dec65571bcb117fa8398ba3,45806 6 46330 6 46854 6 47378 8 47906 4
b83d1d77935b6cfd44105b54600ffc4b6bd82de57dec65571bcb117fa8398ba3,103988 2 104512 2 105034 6 105556 8 106080 8 106602 13 107126 13 107650 13 108174 13 108698 13 109222 13 109742 17 110266 17 110788 16 111312 16 111834 18 112358 18 112882 16 113406 14 113930 14 114454 14 114978 12 115502 8 116026 8 116552 4
b83d1d77935b6cfd44105b54600ffc4b6bd82de57dec65571bcb117fa8398ba3,137510 4 138034 4 138558 6 139082 6 139606 6 140130 6 140654 6 141178 6 141702 6 142226 6 142752 4 143276 4 143800 4 144324 4 144848 4 145372 4 145896 4 146422 2
b83d1d77935b6cfd44105b54600ffc4b6bd82de57dec65571bcb117fa8398ba3,48442 4 48966 4 49488 8 50012 8 50536 8 51060 8 51584 8 52108 8 52632 8 53158 4
b83d1d77935b6cfd44105b54600ffc4b6bd82de57dec65571bcb117fa8398ba3,90909 2 91431 4 91949 10 92473 10 92999 8 93525 6 94049 6 94573 6 95097 6 95623 2 96147 2
b83d1d77935b6cfd44105b54600ffc4b6bd82de57dec65571bcb117fa8398ba3,74139 2 74663 2
b83d1d77935b6cfd44105b54600ffc4b6bd82de57dec65571bcb117fa8398ba3,135467 2 135991 2 136515 4 137025 2 137037 6 137549 6 137559 6 138073 6 138083 6 138595 18 139119 16 139643 12 140167 12 140691 12 141215 10 141739 10 142263 10 142787 10 143311 10 143835 10 144367 2
b83d1d77935b6cfd44105b54600ffc4b6bd82de57dec65571bcb117fa8398ba3,267 4 789 8 1313 8 1837 8 2361 8 2885 6 3409 6 3933 6
b83d1d77935b6cfd44105b54600ffc4b6bd82de57dec65571bcb117fa8398ba3,75725 2 76247 4 76771 4 77295 4
b83d1d77935b6cfd44105b54600ffc4b6bd82de57dec65571bcb117fa8398ba3,129695 2 130219 2 130743 2
b83d1d77935b6cfd44105b54600ffc4b6bd82de57dec65571bcb117fa8398ba3,146475 2 146995 8 147517 10 148041 10 148565 10 149087 15 149611 17 150135 17 150659 17 151183 15 151707 15 152233 2 152239 7
b83d1d77935b6cfd44105b54600ffc4b6bd82de57dec65571bcb117fa8398ba3,8663 2 9187 2 9711 4 10235 4 10759 4 11283 4 11807 4 12331 4 12857 2 13381 2 13905 2 14429 2 14953 2
b83d1d77935b6cfd44105b54600ffc4b6bd82de57dec65571bcb117fa8398ba3,40627 2 41151 2 41675 2 42199 2 42723 2
b83d1d77935b6cfd44105b54600ffc4b6bd82de57dec65571bcb117fa8398ba3,53203 9 53727 11 54251 11 54775 11 55299 13 55823 13 56349 11 56873 11 57399 9 57923 9 58447 9 58971 9 59495 9 60019 9 60543 9 61065 11 61589 11 62113 11 62637 11 63161 11 63687 9 64211 7 64735 7 65259 7
b83d1d77935b6cfd44105b54600ffc4b6bd82de57dec65571bcb117fa8398ba3,83073 2 83595 4 84119 4 84643 4 85167 2 85691 2
b83d1d77935b6cfd44105b54600ffc4b6bd82de57dec65571bcb117fa8398ba3,139665 5 140189 5 140713 5 141237 5 141761 5 142283 4
b83d1d77935b6cfd44105b54600ffc4b6bd82de57dec65571bcb117fa8398ba3,38544 2 39068 2 39583 7 39592 2 40107 9
b83d1d77935b6cfd44105b54600ffc4b6bd82de57dec65571bcb117fa8398ba3,65278 4 65800 6 66322 8 66846 8 67368 10 67890 12 68412 12 68936 12 69460 10 69984 8 70508 8 71032 6 71558 2 72080 4 72604 4 73128 4 73652 4 74176 4 74700 4 75224 4 75748 4 76270 4 76794 4 77314 8 77838 4 77844 2 78362 4 78368 2 78883 7 78892 2 79407 11 79931 11 80455 11 80979 3 80984 2 80988 2 81503 3 81512 8 82038 6 82562 6 83086 6
b83d1d77935b6cfd44105b54600ffc4b6bd82de57dec65571bcb117fa8398ba3,162728 2 163250 4 163774 4 164295 7 164819 7 165343 5 165867 5 166391 5 166915 3 167439 3 167963 3 168487 3
b83d1d77935b6cfd44105b54600ffc4b6bd82de57dec65571bcb117fa8398ba3,105090 2 105612 4 106136 4 106660 4 107184 4
b83d1d77935b6cfd44105b54600ffc4b6bd82de57dec65571bcb117fa8398ba3,123436 4 123960 4 124484 4 125006 6 125530 6 126054 6 126576 8 127098 10 127620 12 128144 12 128672 8 129196 8 129720 8 130244 8 130768 8 131292 8 131816 8 132340 8 132864 6 133388 8 133912 8 134436 8 134960 8 135482 14 136006 14 136530 16 137056 14 137582 10 138106 10 138634 6 139158 6 139682 6 140206 6 140730 6 141254 8 141778 8 142300 10 142822 12 143346 12 143870 12 144392 14 144916 16 145438 18 145962 18 146486 6 146494 10 147010 4 147020 8 147548 2 148072 2
b83d1d77935b6cfd44105b54600ffc4b6bd82de57dec65571bcb117fa8398ba3,97234 2 97754 6 98278 6 98802 4 99326 4
b83d1d77935b6cfd44105b54600ffc4b6bd82de57dec65571bcb117fa8398ba3,816 2 1340 2 1864 2
b83d1d77935b6cfd44105b54600ffc4b6bd82de57dec65571bcb117fa8398ba3,19684 2 20206 4 20730 4 21254 4 21776 6 22300 6 22824 6 23348 6 23872 4
b83d1d77935b6cfd44105b54600ffc4b6bd82de57dec65571bcb117fa8398ba3,112954 2 113476 4 114000 4 114524 4
b83d1d77935b6cfd44105b54600ffc4b6bd82de57dec65571bcb117fa8398ba3,44310 4 44834 4 45360 2
b83d1d77935b6cfd44105b54600ffc4b6bd82de57dec65571bcb117fa8398ba3,90948 2 91470 4 91994 4 92518 4 93042 2 93566 2
b83d1d77935b6cfd44105b54600ffc4b6bd82de57dec65571bcb117fa8398ba3,35408 6 35930 10 36452 12 36976 12 37500 12 38024 12 38548 12 39072 12 39600 8 40124 6 40648 8 41172 8 41696 8 42220 8 42744 8 43270 6 43794 8 44318 8 44842 8 45368 6 45892 6 46416 6 46940 6 47464 8 47988 8 48512 8 49036 8 49562 6 50086 6 50610 6 51134 6 51658 6 52184 2 52708 2
b83d1d77935b6cfd44105b54600ffc4b6bd82de57dec65571bcb117fa8398ba3,158550 2 159072 6 159596 6 160120 6 160642 10 161166 10 161690 10 162212 12 162738 12 163264 10 163788 10 164312 10 164836 10 165360 12 165884 12 166408 14 166932 16 167456 16 167980 16 168508 14 169036 10 169560 10 170086 8 170608 10 171132 10 171656 10 172180 10 172704 10 173226 12 173750 12 174274 12 174798 12 175322 10 175846 10 176370 10 176894 10 177418 10 177942 10 178466 8
b83d1d77935b6cfd44105b54600ffc4b6bd82de57dec65571bcb117fa8398ba3,73154 4 73676 8 74198 12 74722 12 75246 12 75768 14 76292 14 76816 14 77340 14 77862 16 78386 16 78908 18 79432 16 79954 20 80478 20 81002 20 81524 22 82048 22 82572 22 83096 22 83620 22 84144 6 84154 10 84668 6 84678 10 85192 6 85204 8 85716 6 85728 8 86240 6 86252 8 86764 6 86776 8 87286 8 87300 6 87810 6 87824 6 88334 6 88348 6 88858 6 88872 6 89380 6 89398 2 89904 4 89922 2 90428 4 90446 2 90970 2
b83d1d77935b6cfd44105b54600ffc4b6bd82de57dec65571bcb117fa8398ba3,100916 4 101438 6 101962 8 102486 8 103008 10 103532 10 104056 10 104580 10 105104 8 105626 10 106150 10 106674 10 107198 10 107724 8 108248 8 108772 8 109296 8 109822 10 110346 10 110872 8 111396 8 111924 2 112448 2
b83d1d77935b6cfd44105b54600ffc4b6bd82de57dec65571bcb117fa8398ba3,10794 2 11318 2 11840 4 12362 6 12886 6 13410 6 13936 4 14460 4 14984 4 15508 4 16032 4
b83d1d77935b6cfd44105b54600ffc4b6bd82de57dec65571bcb117fa8398ba3,26000 5 26524 5 27048 5 27570 7 28094 7 28618 7 29142 7 29666 7 30192 2
b83d1d77935b6cfd44105b54600ffc4b6bd82de57dec65571bcb117fa8398ba3,154380 11 154904 15 155428 15 155952 15 156474 19 156998 19 157522 19 158046 19 158570 19 159094 17 159620 15 160144 15 160668 15 161192 15 161716 15 162240 15 162766 13 163290 13 163814 13 164338 13 164865 10 165389 8 165913 8 166439 6 166963 6 167489 2 168013 2
b83d1d77935b6cfd44105b54600ffc4b6bd82de57dec65571bcb117fa8398ba3,129237 4 129759 6 130283 6 130807 6 131329 8 131853 8 132377 8 132901 8 133425 8 133949 8 134470 11 134994 11 135521 8 136045 8 136569 10 137093 10 137617 10 138141 10 138665 10 139189 10 139713 8 140237 8 140763 6 141287 6 141811 6 142337 2
b83d1d77935b6cfd44105b54600ffc4b6bd82de57dec65571bcb117fa8398ba3,103041 4 103565 4 104089 4 104613 4 105137 4 105659 6 106183 6 106705 8 107225 12 107749 12 108273 12 108797 12 109323 10 109849 8 110373 8 110899 6 111425 2
b83d1d77935b6cfd44105b54600ffc4b6bd82de57dec65571bcb117fa8398ba3,16053 2
b83d1d77935b6cfd44105b54600ffc4b6bd82de57dec65571bcb117fa8398ba3,19721 2 20245 2 20769 2 21293 2 21817 2
b83d1d77935b6cfd44105b54600ffc4b6bd82de57dec65571bcb117fa8398ba3,56403 4 56927 4 57451 6 57975 8 58499 10 59023 10 59547 10 60071 10 60595 10 61119 10 61643 10 62167 10 62691 10 63215 10 63741 10 64265 10 64789 10 65313 10 65837 10 66361 10 66885 10 67409 10 67933 10 68459 8 68983 8 69509 6 70035 2 70559 2
b83d1d77935b6cfd44105b54600ffc4b6bd82de57dec65571bcb117fa8398ba3,171177 6 171701 6 172223 8 172747 8 173269 10 173793 10 174317 10 174841 10 175365 10 175889 10 176413 10 176937 10 177459 12 177983 12 178507 12 179031 12 179555 12 180081 8 180605 8
b83d1d77935b6cfd44105b54600ffc4b6bd82de57dec65571bcb117fa8398ba3,117727 2 118251 2 118773 4 119297 4 119821 4 120345 4 120869 6 121393 6 121917 6 122441 6 122965 4 123491 2 124015 2
b83d1d77935b6cfd44105b54600ffc4b6bd82de57dec65571bcb117fa8398ba3,141330 4 141854 4 142373 9 142883 4 142897 9 143405 8 143419 11 143929 8 143943 11 144453 10 144465 13 144977 25 145501 25 146025 25 146549 25 147073 25 147597 25 148121 25 148643 27 149167 27 149691 27 150215 27 150741 25 151265 23 151789 23 152313 23 152839 6 152851 7 153363 6 153377 2 153887 6 153901 2 154411 4
b83d1d77935b6cfd44105b54600ffc4b6bd82de57dec65571bcb117fa8398ba3,49609 4 50133 4 50657 4 51181 4 51705 4 52229 4 52753 4 53277 4 53801 2
b83d1d77935b6cfd44105b54600ffc4b6bd82de57dec65571bcb117fa8398ba3,38611 4 39135 4 39657 6 40181 8 40705 8 41229 8 41753 8 42277 6 42801 6 43325 6 43849 2 43853 2 44373 2 44897 2 45421 2
b83d1d77935b6cfd44105b54600ffc4b6bd82de57dec65571bcb117fa8398ba3,106739 2 107259 6 107783 6 108307 6 108829 10 109353 10 109877 10 110401 10 110925 10 111449 10 111973 10 112497 10 113021 10 113545 10 114069 8 114593 8 115117 8 115643 4 116167 4
b83d1d77935b6cfd44105b54600ffc4b6bd82de57dec65571bcb117fa8398ba3,79493 5 80017 5 80541 5 81065 7
b83d1d77935b6cfd44105b54600ffc4b6bd82de57dec65571bcb117fa8398ba3,89458 2 89980 6 90504 6 91026 8 91550 8 92074 8 92598 8 93122 8 93643 11 94167 11 94691 11 95215 11 95739 9 96263 9 96787 9 97311 9 97835 9 98359 9 98886 4 99410 2
b83d1d77935b6cfd44105b54600ffc4b6bd82de57dec65571bcb117fa8398ba3,908 4 1432 4 1956 6 2478 10 3002 10 3526 10 4048 12 4572 12 5096 12 5620 12 6144 12 6666 14 7190 14 7716 12 8240 10 8764 10 9288 10 9812 8 10336 8 10860 4 11384 4
b83d1d77935b6cfd44105b54600ffc4b6bd82de57dec65571bcb117fa8398ba3,32348 2 32872 2 33394 4 33918 4 34442 4 34966 4 35490 4 36014 4 36538 4 37062 4 37584 8 38108 10 38630 14 39154 14 39678 18 40202 20 40726 20 41250 20 41774 20 42298 20 42320 8 42822 20 42844 8 43346 32 43872 30 44400 26 44924 26 45450 10 45462 10 45976 8 45988 6 46500 6 47024 6 47550 4 48074 4 48600 2 49124 2 49648 2 50172 2 50696 2 51220 2
b83d1d77935b6cfd44105b54600ffc4b6bd82de57dec65571bcb117fa8398ba3,129290 4 129814 4 130338 4 130860 6 131384 6 131908 6 132432 6 132956 6 133480 6 134004 6 134528 6 135052 4 135576 4 136100 4 136624 2
b83d1d77935b6cfd44105b54600ffc4b6bd82de57dec65571bcb117fa8398ba3,58028 4 58552 4 59076 4 59600 4 60124 2 60648 2 61172 2 61696 2 62220 2 62744 2 63268 2
b83d1d77935b6cfd44105b54600ffc4b6bd82de57dec65571bcb117fa8398ba3,18216 4 18228 7 18738 6 18750 9 19262 6 19274 9 19786 21 20308 21 20832 21 21356 21 21880 21 22404 18 22928 18 23452 16 23974 14 24498 12 25022 12 25546 12 26070 10 26594 10 27118 10 27642 10 28164 12 28688 10 29212 10 29736 10 30262 6 30786 4 31310 4
b83d1d77935b6cfd44105b54600ffc4b6bd82de57dec65571bcb117fa8398ba3,76386 2 76910 2 77432 4 77956 4 78480 4 79002 6 79526 6 80048 8 80572 8 81096 8 81620 6 82142 8 82666 8 83190 8 83714 8 84238 8 84762 8 85286 8 85812 6 86336 6 86860 6 87384 6 87910 2 88434 2
b83d1d77935b6cfd44105b54600ffc4b6bd82de57dec65571bcb117fa8398ba3,2502 2 3022 8 3546 8 4070 10 4594 10 5118 10 5642 10 6166 8 6690 6 7214 6 7738 6 8262 4
b83d1d77935b6cfd44105b54600ffc4b6bd82de57dec65571bcb117fa8398ba3,64340 2 64864 2 65386 7 65906 11 66430 11 66954 11 67476 13 67998 12 68522 12 69046 12 69570 4 70094 2 70618 2
b83d1d77935b6cfd44105b54600ffc4b6bd82de57dec65571bcb117fa8398ba3,134546 2 135070 4 135594 4 136118 4 136642 4 137166 4
b83d1d77935b6cfd44105b54600ffc4b6bd82de57dec65571bcb117fa8398ba3,9838 6 10362 6 10888 4 11412 4
b83d1d77935b6cfd44105b54600ffc4b6bd82de57dec65571bcb117fa8398ba3,52286 7 52810 7 53332 11 53854 13 54378 13 54902 13 55426 15 55950 15 56476 13 57000 13 57524 13 58048 13 58574 11 59098 11 59624 7 60150 3 60674 3
b83d1d77935b6cfd44105b54600ffc4b6bd82de57dec65571bcb117fa8398ba3,162854 3 163378 3 163902 3 164426 3 164948 7 165472 7 165996 7 166520 7 167044 5 167568 5 168092 5 168616 5 169140 5 169664 5 170188 2 170712 2
b83d1d77935b6cfd44105b54600ffc4b6bd82de57dec65571bcb117fa8398ba3,97363 2 97883 6 98407 6 98931 6 99455 6 99977 8 100501 8 101025 8 101549 8 102073 6 102597 6 103121 6 103645 6 104169 6 104693 6 105214 7 105743 2 106267 2
b83d1d77935b6cfd44105b54600ffc4b6bd82de57dec65571bcb117fa8398ba3,7755 2
b83d1d77935b6cfd44105b54600ffc4b6bd82de57dec65571bcb117fa8398ba3,21911 4 22433 8 22957 8 23481 8 23491 4 24005 16 24529 8 24539 6 25053 8 25063 6 25575 10 25587 6 26099 10 26111 6 26623 8 26635 4 27147 8 27159 4 27669 10 28191 12 28715 10 29239 10 29763 8 30289 6
b83d1d77935b6cfd44105b54600ffc4b6bd82de57dec65571bcb117fa8398ba3,36057 6 36579 8 37103 8 37627 8 38151 8 38673 8 39197 8 39721 6 40245 4 40769 4 41293 4 41817 4 42339 6 42863 6 43389 2
b83d1d77935b6cfd44105b54600ffc4b6bd82de57dec65571bcb117fa8398ba3,65933 4 66455 6 66979 6 67501 10 68025 10 68547 12 69071 12 69595 12 70119 12 70643 12 71167 12 71691 12 72215 12 72739 12 73263 12 73787 12 74311 12 74835 12 75359 10 75885 8 76409 6 76933 6
b83d1d77935b6cfd44105b54600ffc4b6bd82de57dec65571bcb117fa8398ba3,9867 4 10389 6 10911 10 11435 10 11959 8 12483 8 13007 6 13531 6 14055 6
b83d1d77935b6cfd44105b54600ffc4b6bd82de57dec65571bcb117fa8398ba3,133531 2 134055 2 134579 2 135103 4 135627 4 136151 4 136675 4 137199 4 137723 4 138247 4 138771 4 139295 4 139819 4 140343 4 140869 2
b83d1d77935b6cfd44105b54600ffc4b6bd82de57dec65571bcb117fa8398ba3,41839 8 42361 10 42885 10 43409 12 43931 14 44457 2 44461 8 44981 2 44985 8 45503 4 45511 4 46027 4 46035 4 46551 2 46559 4 47075 2 47083 4 47597 2 47605 6 48129 6 48653 6 49177 6 49703 2
b83d1d77935b6cfd44105b54600ffc4b6bd82de57dec65571bcb117fa8398ba3,55987 4 56509 8 57033 8 57557 8 58081 8 58605 6 59129 6 59655 2
b83d1d77935b6cfd44105b54600ffc4b6bd82de57dec65571bcb117fa8398ba3,133021 2 133543 4 134067 4 134591 4
b83d1d77935b6cfd44105b54600ffc4b6bd82de57dec65571bcb117fa8398ba3,178609 6 179131 8 179655 8 180179 8 180703 8 181227 8 181751 8 182277 4
b83d1d77935b6cfd44105b54600ffc4b6bd82de57dec65571bcb117fa8398ba3,30319 2 30843 2 31367 2
b83d1d77935b6cfd44105b54600ffc4b6bd82de57dec65571bcb117fa8398ba3,137741 2 138265 2 138787 4 139311 6 139835 6 140359 6 140883 6 141407 4 141931 4 142455 4 142979 4
b83d1d77935b6cfd44105b54600ffc4b6bd82de57dec65571bcb117fa8398ba3,117838 6 118362 6 118884 8 119408 8 119932 10 120456 10 120977 13 121504 10 122028 10 122552 10 123076 8 123600 8 124124 8 124648 8 125172 8 125696 8 126220 8 126741 11 127265 11 127789 9 128313 9 128837 9 129364 4
b83d1d77935b6cfd44105b54600ffc4b6bd82de57dec65571bcb117fa8398ba3,26668 2 27192 2 27714 6 28236 8 28758 10 29282 10 29806 8 30330 8 30856 6 31380 6 31904 4 32428 2 32952 2
b83d1d77935b6cfd44105b54600ffc4b6bd82de57dec65571bcb117fa8398ba3,169194 2 169718 2 170240 6 170762 8 171286 8 171810 8 172334 8 172860 2
b83d1d77935b6cfd44105b54600ffc4b6bd82de57dec65571bcb117fa8398ba3,180196 2
b83d1d77935b6cfd44105b54600ffc4b6bd82de57dec65571bcb117fa8398ba3,58112 2 58634 4 59158 4 59682 4 60204 6 60728 6 61252 6 61776 6 62300 6 62824 6 63348 6 63874 4 64400 2 64924 2 65448 2
b83d1d77935b6cfd44105b54600ffc4b6bd82de57dec65571bcb117fa8398ba3,13056 2 13580 2 14104 2 14626 6 15150 6 15674 6 16196 8 16720 6 17244 6 17766 8 18288 8 18814 6 19338 6 19864 2
b83d1d77935b6cfd44105b54600ffc4b6bd82de57dec65571bcb117fa8398ba3,147726 4 148250 4 148774 4 149298 4 149822 4 150346 4 150870 4 151394 4 151918 4 152440 6 152964 6 153488 6 154012 6 154536 6 155060 6
b83d1d77935b6cfd44105b54600ffc4b6bd82de57dec65571bcb117fa8398ba3,119958 2 120482 2 121004 4 121528 6 122052 6 122576 6 123100 6 123622 8 124146 8 124670 8 125196 6 125720 6 126244 6 126768 6 127292 6 127816 6 128340 6 128864 4
b83d1d77935b6cfd44105b54600ffc4b6bd82de57dec65571bcb117fa8398ba3,24080 2 24604 5 25128 5 25652 5 26176 5 26700 5 27224 5 27748 5 28272 5 28794 7 29318 7 29840 9 30364 9 30888 6 31412 6 31932 10 32452 12 32976 12 33498 14 34022 12 34544 14 35068 14 35592 12 36116 12 36640 12 37164 12 37688 12 38212 12 38736 10 39260 10 39784 6
b83d1d77935b6cfd44105b54600ffc4b6bd82de57dec65571bcb117fa8398ba3,2064 2 2588 2
b83d1d77935b6cfd44105b54600ffc4b6bd82de57dec65571bcb117fa8398ba3,9937 6 10456 11 10976 13 11500 13 12022 11 12546 8 13070 6 13594 6 14118 4
b83d1d77935b6cfd44105b54600ffc4b6bd82de57dec65571bcb117fa8398ba3,502 9 1026 11 1550 11 2072 13 2596 13 3120 13 3644 13 4168 11 4692 11 5216 11
b83d1d77935b6cfd44105b54600ffc4b6bd82de57dec65571bcb117fa8398ba3,66526 5 67050 5 67574 5 68096 7 68620 7 69144 7 69668 7 70194 3 70718 3 71242 3
b83d1d77935b6cfd44105b54600ffc4b6bd82de57dec65571bcb117fa8398ba3,48189 8 48713 8 49237 8 49758 11 50282 11 50806 11 51330 11 51854 11 52378 9 52902 9 53426 9 53953 6
b83d1d77935b6cfd44105b54600ffc4b6bd82de57dec65571bcb117fa8398ba3,111597 6 112119 14 112643 14 113167 14 113691 14 114215 14 114739 14 115263 14 115787 14 116311 14 116835 14 117361 14 117887 12 118411 12 118937 10 119459 14 119983 14 120507 14 121031 12 121555 12 122081 8 122605 8 123129 2
b83d1d77935b6cfd44105b54600ffc4b6bd82de57dec65571bcb117fa8398ba3,34575 2 35099 2 35623 2 36145 4 36669 2 37193 2 37717 2 38239 4 38765 2 39289 2
b83d1d77935b6cfd44105b54600ffc4b6bd82de57dec65571bcb117fa8398ba3,167675 2 168199 2 168723 2 169247 6 169771 6 170293 6 170817 6 171343 4 171867 4 172391 2
b83d1d77935b6cfd44105b54600ffc4b6bd82de57dec65571bcb117fa8398ba3,49775 2 50299 4 50823 4 51347 2 51871 2
b83d1d77935b6cfd44105b54600ffc4b6bd82de57dec65571bcb117fa8398ba3,162959 2 163483 2 164007 2 164531 2 165055 2 165579 2 166103 2 166627 2
ade080c6618cbbb0a25680cf847f312b5e19b22bfe1cafec0436987ebe5b1e7e,326616 16 327136 16 327656 16 328170 26 328690 26 329208 30 329728 30 330248 30 330766 32 331286 32 331806 32 332324 36 332844 36 333364 36 333884 36 334404 36 334924 36 335444 36 335964 36 336486 34 337006 34 337526 34 338046 38 338566 38 339086 38 339608 48 340128 48 340648 51 341168 51 341688 51 342206 55 342726 55 343246 55 343764 59 344284 59 344802 61 345322 61 345842 61 346362 61 346882 61 347402 61 347920 63 348440 63 348960 63 349482 59 350002 59 350522 59 351042 59 351562 59 352082 57 352602 57 353122 57 353644 55 354164 55 354686 50 355206 50 355726 50 356248 44 356768 44 357288 44 357812 38 358332 38 358852 38 359374 32 359894 32 360422 20 360942 20 361462 20
ade080c6618cbbb0a25680cf847f312b5e19b22bfe1cafec0436987ebe5b1e7e,274136 7 274656 7 275176 7 275684 31 276204 31 276724 31 277236 45 277756 45 278276 45 278792 51 279312 51 279828 57 280348 57 280868 57 281384 61 281904 61 282424 61 282942 65 283462 65 283980 67 284500 67 285020 67 285540 67 286060 67 286580 67 287098 67 287618 67 288138 67 288658 67 289178 67 289696 38 289739 24 290216 38 290259 24 290736 38 290779 24 291256 34 291776 34 292296 34 292814 30 293334 30 293854 30 294374 28 294894 28 295414 26 295934 26 296454 26 296974 24 297494 24 298014 24 298536 20 299056 20 299576 18 300096 18 300616 18 301140 12 301660 12 302180 12
ade080c6618cbbb0a25680cf847f312b5e19b22bfe1cafec0436987ebe5b1e7e,171150 10 171670 10 172190 10 172706 20 173226 20 173742 30 174262 30 174782 30 175300 36 175820 36 176340 36 176858 41 177378 41 177898 41 178418 41 178938 41 179458 41 179978 41 180498 41 181018 41 181538 41 182058 41 182578 41 183098 41 183618 41 184138 41 184658 41 185178 38 185698 38 186218 38 186740 34 187260 34 187780 34 188302 32 188822 32 189344 28 189864 28 190384 28 190908 20 191428 20 191948 20 192470 14 192990 14
ade080c6618cbbb0a25680cf847f312b5e19b22bfe1cafec0436987ebe5b1e7e,73402 23 73922 23 74442 23 74956 31 75476 31 75996 31 76514 35 77034 35 77554 35 78072 37 78592 37 79110 39 79630 39 80150 39 80668 39 81188 39 81708 39 82228 37 82748 37 83268 37 83788 37 84308 37 84828 35 85348 35 85868 35 86390 31 86910 31 87430 31 87952 27 88472 27 88994 20 89514 20 90034 20 90558 10 91078 10 91598 10
ade080c6618cbbb0a25680cf847f312b5e19b22bfe1cafec0436987ebe5b1e7e,80749 4 81269 4 81789 4 82281 14 82301 20 82328 16 82801 14 82821 20 82848 16 83317 73 83837 73 84357 73 84877 75 85397 75 85917 75 86435 79 86955 79 87475 79 87993 83 88513 83 89031 85 89551 85 90071 85 90589 87 91109 87 91629 87 92147 89 92667 89 93183 48 93241 33 93703 48 93761 33 94223 48 94281 33 94741 34 94804 28 95261 34 95324 28 95781 34 95844 28 96301 28 96368 20 96821 28 96888 20 97341 28 97408 20 97861 26 97934 6 98381 26 98454 6 98903 22 99423 22 99943 22 100469 10 100989 10 101509 10
ade080c6618cbbb0a25680cf847f312b5e19b22bfe1cafec0436987ebe5b1e7e,275796 8 276316 8 276836 8 277342 32 277862 32 278382 32 278898 40 279418 40 279936 44 280456 44 280976 44 281494 46 282014 46 282534 46 283052 48 283572 48 284092 46 284612 46 285132 46 285650 44 286170 44 286690 44 287210 42 287730 42 288250 42 288772 40 289292 40 289812 42 290332 42 290852 42 291374 40 291894 40 292414 40 292938 38 293458 38 293978 38 294500 36 295020 36 295544 32 296064 32 296584 32 297108 26 297628 26 298148 26 298672 18 299192 18
ade080c6618cbbb0a25680cf847f312b5e19b22bfe1cafec0436987ebe5b1e7e,356416 10 356936 10 357456 10 357972 23 358492 23 359012 23 359524 33 360044 33 360564 33 361084 33 361604 33
ade080c6618cbbb0a25680cf847f312b5e19b22bfe1cafec0436987ebe5b1e7e,283137 14 283657 14 284173 24 284693 24 285213 24 285713 10 285731 30 286233 10 286251 30 286753 10 286771 30 287271 52 287791 52 288311 52 288831 54 289351 54 289869 58 290389 58 290909 58 291426 63 291946 63 292466 63 292984 65 293504 65 294024 65 294542 69 295062 69 295582 69 296102 69 296622 69 297142 69 297662 69 298182 69 298704 67 299224 67 299746 63 300266 63 300786 63 301309 58 301829 58 302349 58 302871 30 303391 30 303911 30 304433 26 304953 26 305477 18 305997 18 306517 18 307047 2 307567 2 308087 2
ade080c6618cbbb0a25680cf847f312b5e19b22bfe1cafec0436987ebe5b1e7e,27366 18 27886 18 28400 26 28920 26 29440 26 29931 55 30451 55 30971 55 31483 65 32003 65 32523 65 33039 67 33559 67 34075 69 34595 69 35115 69 35631 69 36151 69 36671 69 37191 59 37711 59 38227 55 38747 55 39267 55 39777 61 40297 61 40817 61 41335 59 41855 59 42375 59 42895 57 43415 57 43935 57 44455 57 44975 57 45495 55 46015 55 46535 55 47057 49 47577 49 48101 43 48621 43 49141 43 49671 20 50191 20 50711 20
ade080c6618cbbb0a25680cf847f312b5e19b22bfe1cafec0436987ebe5b1e7e,324245 25 324765 25 325281 35 325801 35 326321 35 326839 41 327359 41 327879 41 328397 47 328917 47 329435 53 329955 53 330475 53 330995 55 331515 55 332035 55 332553 61 333073 61 333593 61 334113 61 334633 61 335153 63 335673 63 336193 63 336713 63 337233 63 337753 63 338273 63 338793 63 339313 63 339835 61 340355 61 340875 61 341395 61 341915 61 342437 57 342957 57 343477 57 344001 51 344521 51 345045 43 345565 43 346085 43 346609 35 347129 35 347649 35 348184 10 348704 10 349224 10
ade080c6618cbbb0a25680cf847f312b5e19b22bfe1cafec0436987ebe5b1e7e,233871 37 234391 37 234909 41 235429 41 235949 41 236465 47 236985 47 237505 47 238019 53 238539 53 239057 55 239577 55 240097 55 240615 57 241135 57 241655 57 242175 55 242695 55 243215 55 243735 55 244255 55 244775 53 245295 53 245815 53 246335 51 246855 51 247375 51 247897 49 248417 49 248937 49 249457 47 249977 47 250499 42 251019 42 251539 42 252063 36 252583 36 253103 36 253629 22 254149 22
ade080c6618cbbb0a25680cf847f312b5e19b22bfe1cafec0436987ebe5b1e7e,31605 16 32125 16 32645 16 33161 29 33681 29 34201 35 34721 35 35241 35 35761 39 36281 39 36801 39 37321 39 37841 39 38361 41 38881 41 39401 41 39921 41 40441 41 40961 41 41479 43 41999 43 42519 43 43039 43 43559 43 44077 43 44597 43 45117 43 45633 47 46153 47 46673 47 47191 45 47711 45 48229 45 48749 45 49269 45 49787 41 50307 41 50827 41 51349 30 51869 30 52389 30 52909 24 53429 24 53953 8 54473 8 54993 8
ade080c6618cbbb0a25680cf847f312b5e19b22bfe1cafec0436987ebe5b1e7e,192791 2 193311 2 193829 6 194349 6 194869 6 195389 6 195909 6 196429 6 196949 6 197469 6 197989 6
ade080c6618cbbb0a25680cf847f312b5e19b22bfe1cafec0436987ebe5b1e7e,281796 21 282316 21 282836 21 283350 35 283870 35 284384 45 284904 45 285424 45 285938 55 286458 55 286978 55 287496 57 288016 57 288536 57 289054 61 289574 61 290094 61 290614 61 291134 61 291654 61 292174 61 292694 61 293216 57 293736 57 294256 57 294776 55 295296 55 295816 53 296336 53 296856 53 297374 53 297894 53 298414 53 298928 57 299448 57 299964 59 300031 8 300484 59 300551 8 301004 59 301071 8 301524 55 301589 10 302044 55 302109 10 302564 55 302629 10 303082 30 303116 8 303147 14 303602 30 303636 8 303667 14 304122 30 304156 8 304187 14 304642 30 304705 16 305162 30 305225 16 305682 30 305741 18 306202 30 306261 18 306722 30 306781 18 307242 30 307289 30 307762 30 307809 30 308282 30 308329 30 308802 30 308844 35 309322 30 309364 35 309842 30 309880 41 310362 30 310400 41 310882 30 310920 41 311406 26 311438 43 311926 26 311958 43 312446 26 312478 43 312986 55 313506 55 314026 55 314548 53 315068 53 315568 16 315590 33 315627 14 316088 16 316110 33 316147 14 316608 16 316630 33 316667 14 317122 57 317191 8 317642 57 317711 8 318162 57 318231 8 318676 46 319196 46 319714 38 320234 38 320754 38 321272 40 321792 40 322312 40 322832 40 323352 40 323872 40 324392 40 324912 40 325434 38 325954 38 326474 38 326996 36 327516 36 328036 36 328558 34 329078 34 329600 32 330120 32 330640 32 331162 28 331682 28 332202 28 332722 26 333242 26 333762 26 334286 12 334806 12
ade080c6618cbbb0a25680cf847f312b5e19b22bfe1cafec0436987ebe5b1e7e,160086 16 160606 16 161126 16 161640 34 162160 34 162680 34 163198 48 163718 48 164236 57 164756 57 165276 57 165794 61 166314 61 166834 61 167354 63 167874 63 168394 63 168914 65 169434 65 169954 65 170474 65 170994 65 171516 63 172036 63 172556 63 173076 63 173596 63 174120 57 174640 57 175160 57 175686 47 176206 47 176726 47
ade080c6618cbbb0a25680cf847f312b5e19b22bfe1cafec0436987ebe5b1e7e,113341 14 113861 14 114381 14 114897 24 115417 24 115937 24 116457 24 116977 24 117497 24 118015 26 118535 26 119057 24 119577 24 120097 24 120617 24 121137 24 121657 24 122179 22 122699 22 123219 22 123743 18 124263 18 124785 16 125305 16 125825 16 126347 14 126867 14 127387 14 127909 12 128429 12 128955 6 129475 6 129995 6
ade080c6618cbbb0a25680cf847f312b5e19b22bfe1cafec0436987ebe5b1e7e,78511 10 79031 10 79545 16 80065 16 80585 16 81103 18 81623 18 82143 18 82661 20 83181 20 83699 22 84219 22 84739 22 85259 22 85779 22 86299 22 86819 22 87339 22 87859 22 88379 22 88899 22 89419 22 89939 22 90459 22 90981 20 91501 20 92021 20 92541 20 93061 20 93583 18 94103 18 94623 18 95145 16 95665 16 96185 16 96707 14 97227 14 97747 14 98273 8 98793 8
1962d0c5faf3e85cda80e0578e0cb7aca50826d781620e5c1c4cc586bc69f81a,3 8 520 12 1039 12 1558 14 2077 16 2596 16 3115 16 3634 16 4153 16 4672 16 5191 16 5710 16 6229 16 6748 16 7269 12 7788 10 8309 6 8830 2
1962d0c5faf3e85cda80e0578e0cb7aca50826d781620e5c1c4cc586bc69f81a,20260 10 20777 14 21294 16 21799 8 21811 20 22318 8 22330 22 22837 8 22847 26 22886 2 23356 8 23366 29 23401 8 23875 55 24394 55 24913 55 25432 57 25951 55 26470 41 26521 2 26989 41 27508 34 28027 8 28037 20 28546 8 28558 16 29065 4 29079 10
1962d0c5faf3e85cda80e0578e0cb7aca50826d781620e5c1c4cc586bc69f81a,30638 2 31155 6 31672 12 32191 12 32710 16 33229 16 33746 18 34265 20 34784 20 35303 20 35822 20 36339 22 36858 22 37375 24 37894 26 38411 28 38930 28 39449 28 39488 2 39968 30 40003 8 40485 32 40519 13 41004 47 41521 49 42040 49 42559 49 43078 49 43597 8 43613 35 44116 4 44134 33 44635 2 44653 33 45172 33 45691 33 46212 31 46735 6 46745 17 47264 17 47783 17 48302 17 48821 19 49342 17 49861 17 50383 14 50902 14 51423 12 51944 10 52465 8 52984 8 53503 8 54024 8 54543 6 55064 4
1962d0c5faf3e85cda80e0578e0cb7aca50826d781620e5c1c4cc586bc69f81a,67471 8 67990 8 68509 10 69028 10 69547 10 70066 10 70585 10 71104 10 71623 10 72142 10 72661 10 73180 10 73699 10 74218 10 74737 12 75256 14 75775 16 76294 18 76817 14 77338 14 77857 16 78374 18 78893 18 79412 20 79931 20 80450 20 80969 20 81488 20 82007 20 82526 20 83045 20 83564 20
1962d0c5faf3e85cda80e0578e0cb7aca50826d781620e5c1c4cc586bc69f81a,55039 6 55556 10 56075 12 56592 16 57109 21 57628 23 58147 23 58664 27 59183 27 59702 27 60221 27 60740 27 61259 27 61778 27 62297 27 62814 29 63333 29 63852 29 64373 27 64892 27 65411 27 65932 25 66453 21 66972 21 67493 19 68012 19 68533 15 69052 15 69571 15 70090 12 70609 12 71130 10 71651 6
1962d0c5faf3e85cda80e0578e0cb7aca50826d781620e5c1c4cc586bc69f81a,21 39 540 39 1059 39 1578 16 1597 20 2097 39 2618 39 3137 39 3656 39 4175 39 4694 39 5213 39 5734 37 6253 37 6772 39 7291 39 7810 39 8331 37 8850 37 9369 35 9888 35 10409 19 10430 12 10928 17 10951 8 11449 15 11970 9 12491 5
1962d0c5faf3e85cda80e0578e0cb7aca50826d781620e5c1c4cc586bc69f81a,74263 10 74776 18 75292 21 75809 25 76328 27 76845 29 77364 31 77883 33 78402 33 78921 7 78930 24 79440 7 79449 26 79959 35 80478 35 80997 35 81514 37 82033 37 82552 39 83071 39 83592 23 83617 10
1962d0c5faf3e85cda80e0578e0cb7aca50826d781620e5c1c4cc586bc69f81a,54072 8 54587 12 55102 18 55619 20 56138 20 56657 18 57174 22 57693 20 58212 20 58729 22 59248 20 59767 20 60286 20 60805 20 61304 4 61326 18 61821 12 61845 16 62338 16 62364 14 62857 18 62885 12 63376 20 63404 12 63893 22 63925 10 64412 24 64444 10 64929 26 64965 14 65448 28 65484 16 65967 28 66005 14 66488 26 66522 18 67009 24 67041 18 67534 20 67560 20 68057 16 68079 20 68576 18 68598 20 69097 16 69117 23 69616 18 69636 23 69665 6 70137 55 70660 53 71183 51 71704 49 72223 49 72742 49 73261 51 73782 49 74301 49 74820 51 75339 51 75860 49 76379 49 76898 49 77417 47 77936 47 78455 45 78974 45 79495 41 80014 41 80533 41 81054 37 81573 37 82092 37 82611 37 83130 37 83649 37
1962d0c5faf3e85cda80e0578e0cb7aca50826d781620e5c1c4cc586bc69f81a,47293 6 47810 10 48329 10 48850 6 49371 4
1962d0c5faf3e85cda80e0578e0cb7aca50826d781620e5c1c4cc586bc69f81a,56116 2 56633 8 57152 8 57671 8 58190 8 58711 4
1962d0c5faf3e85cda80e0578e0cb7aca50826d781620e5c1c4cc586bc69f81a,68 14 589 14 1108 12
1962d0c5faf3e85cda80e0578e0cb7aca50826d781620e5c1c4cc586bc69f81a,28094 2 28613 2
1962d0c5faf3e85cda80e0578e0cb7aca50826d781620e5c1c4cc586bc69f81a,42668 3 43187 3 43704 7 44221 9 44740 9 45259 9 45778 9 46297 9 46818 7 47337 7 47844 19 48361 21 48880 21 49399 21 49920 17 50439 17 50960 15 51483 8
1962d0c5faf3e85cda80e0578e0cb7aca50826d781620e5c1c4cc586bc69f81a,63431 4 63950 4 64469 4
1962d0c5faf3e85cda80e0578e0cb7aca50826d781620e5c1c4cc586bc69f81a,143 28 660 30 1187 22 1716 12 2237 10 2758 8 3277 8 3796 8 4315 8 4834 10 5353 10 5872 10 6391 10 6910 10 7429 10 7950 8 8469 8 8988 8 9487 4 9509 8 10006 4 10030 6 10513 18 10549 8 11032 18 11068 8 11551 20 11587 8 12070 24 12106 8 12589 26 12625 8 13106 28 13142 8 13623 30 13661 8 14140 34 14180 8 14657 36 14699 8 15176 36 15218 8 15695 38 15737 8 16212 40 16256 6 16731 46 17250 46 17769 46 18288 48 18807 48 19326 48 19845 48 20366 48 20885 48 21404 48 21923 48 22442 48 22961 48 23480 48 23999 48 24520 46 25039 46 25558 46 26077 46 26596 46 27117 44 27636 44 28155 44 28674 44 29195 42 29714 42 30233 42 30752 42 31273 40 31792 40 32311 40 32830 40 33349 38 33868 38 34387 38 34906 38 35425 38 35942 40 36461 40 36980 38 37499 38 38018 36 38537 36 39056 36 39575 36 40094 36 40613 36 41132 36 41651 36 42170 38 42689 38 43208 38 43729 36 44248 36 44769 36 45288 36 45807 38 46326 40 46847 38 47368 36 47889 34 48408 34 48929 32 49448 32 49969 30 50490 26 51009 24 51528 22 52049 20 52568 18 53087 16 53608 8 54127 6 54648 2
1962d0c5faf3e85cda80e0578e0cb7aca50826d781620e5c1c4cc586bc69f81a,56702 6 57221 8 57740 8 58259 10 58780 8 59299 6
1962d0c5faf3e85cda80e0578e0cb7aca50826d781620e5c1c4cc586bc69f81a,18350 9 18869 9 19388 11 19907 11 20426 13 20945 13 21464 15 21983 15 22502 15 23024 12 23543 14 24062 14 24581 16 25102 14 25621 14 26140 14 26661 14 27180 14 27701 14 28220 14 28737 16 29254 20 29771 22 30290 24 30806 27 31325 27 31842 31 32361 31 32880 31 33399 33 33918 33 34437 33 34956 33 35475 31 35994 31 36513 31 37032 19 37055 8 37551 19 38070 19 38589 19 38616 2 39108 35 39627 37 40148 37 40667 13 40682 24 41186 39 41705 9 41718 26 42224 7 42237 28 42756 28 43275 28 43794 28 44313 30 44832 30 45351 30 45870 30 46391 28 46910 28 47429 28 47948 30 48467 30 48982 36 49499 38 50016 40 50533 42 51052 42 51569 46 52088 46 52607 46 53126 44 53645 44 54164 44 54680 47 55199 47 55718 47 56237 43 56756 41 57275 41 57794 41 58313 41 58832 41 59351 41 59870 41 60389 41 60908 41 61427 39 61946 39 62443 4 62465 39 62958 12 62984 39 63027 6 63477 12 63503 39 63544 10 63994 16 64025 50 64513 16 64546 50 65030 18 65067 48 65549 18 65586 50 66066 20 66111 44 66585 22 66634 2 66650 24 67104 22 67147 6 67171 22 67623 22 67662 12 67688 24 68142 22 68179 16 68207 24 68661 20 68696 18 68726 24 69180 20 69215 20 69243 26 69699 20 69731 25 69762 26 70218 20 70248 27 70281 24 70737 20 70767 27 70800 24 71256 20 71286 29 71319 24 71775 20 71805 29 71840 22 72294 20 72324 31 72359 20 72813 18 72843 55 73332 18 73362 55 73851 18 73881 55 74370 16 74400 53 74889 16 74919 53 75408 16 75438 53 75925 20 75957 19 75978 30 76446 18 76474 55 76965 20 76995 53 77482 24 77514 53 78001 24 78033 53 78520 24 78552 51 79039 24 79071 51 79556 24 79588 51 80075 24 80107 51 80594 24 80626 49 81111 81 81630 81 82149 79 82668 69 82741 2 83187 69 83708 12 83722 51
1962d0c5faf3e85cda80e0578e0cb7aca50826d781620e5c1c4cc586bc69f81a,1759 6 2276 8 2795 10 3314 10 3833 10 4352 12 4871 12 5388 14 5901 20 6420 20 6937 22 7456 22 7975 22 8494 22 9013 22 9532 20 10051 20 10572 16 11091 16 11610 14 12131 12 12650 10 13173 4
1962d0c5faf3e85cda80e0578e0cb7aca50826d781620e5c1c4cc586bc69f81a,9071 6 9588 10 10105 14 10622 16 11125 6 11139 18 11640 38 12159 38 12678 41 13195 43 13714 45 14219 10 14233 45 14736 63 15255 63 15774 63 16293 61 16814 59 17335 57 17856 55 18377 51 18896 48 19417 44 19938 40 20459 36 20980 32 21499 32 22020 28 22539 28 23060 24 23579 22 24098 16 24619 12 25138 10 25659 10 26178 10 26697 10 27218 8 27737 8 28256 10 28775 10 29294 10 29815 8 30334 8 30853 8 31372 8 31891 8 32410 8 32929 8 33450 4
1962d0c5faf3e85cda80e0578e0cb7aca50826d781620e5c1c4cc586bc69f81a,37622 4 38137 13 38654 15 39171 19 39688 21 40207 21 40726 23 41245 25 41764 25 42283 25 42802 25 43321 25 43840 25 44359 27 44878 27 45397 27 45916 25 46435 25 46954 25 47473 25 47990 27 48509 27 49030 25 49549 25 50068 25 50587 25 51106 25 51625 25 52144 25 52663 25 53182 25 53701 33 54222 35 54741 37 55262 35 55783 35 56304 33 56825 33 57344 33 57863 33 58382 35 58901 35 59420 35 59937 37 60456 37 60975 37 61494 37 62013 37 62532 37 63051 37 63570 37 64089 37 64608 37 65127 37 65646 37 66165 37 66684 37 67203 37 67722 35 68243 33 68762 31 69281 31 69800 29 70319 29 70838 27 71359 25 71878 25 72395 27 72914 27 73433 27 73950 27 74469 27 74988 25 75507 23 76026 21 76543 23 77062 23 77581 23 78098 25 78613 29 79130 33 79647 35 80162 39 80681 39 81198 10 81210 29 81717 10 81731 27 82234 12 82248 29 82753 10 82765 31 83270 12 83284 31 83789 10 83805 21 83828 6
1962d0c5faf3e85cda80e0578e0cb7aca50826d781620e5c1c4cc586bc69f81a,252 8 763 23 1282 23 1803 23 2322 25 2843 23 3364 21 3885 21 4408 17 4931 13 5450 13 5969 13 6488 15 7012 8 7535 4 8054 4 8573 6 9092 6 9611 8 10130 8 10651 6 11172 2
1962d0c5faf3e85cda80e0578e0cb7aca50826d781620e5c1c4cc586bc69f81a,19478 8 19997 8 20514 12 20534 8 21033 12 21051 14 21552 12 21570 14 22071 12 22089 16 22590 12 22608 18 23107 14 23127 18 23626 14 23646 18 24145 14 24167 18 24664 12 24686 18 25183 12 25205 18 25700 14 25724 20 26219 12 26245 18 26738 8 26754 2 26764 20 27257 8 27267 14 27285 18 27780 42 28299 42 28818 42 29335 46 29854 46 30373 46 30892 46 31411 48 31930 48 32449 48 32968 48 33487 48 34008 46 34529 44 35048 44 35567 44 36088 42 36609 40 37128 40 37649 38 38168 38 38689 36 39210 32 39731 26 40252 18 40775 10
1962d0c5faf3e85cda80e0578e0cb7aca50826d781620e5c1c4cc586bc69f81a,11210 2 11721 10 12236 16 12753 18 13272 18 13791 18 14310 18 14829 16 15348 16 15869 14 16388 12 16909 4
1962d0c5faf3e85cda80e0578e0cb7aca50826d781620e5c1c4cc586bc69f81a,49612 4 50131 6 50648 8 51167 8 51684 10 52203 10 52722 10 53241 10 53760 10 54279 10 54798 10 55319 8 55838 8 56359 6 56882 2
1962d0c5faf3e85cda80e0578e0cb7aca50826d781620e5c1c4cc586bc69f81a,69867 2 70386 4 70903 6 71422 8 71941 8 72458 10 72975 14 73492 16 74009 18 74528 18 75047 20 75566 20 76083 20 76602 20 77121 20 77640 20 78159 20 78678 20 79197 20 79714 22 80233 20 80752 20 81271 20 81790 20 82309 20 82828 20 83347 20 83866 18
1962d0c5faf3e85cda80e0578e0cb7aca50826d781620e5c1c4cc586bc69f81a,834 8 1353 8 1874 6 2391 12 2910 21 3431 21 3952 19 4473 10
1962d0c5faf3e85cda80e0578e0cb7aca50826d781620e5c1c4cc586bc69f81a,66230 4 66749 4
1962d0c5faf3e85cda80e0578e0cb7aca50826d781620e5c1c4cc586bc69f81a,14872 2 15389 6 15906 10 16425 10 16944 12 17463 12 17982 14 18501 14 19020 14 19539 14 20058 16 20574 19 21093 21 21612 21 22134 20 22653 20 23172 20 23691 20 24210 22 24731 20 25250 20 25769 20 26288 20 26807 20 27326 20 27847 18 28366 18 28885 18 29404 20 29923 20 30444 18 30963 18 31482 18 32001 20 32520 20 33039 20 33558 20 34079 18 34598 18 35117 18 35636 18 36157 16 36676 16 37195 16 37716 14 38237 10 38758 8
1962d0c5faf3e85cda80e0578e0cb7aca50826d781620e5c1c4cc586bc69f81a,62616 6 63135 10 63651 13 64170 15 64689 15 65208 17 65727 17 66246 17 66765 19 67284 19 67803 19 68325 18 68844 18 69363 18 69882 18 70403 18 70922 18 71441 18 71960 20 72481 18 73002 18 73521 18 74040 18 74561 18 75080 18 75601 16 76120 18 76641 18 77160 18 77681 18 78200 18 78719 20 79240 18 79761 18 80282 16 80801 18 81322 16 81841 16 82362 14 82881 16 83402 14 83921 12
1962d0c5faf3e85cda80e0578e0cb7aca50826d781620e5c1c4cc586bc69f81a,82854 13 83373 13 83892 13
1962d0c5faf3e85cda80e0578e0cb7aca50826d781620e5c1c4cc586bc69f81a,56921 8 57440 8 57959 10 58478 10 58999 8 59518 8 60039 4
1962d0c5faf3e85cda80e0578e0cb7aca50826d781620e5c1c4cc586bc69f81a,356 22 875 22 1394 22 1913 22 2434 18 2953 18 3472 18 3991 18 4510 18 5029 18 5550 16 6069 14 6588 14 7107 14 7628 12 8147 12 8666 12 9185 12 9706 10 10225 10 10744 10 11263 8 11784 4
1962d0c5faf3e85cda80e0578e0cb7aca50826d781620e5c1c4cc586bc69f81a,41884 2 42401 6 42918 10 43437 10 43956 12 44475 12 44994 12 45513 14 46032 14 46551 14 47070 16 47589 16 48110 14 48629 14 49148 16 49667 16 50188 14 50707 14 51226 14 51745 16 52266 14 52785 14 53304 14 53825 14 54344 14 54863 14 55384 14 55903 14 56422 14 56943 12 57462 12 57981 12 58502 10 59021 10 59542 8 60063 4
1962d0c5faf3e85cda80e0578e0cb7aca50826d781620e5c1c4cc586bc69f81a,12317 6 12836 8 13355 8 13874 8 14393 10 14912 10 15431 10 15952 10 16471 10 16990 12 17509 12 18028 12 18547 14 19066 14 19585 14 20104 16 20623 16 21144 14 21663 14 22184 12 22703 14 23222 14 23741 14 24260 16 24779 16 25298 16 25819 16 26338 16 26857 16 27376 16 27895 16 28414 16 28935 14 29454 16 29973 16 30492 16 31013 14 31532 14 32051 14 32570 14 33091 12 33610 12 34129 12 34648 12 35169 10 35688 10 36207 10 36726 12 37245 12 37766 13 38285 13 38804 13 39325 11 39844 11 40363 11 40884 9 41403 9 41924 7 42443 7 42962 7 43483 5
1962d0c5faf3e85cda80e0578e0cb7aca50826d781620e5c1c4cc586bc69f81a,69928 10 70445 14 70964 14 71483 14 72002 14 72521 16 73042 16 73565 12 74084 14 74603 14 75122 14 75641 14 76160 16 76679 16 77198 16 77717 16 78236 16 78755 14 79274 14 79795 12 80314 10 80835 8 81356 4
1962d0c5faf3e85cda80e0578e0cb7aca50826d781620e5c1c4cc586bc69f81a,82913 4 83432 6 83953 2
1962d0c5faf3e85cda80e0578e0cb7aca50826d781620e5c1c4cc586bc69f81a,47666 6 48183 10 48205 8 48702 12 48724 8 49221 12 49241 12 49740 12 49760 12 50259 12 50279 14 50778 14 50798 14 51297 14 51317 14 51343 7 51816 14 51836 16 51860 13 52335 14 52355 16 52379 13 52856 14 52876 14 52898 13 53375 14 53395 14 53417 13 53892 16 53912 16 53936 15 54409 40 54455 15 54924 44 54974 15 55439 48 55493 17 55958 48 56012 17 56475 52 56531 17 56992 54 57050 17 57511 54 57571 17 58028 56 58090 17 58547 56 58609 17 59064 60 59128 19 59562 4 59583 60 59650 16 60079 10 60102 16 60122 40 60169 16 60598 12 60623 14 60643 63 61117 14 61142 14 61162 63 61636 17 61661 14 61683 61 62155 17 62180 14 62200 65 62674 17 62699 16 62719 49 62774 10 63195 15 63220 14 63238 47 63295 8 63714 15 63739 14 63755 49 63814 8 64233 17 64258 14 64274 22 64298 23 64331 12 64752 17 64777 16 64795 2 64799 16 64817 23 64850 12 65273 17 65294 20 65318 41 65369 14 65792 17 65813 20 65839 39 65890 12 66311 17 66334 18 66358 26 66392 5 66411 10 66830 19 66851 20 66879 20 66928 14 67349 19 67370 20 67398 20 67447 14 67870 39 67917 20 67956 24 68389 39 68438 18 68473 28 68910 37 68957 18 68989 31 69429 35 69476 20 69506 33 69948 35 69995 20 70023 35 70469 31 70512 22 70542 33 70988 31 71031 22 71061 33 71509 31 71550 22 71580 31 72028 31 72069 22 72101 29 72549 29 72588 22 72627 22 73071 28 73107 22 73146 22 73590 28 73626 22 73665 22 74109 28 74145 22 74184 22 74628 28 74666 18 74705 20 75149 26 75185 18 75224 20 75668 26 75704 16 75743 20 76187 24 76225 12 76262 20 76706 24 76744 12 76781 22 77227 22 77263 12 77300 22 77746 22 77782 12 77821 20 78265 24 78301 12 78340 20 78786 26 78820 14 78859 20 79305 26 79339 16 79378 20 79826 26 79860 14 79899 18 80345 26 80379 16 80418 18 80866 24 80898 16 80937 18 81395 16 81417 16 81458 16 81916 14 81938 16 81977 16 82435 14 82457 16 82496 16 82954 14 82980 12 83017 14 83475 14 83499 12 83536 14 83994 12 84018 12 84057 8
1962d0c5faf3e85cda80e0578e0cb7aca50826d781620e5c1c4cc586bc69f81a,447 10 461 16 966 10 978 20 1485 10 1499 18 2004 10 2020 21 2523 8 2539 21 3042 8 3058 21 3561 10 3577 23 4080 12 4094 25 4601 37 5120 37 5639 37 6158 39 6677 39 7198 37 7717 37 8238 35 8759 33 9278 33 9799 29 10318 29 10839 27 11360 25 11881 23 12402 19 12923 17 13450 4
1962d0c5faf3e85cda80e0578e0cb7aca50826d781620e5c1c4cc586bc69f81a,14995 10 15514 12 16031 18 16548 20 17067 25 17586 25 18103 29 18622 31 19141 31 19658 33 20177 35 20696 35 21215 35 21734 24 21760 9 22253 24 22282 8 22772 24 22803 6 23293 22 23322 8 23812 24 23841 8 24331 37 24850 39 25371 37 25890 37 26411 35 26930 35 27449 33 27484 2 27970 29 28489 33 29008 33 29527 35 30046 35 30567 33 31088 27 31607 25 32126 19 32647 15
1962d0c5faf3e85cda80e0578e0cb7aca50826d781620e5c1c4cc586bc69f81a,494 26 1011 28 1530 28 2051 26 2570 26 3089 26 3610 24 4129 24 4648 24 5169 22 5688 22 6209 20 6728 20 7249 18 7770 16 8289 16 8808 16 9327 16 9848 14 10367 14 10888 12 11407 12 11926 12 12447 10 12966 10 13487 8 14006 8 14527 6 15046 6 15565 6 16084 6 16603 6 17110 4 17122 6 17625 10 17641 6 18144 22 18661 24 19180 24 19699 24 20218 24 20739 22 21258 22 21777 22 22296 22 22815 22 23332 24 23853 22 24372 22 24893 20 25412 20 25931 20 26450 20 26969 20 27488 20 28009 18 28530 16 29047 18 29566 18 30085 18 30604 18 31123 18 31642 18 32161 18 32682 16 33201 16 33722 14 34243 12 34764 10 35285 8 35806 4
1962d0c5faf3e85cda80e0578e0cb7aca50826d781620e5c1c4cc586bc69f81a,47214 4 47733 6 48252 6 48771 6 49290 6 49809 6 50328 6 50849 4 51368 2 51889 2 52408 2
0999dab07b11bc85fb8464fc36c947fbd8b5d6ec49817361cb780659ca805eac,48787 2 49306 2 49825 4 50344 6 50362 4 50863 6 50879 8 51382 6 51398 10 51901 6 51917 10 52420 6 52436 12 52939 6 52955 12 53458 8 53474 12 53977 8 53993 12 54496 10 54512 14 55015 12 55029 16 55534 30 56053 32 56572 32 57091 32 57610 32 58129 32 58648 34 59167 34 59686 34 60205 34 60724 34 61243 34 61762 34 62281 34 62800 34 63319 32 63838 32 64357 32 64876 30 65395 30 65914 32 66433 32 66952 32 67471 32 67990 34 68509 36 69028 36 69547 39 70066 39 70585 39 71104 41 71623 41 72142 41 72661 43 73180 43 73699 43 74218 45 74737 45 74790 6 75256 45 75307 10 75775 45 75826 12 76294 47 76343 14 76813 65 77332 65 77851 65 78370 65 78889 65 79408 65 79929 63 80448 65 80967 65 81488 63 82007 63 82526 63 83045 63 83564 63 84083 63 84602 63 85121 63 85642 61 86163 59 86682 59 87203 57 87722 55 88241 55 88760 55 89281 53 89800 53 90319 53 90838 53 91359 51 91878 51 92397 51 92916 51 93435 53 93956 51 94475 53 94996 51 95515 53 96034 55 96555 55 97074 57 97593 57 98112 57 98633 57 99152 57 99671 57 100190 57 100709 59 101230 57 101749 59 102268 59 102787 61 103306 61 103825 61 104346 59 104865 61 105386 59 105905 59 106426 59 106947 57 107468 55 107989 55 108511 52 109032 50 109553 50 110072 50 110593 50 111112 52 111633 50 112152 52 112671 54 113192 52 113711 54 114230 54 114751 54 115270 54 115791 52 116310 54 116829 54 117350 54 117869 54 118388 54 118907 54 119428 55 119947 55 120466 55 120987 55 121506 55 122025 55 122544 57 123065 55 123584 57 124103 57 124622 57 125143 55 125662 57 125731 8 126185 53 126248 12 126704 55 126765 16 127225 53 127284 16 127744 55 127803 16 128265 53 128324 16 128784 55 128841 18 129303 75 129822 75 130341 75 130862 71
0999dab07b11bc85fb8464fc36c947fbd8b5d6ec49817361cb780659ca805eac,117295 2 117814 4 118333 4 118852 4 119371 6 119890 6 120409 6 120928 8 121447 8 121966 8 122485 8 123004 8 123523 8 124042 8 124561 8 125080 8 125599 8 126118 8 126637 8 127156 8 127675 8 128194 8 128713 8 129232 8 129751 8 130270 6 130791 4
0999dab07b11bc85fb8464fc36c947fbd8b5d6ec49817361cb780659ca805eac,7 8 524 10 1043 8
0999dab07b11bc85fb8464fc36c947fbd8b5d6ec49817361cb780659ca805eac,24420 4 24935 10 25452 14 25971 16 26488 18 27005 20 27524 23 28041 25 28558 27 29077 27 29596 27 30115 27 30632 29 31151 29 31670 29 32189 29 32708 26 33227 26 33746 26 34265 24 34784 24 35305 20 35824 18 36343 16 36862 14 37383 10 37904 6
0999dab07b11bc85fb8464fc36c947fbd8b5d6ec49817361cb780659ca805eac,117327 7 117844 11 118363 13 118880 15 119399 17 119916 19 120435 19 120954 19 121473 21 121992 21 122511 21 123030 21 123549 21 124068 21 124585 23 125106 21 125623 23 126144 21 126663 21 127182 19 127701 19 128220 19 128739 19 129258 19 129779 17 130298 15 130817 13
0999dab07b11bc85fb8464fc36c947fbd8b5d6ec49817361cb780659ca805eac,6799 4 7316 10 7833 12 8352 14 8869 16 9388 18 9907 18 10426 18 10945 20 11464 20 11981 22 12500 22 13019 22 13538 22 14057 22 14576 22 15095 22 15614 22 16133 22 16652 22 17171 22 17690 20 18209 20 18728 20 19247 20 19766 18 20285 18 20806 16 21325 14 21844 12 22365 10 22884 8 23407 2
0999dab07b11bc85fb8464fc36c947fbd8b5d6ec49817361cb780659ca805eac,28092 4 28605 14 29122 18 29639 20 30158 22 30675 24 31194 24 31713 24 32230 26 32749 26 33268 26 33785 26 34304 26 34823 26 35342 24 35861 24 36380 22 36899 22 37418 20 37937 18 38456 18 38975 18 39494 16 40015 12 40534 10 41057 4
0999dab07b11bc85fb8464fc36c947fbd8b5d6ec49817361cb780659ca805eac,46267 10 46784 16 47301 20 47820 20 48337 24 48856 24 49375 24 49892 26 50411 26 50930 26 51449 26 51968 26 52487 26 53006 24 53525 24 54046 20 54567 16 55088 10
0999dab07b11bc85fb8464fc36c947fbd8b5d6ec49817361cb780659ca805eac,8897 8 9414 10 9933 12 10452 12 10969 16 11488 16 12007 16 12526 16 13045 16 13564 18 14083 18 14602 18 15123 16 15642 16 16161 16 16680 18 17201 16 17720 16 18239 16 18760 14 19279 14 19798 14 20317 14 20838 12 21357 12 21876 12 22397 10 22916 10 23437 6 23958 2
0999dab07b11bc85fb8464fc36c947fbd8b5d6ec49817361cb780659ca805eac,63929 8 64446 12 64963 14 65482 16 65999 18 66518 18 67037 20 67554 22 68073 22 68592 22 69111 22 69630 22 70147 24 70666 24 71185 24 71704 24 72223 24 72742 24 73263 22 73782 22 74301 22 74820 22 75339 22 75860 20 76379 18 76898 18 77417 18 77938 14 78457 14 78976 12 79497 10 80016 8
0999dab07b11bc85fb8464fc36c947fbd8b5d6ec49817361cb780659ca805eac,86 8 605 8 1124 8 1643 8 2164 6
0999dab07b11bc85fb8464fc36c947fbd8b5d6ec49817361cb780659ca805eac,21430 4 21945 14 22464 14 22981 18 23500 20 24003 6 24017 22 24520 10 24536 22 25037 14 25055 24 25556 14 25572 26 26075 42 26594 42 27111 44 27630 44 28149 46 28668 46 29187 46 29706 46 30225 46 30746 44 31265 44 31784 44 32303 44 32822 44 33341 42 33862 40 34381 38 34900 20 34924 14 35421 18 35445 10 35940 18 35966 4 36461 16 36982 12 37501 12 38022 8
0999dab07b11bc85fb8464fc36c947fbd8b5d6ec49817361cb780659ca805eac,50480 8 50997 12 51514 14 52033 16 52550 18 53069 18 53586 20 54105 20 54622 22 55141 22 55660 22 56177 24 56696 24 57215 24 57734 22 58253 22 58772 22 59289 22 59808 22 60327 22 60846 20 61365 20 61884 20 62403 20 62922 18 63441 18 63962 16 64481 14 65002 12 65521 12 66044 4
0999dab07b11bc85fb8464fc36c947fbd8b5d6ec49817361cb780659ca805eac,93547 10 94064 14 94583 14 95102 14 95619 18 96138 18 96657 20 97176 20 97695 20 98214 22 98733 22 99252 22 99771 24 100290 24 100809 24 101330 22 101849 22 102368 22 102887 22 103408 20 103927 20 104448 16 104967 16 105488 14 106009 10 106530 8
0999dab07b11bc85fb8464fc36c947fbd8b5d6ec49817361cb780659ca805eac,129 24 646 26 1165 26 1684 26 2205 24 2724 24 3243 24 3764 22 4283 22 4802 22 5323 20 5842 18 6363 16 6882 16 7403 12 7924 10 8445 4
0999dab07b11bc85fb8464fc36c947fbd8b5d6ec49817361cb780659ca805eac,112249 10 112764 20 113281 24 113800 26 114317 28 114836 30 115355 30 115874 32 116393 32 116912 32 117429 34 117948 34 118467 34 118986 34 119507 30 120026 30 120547 26 121066 26 121587 22 122110 16
0999dab07b11bc85fb8464fc36c947fbd8b5d6ec49817361cb780659ca805eac,81149 5 81664 11 82183 13 82700 15 83219 17 83738 17 84257 17 84774 19 85293 21 85812 21 86331 21 86850 21 87369 21 87888 21 88407 21 88926 21 89447 19 89952 8 89964 21 90469 35 90984 37 91503 37 92020 39 92537 39 93056 37 93575 35 94092 35 94611 32 95130 32 95649 32 96168 32 96687 32 97206 32 97727 30 98246 30 98765 30 99286 26 99805 26 100326 24 100845 22 101366 20 101887 16 102408 12 102931 4
0999dab07b11bc85fb8464fc36c947fbd8b5d6ec49817361cb780659ca805eac,167 16 684 18 1203 20 1722 20 2243 18 2762 21 3281 21 3802 19 4321 19 4840 21 5361 19 5880 19 6399 21 6918 21 7439 19 7958 19 8477 19 8996 19 9517 17 10036 15 10557 13 11078 11 11597 9 12118 7
0999dab07b11bc85fb8464fc36c947fbd8b5d6ec49817361cb780659ca805eac,57792 9 58309 15 58826 17 59343 21 59862 21 60379 23 60898 25 61417 25 61936 25 62453 27 62972 27 63491 27 64010 27 64529 27 65048 25 65567 25 66088 19 66607 17 67128 13
0999dab07b11bc85fb8464fc36c947fbd8b5d6ec49817361cb780659ca805eac,89480 4 89995 10 90512 14 91031 14 91548 18 92067 18 92586 20 93105 20 93624 22 94143 22 94662 24 95181 24 95700 24 96219 26 96738 26 97257 26 97776 26 98295 26 98814 26 99335 24 99854 24 100373 24 100894 22 101413 22 101934 20 102453 20 102974 18 103493 18 104014 14 104535 12 105056 8
0999dab07b11bc85fb8464fc36c947fbd8b5d6ec49817361cb780659ca805eac,35514 8 36031 12 36548 14 37067 16 37584 18 38103 18 38622 18 39141 20 39658 22 40177 22 40696 22 41215 22 41734 22 42251 24 42770 24 43289 24 43808 24 44327 22 44846 22 45365 20 45886 18 46405 16 46926 12 47447 6
0999dab07b11bc85fb8464fc36c947fbd8b5d6ec49817361cb780659ca805eac,63538 6 64055 10 64572 12 65091 14 65608 16 66127 18 66646 18 67165 18 67684 18 68203 18 68720 20 69239 20 69758 20 70277 20 70796 20 71315 20 71834 20 72353 20 72872 22 73391 20 73910 20 74429 20 74948 20 75467 20 75986 20 76505 20 77024 20 77543 20 78064 18 78583 18 79102 16 79621 16 80140 16 80659 16 81180 12 81699 12 82218 12 82739 8 83262 2
0999dab07b11bc85fb8464fc36c947fbd8b5d6ec49817361cb780659ca805eac,226 28 745 30 1264 30 1783 30 2302 30 2821 30 3340 30 3859 30 4380 28 4899 28 5418 28 5937 28 6456 28 6977 26 7496 26 8015 26 8534 26 9053 26 9574 22 10093 22 10612 22 11131 20 11650 20 12171 16 12690 16 13209 14 13730 10 14251 6
0999dab07b11bc85fb8464fc36c947fbd8b5d6ec49817361cb780659ca805eac,114434 9 114951 11 115468 15 115987 15 116504 17 117023 17 117540 21 118059 21 118576 23 119095 23 119612 25 120131 25 120648 27 121165 29 121684 29 122203 27 122720 29 123239 31 123758 37 124277 39 124796 41 125315 43 125834 45 126353 45 126872 47 127391 47 127910 49 128431 47 128950 47 129471 45 129992 6 130000 35 130521 33 131040 31
0999dab07b11bc85fb8464fc36c947fbd8b5d6ec49817361cb780659ca805eac,28791 4 29308 10 29825 14 30344 16 30863 18 31380 20 31899 23 32418 23 32937 25 33458 23 33977 23 34496 25 35015 25 35534 25 36053 25 36572 25 37093 23 37612 23 38131 21 38650 21 39169 21 39690 17 40209 17 40730 12 41251 8
0999dab07b11bc85fb8464fc36c947fbd8b5d6ec49817361cb780659ca805eac,84330 6 84845 12 85364 17 85881 21 86400 21 86919 23 87436 25 87955 27 88474 27 88993 27 89512 29 90031 29 90550 29 91071 27 91590 27 92109 27 92630 23 93149 23 93670 21 94189 19 94710 17 95231 13 95754 7
0999dab07b11bc85fb8464fc36c947fbd8b5d6ec49817361cb780659ca805eac,53207 6 53722 14 54239 18 54755 23 55272 27 55791 27 56308 31 56827 31 57346 33 57865 33 58382 37 58901 37 59420 37 59939 37 60458 37 60979 35 61498 35 62017 35 62538 33 63057 33 63576 31 64097 29 64619 24 65140 22 65661 18
0999dab07b11bc85fb8464fc36c947fbd8b5d6ec49817361cb780659ca805eac,24167 10 24684 16 25201 18 25718 22 26237 22 26754 24 27273 26 27792 26 28309 28 28828 28 29347 28 29866 28 30383 30 30902 30 31421 30 31940 30 32459 30 32978 30 33497 28 34016 28 34535 28 35056 26 35575 24 36094 24 36615 20 37134 18 37655 14 38176 10
0999dab07b11bc85fb8464fc36c947fbd8b5d6ec49817361cb780659ca805eac,79700 6 80217 10 80734 16 81253 16 81770 20 82289 22 82808 22 83327 24 83846 24 84365 26 84884 26 85403 26 85922 26 86441 26 86962 24 87481 24 88000 24 88521 22 89040 20 89561 18 90082 14
0999dab07b11bc85fb8464fc36c947fbd8b5d6ec49817361cb780659ca805eac,113453 4 113968 10 114487 12 115004 16 115523 16 116040 20 116559 20 117078 22 117595 24 118114 26 118633 26 119152 26 119671 28 120190 28 120709 28 121228 28 121747 28 122268 26 122787 26 123308 24 123829 22 124348 22 124871 18 125392 16 125913 12 126434 10 126957 2
0999dab07b11bc85fb8464fc36c947fbd8b5d6ec49817361cb780659ca805eac,129025 8 129542 14 130059 16 130580 14 131099 14
0999dab07b11bc85fb8464fc36c947fbd8b5d6ec49817361cb780659ca805eac,848 13 1365 17 1882 21 2401 23 2918 25 3437 27 3954 29 4473 29 4992 29 5511 29 6030 29 6549 29 7068 29 7587 29 8108 27 8627 25 9148 23 9669 19
0999dab07b11bc85fb8464fc36c947fbd8b5d6ec49817361cb780659ca805eac,11232 5 11747 13 12264 17 12781 19 13300 21 13817 25 14336 25 14855 27 15372 29 15891 29 16410 29 16929 29 17448 29 17967 29 18486 29 19005 29 19524 29 20043 29 20562 29 21081 27 21600 27 22121 25 22642 21 23161 21 23682 17 24203 15 24724 11
0999dab07b11bc85fb8464fc36c947fbd8b5d6ec49817361cb780659ca805eac,71443 10 71958 16 72474 19 72993 21 73510 23 74029 25 74546 27 75065 27 75582 29 76101 31 76618 33 77137 33 77654 35 78173 35 78692 33 79211 33 79730 33 80247 35 80766 33 81285 33 81804 33 82323 31 82842 31 83361 29 83880 29 84399 27 84920 23 85439 21 85960 17 86481 13 87004 2
0999dab07b11bc85fb8464fc36c947fbd8b5d6ec49817361cb780659ca805eac,100511 4 101028 10 101545 14 102062 16 102581 18 103098 20 103617 22 104136 22 104655 22 105174 22 105693 22 106212 22 106731 22 107250 22 107766 25 108285 25 108804 25 109323 25 109842 23 110361 23 110880 23 111399 21 111921 18 112440 16 112959 16 113480 12 114001 8
0999dab07b11bc85fb8464fc36c947fbd8b5d6ec49817361cb780659ca805eac,40828 8 41343 16 41862 18 42379 22 42898 24 43415 26 43934 28 44453 28 44970 30 45489 30 46008 30 46527 30 47046 30 47565 30 48084 30 48603 28 49122 28 49641 28 50162 24 50681 22 51202 18
0999dab07b11bc85fb8464fc36c947fbd8b5d6ec49817361cb780659ca805eac,125447 2 125964 8 126481 10 126998 14 127517 14 128036 14 128553 16 129072 16 129591 16 130110 16 130629 16 131148 16
0999dab07b11bc85fb8464fc36c947fbd8b5d6ec49817361cb780659ca805eac,10760 10 11277 14 11794 16 12313 18 12832 18 13349 20 13868 20 14385 22 14904 22 15421 24 15940 24 16459 24 16976 26 17495 26 18014 26 18533 26 19052 24 19571 24 20090 24 20607 26 21126 24 21645 24 22166 20 22685 20 23204 18 23725 14 24246 10
0999dab07b11bc85fb8464fc36c947fbd8b5d6ec49817361cb780659ca805eac,90183 6 90700 10 91217 14 91736 16 92253 18 92772 21 93291 21 93810 21 94329 23 94848 23 95367 23 95886 23 96405 23 96924 23 97443 23 97962 23 98481 23 98990 4 99000 23 99507 8 99519 21 100024 12 100038 21 100541 37 101060 37 101579 37 102098 16 102116 16 102615 18 102637 12 103134 18 103158 8 103653 18 103679 4 104172 18 104691 18 105210 18 105729 18 106248 18 106765 20 107284 20 107803 18 108322 18 108841 18 109360 18 109879 16 110398 16 110917 16 111434 18 111953 18 112472 16 112993 14 113512 14 114031 12 114550 10 115071 6
0999dab07b11bc85fb8464fc36c947fbd8b5d6ec49817361cb780659ca805eac,398 23 917 25 1436 25 1955 25 2474 25 2995 23 3512 25 4031 25 4552 23 5071 23 5590 21 6111 19 6632 17 7153 13 7677 4
0999dab07b11bc85fb8464fc36c947fbd8b5d6ec49817361cb780659ca805eac,47125 6 47640 14 48156 19 48673 21 49192 23 49709 27 50228 27 50745 31 51264 31 51783 31 52302 31 52821 31 53340 31 53859 31 54378 31 54897 29 55418 27 55937 27 56458 23 56979 19
0999dab07b11bc85fb8464fc36c947fbd8b5d6ec49817361cb780659ca805eac,114597 8 115114 10 115631 14 116150 14 116667 16 117186 16 117705 16 118224 16 118743 16 119259 17 119778 17 120297 17 120816 17 121333 19 121852 19 122371 19 122890 19 123407 19 123926 19 124445 19 124964 19 125483 19 126002 19 126521 17 127040 17 127559 17 128076 17 128595 17 129114 17 129635 13 130154 11 130673 11 131194 7
0999dab07b11bc85fb8464fc36c947fbd8b5d6ec49817361cb780659ca805eac,20662 4 21177 12 21696 14 22211 18 22730 20 23249 20 23768 20 24285 22 24804 22 25323 22 25842 22 26358 25 26877 25 27396 25 27915 25 28434 25 28953 25 29472 25 29989 25 30508 25 31027 25 31546 25 32065 25 32584 23 33103 23 33624 19 34143 17 34665 14 35186 8
0999dab07b11bc85fb8464fc36c947fbd8b5d6ec49817361cb780659ca805eac,66871 20 67386 26 67903 30 68422 32 68941 32 69458 34 69977 34 70496 34 71017 32 71536 32 72055 32 72574 32 73095 28 73614 28 74135 24 74658 18 75183 8
0999dab07b11bc85fb8464fc36c947fbd8b5d6ec49817361cb780659ca805eac,127598 4 128115 12 128632 20 129149 26 129666 30 130183 32 130704 28 131225 26
0999dab07b11bc85fb8464fc36c947fbd8b5d6ec49817361cb780659ca805eac,109954 12 110473 14 110990 18 111507 22 112026 22 112545 22 113064 24 113583 24 114102 24 114621 26 115140 26 115659 26 116180 24 116699 24 117218 26 117739 24 118258 24 118779 22 119298 22 119819 20 120340 18 120861 16 121380 16 121903 10 122424 8 122945 4
0999dab07b11bc85fb8464fc36c947fbd8b5d6ec49817361cb780659ca805eac,451 20 968 22 1487 22 2006 22 2525 22 3046 20 3565 20 4084 20 4603 20 5122 20 5641 18 6162 16 6681 14 7202 12 7723 8 8244 4
0999dab07b11bc85fb8464fc36c947fbd8b5d6ec49817361cb780659ca805eac,81435 10 81952 15 82469 19 82988 21 83507 23 84026 25 84543 27 85062 29 85581 31 86100 31 86619 33 87138 35 87659 35 88178 35 88697 37 89218 35 89737 35 90258 33 90777 33 91298 31 91817 31 92336 31 92855 29 93374 27 93891 21 94408 21 94925 23 95428 41 95945 43 96464 43 96983 43 97502 43 98021 43 98540 43 99061 39 99580 39 100101 37 100622 33 101145 27 101666 23 102189 16
0999dab07b11bc85fb8464fc36c947fbd8b5d6ec49817361cb780659ca805eac,25904 6 26419 12 26936 17 27453 21 27482 6 27972 21 27999 12 28489 23 28516 14 29008 43 29527 43 30044 45 30563 47 31082 47 31601 47 32118 49 32637 49 33156 49 33675 49 34192 51 34711 51 35230 51 35749 51 36268 51 36787 51 37306 51 37825 51 38344 51 38865 49 39384 18 39404 27 39905 14 39923 27 40426 8 40444 23 40963 23 41485 18 42006 12
0999dab07b11bc85fb8464fc36c947fbd8b5d6ec49817361cb780659ca805eac,53434 4 53951 8 54470 8 54989 8 55508 8 56029 8 56548 8 57067 8 57586 8 58105 8 58624 8 59143 8 59662 8 60181 8 60700 8 61219 8 61738 8 62257 10 62778 8 63297 8 63816 6 64337 2
0999dab07b11bc85fb8464fc36c947fbd8b5d6ec49817361cb780659ca805eac,502 14 1021 14 1542 12 2061 12 2586 2
0999dab07b11bc85fb8464fc36c947fbd8b5d6ec49817361cb780659ca805eac,47745 2 48264 4 48781 6 49300 6 49819 6 50338 6 50857 6 51374 8 51893 8 52412 8 52931 8 53450 8 53969 8 54488 8 55007 6 55526 6 56047 2
0999dab07b11bc85fb8464fc36c947fbd8b5d6ec49817361cb780659ca805eac,58640 4 59159 4 59678 4 60197 4 60716 4
43a71aeb641faa18742cb826772a8566c6c947d7050f9ab15459de6cc2b3b6af,20022 1 20282 1 20541 3 20801 3 21061 3 21321 3
43a71aeb641faa18742cb826772a8566c6c947d7050f9ab15459de6cc2b3b6af,35363 2 35622 6 35882 7 36142 7 36401 9 36662 9 36921 10 37181 10 37442 9 37702 8 37962 6 38222 6
43a71aeb641faa18742cb826772a8566c6c947d7050f9ab15459de6cc2b3b6af,75141 3 75401 4 75661 4 75921 4 76181 4 76441 4
43a71aeb641faa18742cb826772a8566c6c947d7050f9ab15459de6cc2b3b6af,87361 3 87621 3 87881 4 88141 4 88401 4 88661 4 88921 4 89181 3 89441 2 89701 2
43a71aeb641faa18742cb826772a8566c6c947d7050f9ab15459de6cc2b3b6af,26522 4 26782 5 27042 6 27302 6 27563 5 27823 4
43a71aeb641faa18742cb826772a8566c6c947d7050f9ab15459de6cc2b3b6af,30684 4 30944 5 31204 5 31464 4 31723 5 31982 4 32242 4 32503 1
43a71aeb641faa18742cb826772a8566c6c947d7050f9ab15459de6cc2b3b6af,20811 2 21069 6 21329 6 21588 7 21848 8 22107 9 22367 9 22626 10 22885 11 23145 11 23405 11 23664 11 23924 10 24184 10 24445 8
43a71aeb641faa18742cb826772a8566c6c947d7050f9ab15459de6cc2b3b6af,58522 5 58781 8 59041 8 59298 11 59555 15 59813 17 60073 17 60333 17 60593 16 60853 16 61113 16 61374 14 61635 12 61895 12 62159 7 62421 4 62679 6 62939 6 63198 8 63455 11 63713 14 63973 14 64231 16 64490 17 64749 17 65009 17 65269 17 65529 16 65789 16 66049 16 66308 18 66569 17 66829 17 67089 18 67349 19 67610 18 67870 18 68130 18 68393 15 68656 12 68916 12 69180 6
43a71aeb641faa18742cb826772a8566c6c947d7050f9ab15459de6cc2b3b6af,78268 4 78528 5 78788 5 79048 6 79308 5 79569 4 79829 4
43a71aeb641faa18742cb826772a8566c6c947d7050f9ab15459de6cc2b3b6af,28872 3 29132 3 29391 5 29651 5
43a71aeb641faa18742cb826772a8566c6c947d7050f9ab15459de6cc2b3b6af,55657 4 55917 4 56177 4 56437 4 56696 5 56956 5 57214 6 57473 7 57733 6 57993 6 58254 4
43a71aeb641faa18742cb826772a8566c6c947d7050f9ab15459de6cc2b3b6af,29409 2 29665 8 29923 9 30183 9 30441 9 30699 9 30957 10 31217 10 31475 12 31734 12 31994 10 32254 10 32514 6 32775 4
43a71aeb641faa18742cb826772a8566c6c947d7050f9ab15459de6cc2b3b6af,14586 3 14843 8 15099 13 15359 13 15617 15 15876 16 16135 16 16395 16 16655 15 16915 13 17176 11 17436 11 17697 8 17960 2
43a71aeb641faa18742cb826772a8566c6c947d7050f9ab15459de6cc2b3b6af,39797 8 40057 8 40316 15 40575 17 40836 16 41096 16 41357 15 41618 14 41879 13 42139 13 42400 12 42661 10 42923 8 43183 8 43446 3
43a71aeb641faa18742cb826772a8566c6c947d7050f9ab15459de6cc2b3b6af,35390 1 35647 6 35906 7 36166 7 36425 8 36685 8 36944 9 37204 9 37464 8 37725 5
43a71aeb641faa18742cb826772a8566c6c947d7050f9ab15459de6cc2b3b6af,65551 5 65811 8 66071 8 66330 11 66590 12 66850 12 67111 11 67371 11 67632 9 67892 9 68155 4
43a71aeb641faa18742cb826772a8566c6c947d7050f9ab15459de6cc2b3b6af,82479 4 82739 4 82995 9 83253 11 83501 1 83510 14 83761 1 83770 14 84018 8 84029 14 84277 26 84536 25 84796 25 85056 23 85315 18 85576 16 85836 16 86096 17 86356 18 86617 18 86877 18 87137 18 87400 16 87660 16 87927 9 88188 8 88448 7 88708 7 88968 7 89230 3
43a71aeb641faa18742cb826772a8566c6c947d7050f9ab15459de6cc2b3b6af,74661 4 74671 6 74921 4 74931 6 75179 19 75438 20 75697 21 75957 21 76216 22 76476 22 76736 21 76996 21 77256 11 77270 6 77517 7 77777 7
43a71aeb641faa18742cb826772a8566c6c947d7050f9ab15459de6cc2b3b6af,25002 9 25262 9 25521 12 25780 14 26040 14 26300 14 26561 13 26820 14 27080 14 27340 14 27600 13 27858 14 28118 12 28378 12 28637 11 28897 9 29157 9 29420 1 29422 1
43a71aeb641faa18742cb826772a8566c6c947d7050f9ab15459de6cc2b3b6af,21880 3 22138 6 22398 6 22658 6 22918 6 23179 4 23439 4
43a71aeb641faa18742cb826772a8566c6c947d7050f9ab15459de6cc2b3b6af,52830 3 53090 3 53345 11 53603 14 53862 15 54122 15 54382 14 54642 13 54902 11 55162 11 55424 5
43a71aeb641faa18742cb826772a8566c6c947d7050f9ab15459de6cc2b3b6af,67129 8 67387 13 67646 16 67906 16 68166 17 68425 18 68685 18 68945 18 69204 19 69465 17 69726 15 69986 15 70248 9
43a71aeb641faa18742cb826772a8566c6c947d7050f9ab15459de6cc2b3b6af,8628 8 8887 10 9147 11 9407 11 9667 11 9927 11 10188 10 10448 10 10710 6
43a71aeb641faa18742cb826772a8566c6c947d7050f9ab15459de6cc2b3b6af,19550 5 19808 10 20067 12 20327 12 20587 12 20847 12 21107 12 21367 12 21627 11 21888 9 22149 6 22409 6
43a71aeb641faa18742cb826772a8566c6c947d7050f9ab15459de6cc2b3b6af,31773 6 32032 9 32292 9 32551 11 32811 11 33071 11 33331 11 33591 11 33852 9 34113 7 34373 7 34635 2
43a71aeb641faa18742cb826772a8566c6c947d7050f9ab15459de6cc2b3b6af,47635 3 47893 9 48153 9 48412 12 48672 12 48931 13 49191 13 49451 14 49711 13 49971 13 50231 13 50491 12 50751 11 51011 11 51271 10 51532 9 51794 6 52054 6
43a71aeb641faa18742cb826772a8566c6c947d7050f9ab15459de6cc2b3b6af,62454 12 62713 15 62973 15 63232 18 63492 19 63752 19 64012 19 64272 20 64533 19 64794 18 65054 18 65317 15 65580 12 65841 10 66101 10 66363 6
43a71aeb641faa18742cb826772a8566c6c947d7050f9ab15459de6cc2b3b6af,16176 9 16436 9 16695 10 16954 11 17214 11 17474 11 17734 10 17995 8 18256 5 18516 5
43a71aeb641faa18742cb826772a8566c6c947d7050f9ab15459de6cc2b3b6af,1887 5 2146 7 2405 9 2665 9 2924 10 3182 12 3442 12 3701 13 3960 14 4219 15 4479 15 4737 17 4996 17 5256 17 5516 17 5776 17 6036 17 6296 18 6556 18 6817 18 7078 17 7339 16 7599 16 7860 15 8121 14 8381 14 8644 10 8906 7
43a71aeb641faa18742cb826772a8566c6c947d7050f9ab15459de6cc2b3b6af,12022 10 12278 17 12538 17 12797 19 13057 19 13317 19 13576 20 13837 19 14098 17 14358 17 14628 6 14891 2
43a71aeb641faa18742cb826772a8566c6c947d7050f9ab15459de6cc2b3b6af,23719 3 23977 7 24237 7 24497 7 24757 7 25018 6 25278 6 25538 4 25799 1
43a71aeb641faa18742cb826772a8566c6c947d7050f9ab15459de6cc2b3b6af,75725 6 75740 2 75985 6 76000 2 76243 22 76502 24 76762 24 77022 24 77281 25 77541 25 77801 25 78060 26 78319 27 78578 27 78838 27 79098 10 79109 15 79359 7 79373 10 79636 5 79896 5
43a71aeb641faa18742cb826772a8566c6c947d7050f9ab15459de6cc2b3b6af,28143 1 28403 1 28660 6 28919 8 29179 8 29439 9 29699 9 29959 9 30219 9 30479 8 30741 4
43a71aeb641faa18742cb826772a8566c6c947d7050f9ab15459de6cc2b3b6af,20083 5 20343 5 20602 7 20862 7 21122 8 21382 8 21642 9 21902 10 22162 10 22422 10 22682 9 22945 4
43a71aeb641faa18742cb826772a8566c6c947d7050f9ab15459de6cc2b3b6af,32059 2 32319 2 32578 5 32837 6 33096 8 33356 8 33614 9 33864 19 34123 20 34383 20 34644 18 34906 14 35166 14
43a71aeb641faa18742cb826772a8566c6c947d7050f9ab15459de6cc2b3b6af,36987 8 37247 8 37506 12 37766 14 38026 16 38286 16 38546 18 38806 20 39067 19 39327 19 39588 19 39850 17 40110 17 40371 15 40633 13 40895 9 41155 9 41419 3
43a71aeb641faa18742cb826772a8566c6c947d7050f9ab15459de6cc2b3b6af,16203 6 16463 6 16710 5 16721 9 16970 7 16979 12 17229 22 17489 22 17748 23 18007 25 18267 25 18527 25 18789 7 18798 13 19051 3 19060 11 19311 3 19320 11 19581 9 19842 6
43a71aeb641faa18742cb826772a8566c6c947d7050f9ab15459de6cc2b3b6af,80412 4 80670 6 80930 6 81190 6 81451 5 81713 1 81973 1
43a71aeb641faa18742cb826772a8566c6c947d7050f9ab15459de6cc2b3b6af,49738 1 49995 7 50255 7 50514 9 50773 11 51033 11 51293 12 51553 12 51813 11 52073 11 52334 8
43a71aeb641faa18742cb826772a8566c6c947d7050f9ab15459de6cc2b3b6af,71577 1 71837 1 72097 1
43a71aeb641faa18742cb826772a8566c6c947d7050f9ab15459de6cc2b3b6af,28683 6 28942 8 29202 8 29461 10 29720 11 29980 10 30240 10 30501 7
43a71aeb641faa18742cb826772a8566c6c947d7050f9ab15459de6cc2b3b6af,47673 9 47928 16 48188 16 48446 19 48706 19 48966 19 49226 19 49486 19 49747 16 50008 11 50268 11 50530 4
43a71aeb641faa18742cb826772a8566c6c947d7050f9ab15459de6cc2b3b6af,25849 7 26107 11 26367 11 26626 13 26885 15 27143 17 27403 17 27663 16 27922 15 28181 14 28441 14 28700 13 28957 14 29217 14 29475 15 29734 15 29993 15 30253 15 30512 16 30771 17 31031 17 31291 17 31551 16 31813 12
43a71aeb641faa18742cb826772a8566c6c947d7050f9ab15459de6cc2b3b6af,44556 12 44813 16 45073 16 45332 17 45591 17 45851 16 46111 16 46371 15 46632 11 46894 6 47154 6
43a71aeb641faa18742cb826772a8566c6c947d7050f9ab15459de6cc2b3b6af,52614 2 52872 10 53132 10 53391 15 53651 16 53912 28 54172 28 54433 29 54694 13 54708 14 54956 8 54969 13 55216 8 55229 13 55491 7 55754 1 56014 1
43a71aeb641faa18742cb826772a8566c6c947d7050f9ab15459de6cc2b3b6af,38059 6 38319 6 38576 10 38835 12 39095 13 39355 13 39614 15 39874 16 40134 16 40394 17 40654 17 40915 16 41175 16 41435 16 41696 15 41956 15 42216 15 42477 14 42739 11
43a71aeb641faa18742cb826772a8566c6c947d7050f9ab15459de6cc2b3b6af,64836 13 65096 13 65355 16 65614 18 65874 18 66134 18 66394 19 66654 18 66914 18 67175 17 67436 15 67700 10 67960 10 68223 4
43a71aeb641faa18742cb826772a8566c6c947d7050f9ab15459de6cc2b3b6af,79395 5 79654 8 79914 8 80174 8 80434 8 80694 7 80954 7 81216 4
43a71aeb641faa18742cb826772a8566c6c947d7050f9ab15459de6cc2b3b6af,71336 4 71596 5 71856 5 72115 6 72375 6 72636 4 72896 4
43a71aeb641faa18742cb826772a8566c6c947d7050f9ab15459de6cc2b3b6af,75501 6 75760 7 76020 7 76279 9 76537 11 76796 11 77056 11 77315 12 77576 10 77836 10 78096 8
43a71aeb641faa18742cb826772a8566c6c947d7050f9ab15459de6cc2b3b6af,8960 3 9218 7 9478 7 9737 10 9987 7 9997 11 10241 27 10501 27 10761 28 11020 17 11038 11 11281 15 11301 7 11541 15 11561 7 11801 13 11825 1 12062 8
43a71aeb641faa18742cb826772a8566c6c947d7050f9ab15459de6cc2b3b6af,45876 5 46136 5 46395 7 46654 8 46914 9 47174 9 47435 8 47696 6
43a71aeb641faa18742cb826772a8566c6c947d7050f9ab15459de6cc2b3b6af,27687 3 27946 4 28204 7 28464 7 28721 11 28979 14 29239 14 29497 17 29758 16 30021 13 30281 13 30543 11 30803 10 31062 9 31322 9 31581 10 31840 17 32100 19 32360 19 32620 20 32880 18 33142 11 33402 11 33664 2
43a71aeb641faa18742cb826772a8566c6c947d7050f9ab15459de6cc2b3b6af,120 8 380 8 640 8 901 5
43a71aeb641faa18742cb826772a8566c6c947d7050f9ab15459de6cc2b3b6af,15206 3 15466 3 15724 7 15983 10 16243 11 16503 11 16762 12 17022 13 17282 13 17542 13 17802 12 18062 9
43a71aeb641faa18742cb826772a8566c6c947d7050f9ab15459de6cc2b3b6af,52412 2 52669 7 52925 1 52927 10 53185 1 53187 10 53441 16 53689 8 53701 16 53947 30 54207 30 54467 29 54726 29 54985 30 55245 30 55504 16 55524 10 55763 16 55789 5 56023 16 56049 5 56283 15 56543 13 56803 12 57063 12 57324 9 57587 4
43a71aeb641faa18742cb826772a8566c6c947d7050f9ab15459de6cc2b3b6af,44598 2 44855 6 45115 6 45373 8 45631 9 45890 10 46150 10 46409 10 46668 10 46927 10 47187 10 47446 10 47706 8 47966 5 48226 5 48485 4 48744 3 49004 3 49264 3 49524 2
43a71aeb641faa18742cb826772a8566c6c947d7050f9ab15459de6cc2b3b6af,12091 3 12351 4 12611 4
43a71aeb641faa18742cb826772a8566c6c947d7050f9ab15459de6cc2b3b6af,37054 5 37314 5 37574 6 37834 6 38094 5 38354 5 38615 3
43a71aeb641faa18742cb826772a8566c6c947d7050f9ab15459de6cc2b3b6af,79701 7 79961 7 80218 13 80476 16 80735 18 80995 18 81254 19 81514 19 81774 19 82034 19 82294 19 82554 18 82814 18 83075 16 83336 14 83599 8 83859 8
43a71aeb641faa18742cb826772a8566c6c947d7050f9ab15459de6cc2b3b6af,10017 7 10276 11 10536 11 10796 22 11055 25 11316 25 11576 25 11837 24 12101 19 12365 13 12625 13
43a71aeb641faa18742cb826772a8566c6c947d7050f9ab15459de6cc2b3b6af,26135 5 26395 5 26655 5 26915 5 27175 5 27435 5 27696 2
43a71aeb641faa18742cb826772a8566c6c947d7050f9ab15459de6cc2b3b6af,68257 3 68516 5 68776 6 69036 6 69296 7 69556 8 69816 9 70076 9 70336 15 70596 17 70856 18 71116 18 71377 17 71638 15 71898 15 72161 11 72423 8 72684 6 72944 6
43a71aeb641faa18742cb826772a8566c6c947d7050f9ab15459de6cc2b3b6af,25883 5 26142 7 26402 7 26662 9 26922 10 27182 12 27442 12 27702 13 27962 13 28222 13 28482 13 28742 13 29000 15 29260 15 29518 17 29778 16 30039 14 30299 14
43a71aeb641faa18742cb826772a8566c6c947d7050f9ab15459de6cc2b3b6af,23019 3 23279 3 23539 3
43a71aeb641faa18742cb826772a8566c6c947d7050f9ab15459de6cc2b3b6af,14184 10 14444 10 14703 15 14963 17 15224 17 15484 17 15745 16 16010 11 16272 9 16532 9 16794 6
43a71aeb641faa18742cb826772a8566c6c947d7050f9ab15459de6cc2b3b6af,32647 8 32905 10 33165 11 33425 11 33684 13 33944 13 34205 12 34465 12 34725 10 34987 6 35247 6
43a71aeb641faa18742cb826772a8566c6c947d7050f9ab15459de6cc2b3b6af,73216 5 73474 10 73733 12 73993 12 74252 13 74509 17 74767 19 75027 19 75286 20 75545 21 75804 21 76064 21 76324 20 76584 17 76844 16 77104 16 77364 15 77625 12 77885 12
43a71aeb641faa18742cb826772a8566c6c947d7050f9ab15459de6cc2b3b6af,38106 4 38366 4 38625 5 38885 5 39145 5 39405 5 39667 1
43a71aeb641faa18742cb826772a8566c6c947d7050f9ab15459de6cc2b3b6af,58652 6 58911 8 59171 8 59431 8 59691 8 59952 6 60212 6
43a71aeb641faa18742cb826772a8566c6c947d7050f9ab15459de6cc2b3b6af,46440 1 46698 6 46958 6 47218 6 47478 6 47738 4
43a71aeb641faa18742cb826772a8566c6c947d7050f9ab15459de6cc2b3b6af,55028 2 55288 2 55540 12 55798 16 55820 5 56058 16 56080 5 56318 28 56578 29 56838 29 57098 29 57359 6 57371 15 57632 13 57892 11 58152 11 58420 4 58679 6 58938 9 59198 9 59457 11 59717 13 59977 14 60237 14 60498 13 60758 13 61018 14 61278 14 61539 12 61799 12 62059 12 62320 10 62581 8 62844 2 63104 2
43a71aeb641faa18742cb826772a8566c6c947d7050f9ab15459de6cc2b3b6af,63342 8 63601 10 63860 11 64120 11 64380 10 64640 9 64900 10 64916 1 65160 10 65176 1 65420 20 65679 21 65939 21 66199 21 66458 22 66718 22 66978 22 67239 20 67499 19 67761 17 68021 17 68282 15 68544 13 68805 11 69065 11 69327 7 69589 1
43a71aeb641faa18742cb826772a8566c6c947d7050f9ab15459de6cc2b3b6af,87521 12 87781 12 88039 22 88298 24 88558 23 88818 23 89078 23 89339 20 89600 17 89860 17 90126 1 90128 1 90130 1 90132 1 90134 1
43a71aeb641faa18742cb826772a8566c6c947d7050f9ab15459de6cc2b3b6af,42040 7 42300 7 42552 16 42808 20 43066 21 43326 21 43584 22 43844 20 44102 21 44362 21 44624 18 44885 16 45145 16 45407 13 45668 17 45928 19 46188 19 46448 20 46708 20 46968 19 47228 19 47488 18 47749 9 47760 4 48010 6 48270 6
43a71aeb641faa18742cb826772a8566c6c947d7050f9ab15459de6cc2b3b6af,28785 3 29034 15 29294 15 29546 23 29805 22 30065 8 30325 8
43a71aeb641faa18742cb826772a8566c6c947d7050f9ab15459de6cc2b3b6af,24867 18 25127 18 25387 18 25647 18 25907 17 26169 12 26429 12
43a71aeb641faa18742cb826772a8566c6c947d7050f9ab15459de6cc2b3b6af,9273 6 9533 6 9791 11 10050 14 10310 15 10570 15 10829 25 11090 24 11351 9 11366 8 11611 9 11626 8 11888 5
43a71aeb641faa18742cb826772a8566c6c947d7050f9ab15459de6cc2b3b6af,36050 4 36310 4 36569 6 36829 6 37089 5 37349 5
43a71aeb641faa18742cb826772a8566c6c947d7050f9ab15459de6cc2b3b6af,59711 3 59970 4 60230 4 60490 4 60752 1
43a71aeb641faa18742cb826772a8566c6c947d7050f9ab15459de6cc2b3b6af,69869 10 70129 10 70386 14 70643 18 70901 20 71161 20 71420 21 71680 20 71940 20 72200 18 72461 15 72723 10 72983 10
43a71aeb641faa18742cb826772a8566c6c947d7050f9ab15459de6cc2b3b6af,19179 7 19439 7 19695 11 19949 17 20208 17 20468 17 20727 17 20986 18 21247 16 21507 16 21767 17 22029 15 22289 15 22549 15 22809 15 23067 17 23326 17 23586 17 23846 16 24107 11 24367 11 24628 5
43a71aeb641faa18742cb826772a8566c6c947d7050f9ab15459de6cc2b3b6af,34787 6 35047 9 35307 9 35567 11 35822 1 35826 13 36079 20 36339 20 36597 21 36854 23 37113 23 37373 23 37632 22 37891 23 38150 22 38410 22 38669 22 38928 20 39187 18 39447 18 39707 14 39968 8 40228 8
43a71aeb641faa18742cb826772a8566c6c947d7050f9ab15459de6cc2b3b6af,25156 4 25416 4 25674 8 25933 10 26193 10 26453 10 26713 10 26973 9 27234 6 27494 6
43a71aeb641faa18742cb826772a8566c6c947d7050f9ab15459de6cc2b3b6af,462 9 722 9 977 15 1236 16 1496 16 1756 16 2015 17 2275 16 2536 14 2796 14 3058 10 3321 2 3581 2
43a71aeb641faa18742cb826772a8566c6c947d7050f9ab15459de6cc2b3b6af,75351 6 75604 14 75861 18 76121 18 76379 19 76639 18 76899 14 77159 14 77420 7
43a71aeb641faa18742cb826772a8566c6c947d7050f9ab15459de6cc2b3b6af,10869 6 11128 9 11387 12 11647 12 11906 14 12165 16 12425 17 12685 17 12945 18 13205 18 13465 18 13725 19 13986 18 14247 17 14507 17 14768 15 15031 11 15297 1 15557 1
43a71aeb641faa18742cb826772a8566c6c947d7050f9ab15459de6cc2b3b6af,49085 2 49345 2 49605 2
43a71aeb641faa18742cb826772a8566c6c947d7050f9ab15459de6cc2b3b6af,43645 5 43902 10 44160 13 44420 13 44679 14 44938 15 45198 15 45458 15 45718 14 45977 10 46237 10 46496 11 46755 14 47014 15 47274 15 47533 16 47792 15 48052 15 48312 15 48572 13 48832 11 49094 7 49354 7
43a71aeb641faa18742cb826772a8566c6c947d7050f9ab15459de6cc2b3b6af,31159 4 31419 4 31677 8 31937 9 32196 11 32456 11 32716 13 32976 14 33236 14 33496 14 33756 14 34017 13 34279 11 34539 11 34800 9 35062 3 35322 3
43a71aeb641faa18742cb826772a8566c6c947d7050f9ab15459de6cc2b3b6af,221 4 480 6 740 6 999 8 1259 8 1519 8 1779 8 2039 8 2300 6 2562 2 2822 2
43a71aeb641faa18742cb826772a8566c6c947d7050f9ab15459de6cc2b3b6af,35844 3 36103 6 36363 6 36623 6 36883 6 37144 3 37404 3
43a71aeb641faa18742cb826772a8566c6c947d7050f9ab15459de6cc2b3b6af,63671 8 63929 11 64189 11 64446 14 64705 15 64965 15 65225 15 65484 15 65744 13 66006 6 66266 6
43a71aeb641faa18742cb826772a8566c6c947d7050f9ab15459de6cc2b3b6af,77454 4 77713 6 77973 6 78232 8 78490 10 78750 10 79010 10 79270 10 79530 10 79790 10 80050 10 80311 9 80572 7 80834 4 81094 4
43a71aeb641faa18742cb826772a8566c6c947d7050f9ab15459de6cc2b3b6af,233 7 492 9 752 9 1012 9 1272 9 1533 7 1793 7
43a71aeb641faa18742cb826772a8566c6c947d7050f9ab15459de6cc2b3b6af,40804 6 41057 14 41317 14 41576 16 41595 4 41836 24 42096 24 42356 24 42616 24 42876 24 43136 24 43396 24 43657 23 43919 3 43928 12 44188 11 44448 11 44707 11 44967 10 45227 10 45488 8 45749 6 46011 2 46271 2
43a71aeb641faa18742cb826772a8566c6c947d7050f9ab15459de6cc2b3b6af,25990 9 26246 13 26506 13 26764 15 27022 17 27281 17 27541 17 27800 16 28059 16 28319 14 28579 14 28839 13 29100 11 29360 11 29622 8 29883 7 30143 8 30403 8 30662 10 30921 12 31181 12 31441 12 31701 12 31961 12 32222 11 32482 11 32742 10 33002 9 33262 9 33522 9 33782 9 34042 8 34302 7 34562 7 34823 3
43a71aeb641faa18742cb826772a8566c6c947d7050f9ab15459de6cc2b3b6af,4416 3 4676 3 4932 8 5183 17 5441 20 5701 20 5961 19 6221 15 6482 11 6742 11 7006 1
43a71aeb641faa18742cb826772a8566c6c947d7050f9ab15459de6cc2b3b6af,13244 8 13504 8 13764 10 14023 12 14283 15 14543 15 14803 16 15064 16 15325 15 15585 15 15846 14 16107 13 16368 12 16628 12 16889 11 17150 10 17411 9 17671 9 17932 8 18194 5
43a71aeb641faa18742cb826772a8566c6c947d7050f9ab15459de6cc2b3b6af,35607 2 35865 4 36125 5 36385 5 36645 4 36907 1
43a71aeb641faa18742cb826772a8566c6c947d7050f9ab15459de6cc2b3b6af,67593 7 67851 9 68111 9 68370 11 68629 12 68888 13 69148 13 69408 13 69667 14 69927 13 70187 13 70447 13 70708 11 70968 8 71228 8 71489 5 71750 2 72010 2
43a71aeb641faa18742cb826772a8566c6c947d7050f9ab15459de6cc2b3b6af,1032 7 1291 9 1550 10 1810 10 2070 11 2330 10 2590 10 2850 10 3112 7 3376 2 3636 2
43a71aeb641faa18742cb826772a8566c6c947d7050f9ab15459de6cc2b3b6af,72796 5 73056 5 73315 6 73574 7 73834 7 74094 7 74354 7 74615 6 74878 2 75138 2
43a71aeb641faa18742cb826772a8566c6c947d7050f9ab15459de6cc2b3b6af,88658 1 88918 1 89177 3 89437 3
d6eb7ce7723e2f6dc13b90b41a29ded27dbd815bad633fdf582447c686018896,2081 4 2601 6 3121 6 3641 8 4161 10 4681 10 5201 10 5721 12 6241 12 6761 12 7281 12 7801 12 8321 12 8841 12 9361 12 9881 12 10401 12 10921 12 11441 12 11961 10 12481 8 13001 8 13521 6 14041 6 14561 6 15081 6 15601 6 16121 6 16641 6 17161 4
d6eb7ce7723e2f6dc13b90b41a29ded27dbd815bad633fdf582447c686018896,62923 8 63441 10 63961 10 64481 10 65001 10 65521 10 66041 10 66561 8
d6eb7ce7723e2f6dc13b90b41a29ded27dbd815bad633fdf582447c686018896,71241 2 71761 2 72281 6 72801 6 73321 8 73841 8 74361 8 74881 8 75401 8 75921 8 76441 8 76961 8 77481 8 78001 8 78521 6 79041 4 79561 4 80081 2
d6eb7ce7723e2f6dc13b90b41a29ded27dbd815bad633fdf582447c686018896,98801 4 99321 4 99841 4 100361 6 100881 4 101401 4 101921 4 101939 6 102441 4 102457 8 102961 4 102977 10 103481 4 103497 10 104001 4 104015 14 104521 6 104535 14 105041 6 105055 14 105561 8 105573 18 106081 30 106601 30 107121 30 107641 30 108161 30 108681 30 109201 30 109721 30 110241 28 110761 28 111281 28 111801 28 112321 28 112841 28 113361 28 113881 28 114401 28 114921 28 115441 28 115961 26 116481 26 117001 26 117521 24 118041 12 118563 10 119083 10 119605 2
d6eb7ce7723e2f6dc13b90b41a29ded27dbd815bad633fdf582447c686018896,112876 4 113396 4 113916 6 114433 11 114953 11 115473 13 115993 13 116513 13 117033 13 117551 15 118069 17 118589 15 119109 15 119627 17 120147 15 120665 17 121185 17 121691 4 121703 19 122207 10 122221 21 122727 10 122741 21 123245 12 123261 21 123765 37 124283 39 124803 39 125321 41 125841 18 125861 19 126361 18 126381 17 126881 18 126901 17 127401 16 127423 13 127921 16 127947 2 128441 16 128961 16 129481 14 130001 12 130525 4 131045 4
d6eb7ce7723e2f6dc13b90b41a29ded27dbd815bad633fdf582447c686018896,131577 4 132093 8 132613 8 133129 12 133647 12 134165 14 134685 14 135203 14 135723 14 136241 14 136761 14 137281 14 137801 12 138321 12 138841 12 139361 10 139881 10 140401 10 140921 8 141441 6 141961 4 142481 4 143001 2
d6eb7ce7723e2f6dc13b90b41a29ded27dbd815bad633fdf582447c686018896,151843 2 152363 2 152881 6 153401 6 153921 8 154441 8 154961 8 155481 8 156001 8 156521 8 157041 8 157561 8 158081 6 158601 6 159121 6
d6eb7ce7723e2f6dc13b90b41a29ded27dbd815bad633fdf582447c686018896,169525 6 170045 6 170563 10 171083 12 171603 12 172123 12 172645 10 173171 4 173689 10 174209 10 174725 14 175243 18 175761 20 176281 20 176801 20 177321 18 177841 18 178361 16 178881 14 179401 10 179921 10 180443 6
d6eb7ce7723e2f6dc13b90b41a29ded27dbd815bad633fdf582447c686018896,18211 6 18731 6 19249 12 19767 14 20285 18 20805 18 21325 18 21843 22 22363 22 22883 22 23403 22 23925 20 24445 20 24965 20 25489 16 26013 8 26533 8
d6eb7ce7723e2f6dc13b90b41a29ded27dbd815bad633fdf582447c686018896,80095 6 80613 10 81131 14 81651 14 82169 18 82687 20 83205 22 83725 22 84247 20 84767 22 85287 20 85807 20 86329 18 86851 16 87371 16 87893 12 88415 6
d6eb7ce7723e2f6dc13b90b41a29ded27dbd815bad633fdf582447c686018896,51507 4 52027 4 52545 11 53063 15 53581 19 54101 19 54619 23 55133 29 55649 33 56169 33 56689 33 57207 35 57729 31 58249 31 58769 29 59289 27 59809 27 60331 25 60853 18 61375 14 61895 14
d6eb7ce7723e2f6dc13b90b41a29ded27dbd815bad633fdf582447c686018896,29137 10 29655 14 30173 18 30693 18 31213 20 31731 22 32251 22 32771 25 33291 25 33811 25 34331 25 34851 25 35371 22 35893 20 36413 20 36933 18 37457 10
d6eb7ce7723e2f6dc13b90b41a29ded27dbd815bad633fdf582447c686018896,133669 4 134185 11 134705 11 135223 13 135741 17 136261 17 136781 17 137301 17 137821 17 138339 19 138859 19 139379 19 139897 19 140417 19 140935 21 141455 21 141975 21 142495 21 143015 18 143535 18 144055 18 144575 18 145095 18 145617 16 146139 12 146659 12 147181 8
d6eb7ce7723e2f6dc13b90b41a29ded27dbd815bad633fdf582447c686018896,157604 10 158120 16 158640 16 159156 22 159673 25 160193 25 160711 27 161229 29 161745 31 162265 31 162785 31 163303 33 163823 13 163838 16 164343 13 164358 16 164861 12 164882 8 165381 12 165901 12 166421 12 166941 10 167461 10 167981 10 168501 10 169019 10 169539 10 170059 10 170579 8 171101 6
d6eb7ce7723e2f6dc13b90b41a29ded27dbd815bad633fdf582447c686018896,62958 8 63476 10 63996 10 64511 15 65029 17 65547 19 66067 19 66587 19 67105 19 67625 19 68145 19 68665 17 69185 17 69705 17 70225 15 70747 11 71269 7 71789 7
d6eb7ce7723e2f6dc13b90b41a29ded27dbd815bad633fdf582447c686018896,74387 6 74907 9 75425 11 75945 11 76465 13 76985 13 77505 13 78027 11 78547 9 79071 2 79591 2
d6eb7ce7723e2f6dc13b90b41a29ded27dbd815bad633fdf582447c686018896,14084 4 14604 4 15120 12 15640 14 16158 16 16678 16 17198 18 17718 18 18238 18 18758 18 19278 18 19798 18 20318 18 20838 18 21358 18 21878 16 22398 16 22918 16 23438 16 23958 14 24478 14 25000 12 25524 12 26044 14 26564 14 27084 14 27604 16 28124 18 28644 18 29164 18 29684 18 30206 16 30726 16 31246 14 31768 12 32288 12 32812 6
d6eb7ce7723e2f6dc13b90b41a29ded27dbd815bad633fdf582447c686018896,78582 12 79100 16 79620 16 80138 20 80656 22 81176 22 81696 22 82214 24 82732 28 83244 34 83764 34 84282 36 84800 38 85318 40 85838 40 86358 40 86878 40 87398 40 87918 38 88438 38 88958 38 89478 38 89998 36 90518 36 91038 32 91558 32 92080 22 92600 22 93124 18 93644 18 94168 12 94692 6 95212 6
d6eb7ce7723e2f6dc13b90b41a29ded27dbd815bad633fdf582447c686018896,35410 4 35928 8 36448 8 36966 12 37484 18 38004 18 38524 18 39042 22 39562 24 40082 24 40602 24 41122 24 41642 24 42162 24 42684 22 43208 16 43732 12 44252 12 44774 8 45296 4
d6eb7ce7723e2f6dc13b90b41a29ded27dbd815bad633fdf582447c686018896,166970 6 167488 10 168008 10 168526 12 169046 12 169566 14 170086 14 170604 16 171124 16 171644 18 172164 18 172684 18 173204 18 173724 18 174244 18 174764 18 175286 16 175808 12 176328 12 176850 8
d6eb7ce7723e2f6dc13b90b41a29ded27dbd815bad633fdf582447c686018896,50496 8 51012 16 51532 16 52052 16 52570 20 53090 20 53608 24 54128 24 54648 24 55168 24 55688 24 56208 24 56730 22 57250 22 57770 20 58290 20 58810 20 59332 16 59852 16 60374 14 60894 14 61416 12 61936 12 62456 14 62976 16 63494 18 64014 18 64534 20 65054 22 65574 24 66094 24 66614 26 67136 24 67656 24 68176 24 68698 22 69220 20 69740 20 70260 20 70784 16 71310 8 71830 8
d6eb7ce7723e2f6dc13b90b41a29ded27dbd815bad633fdf582447c686018896,110814 6 111334 6 111852 10 112372 12 112890 14 113410 14 113930 14 114450 14 114970 14 115492 10 116012 8
d6eb7ce7723e2f6dc13b90b41a29ded27dbd815bad633fdf582447c686018896,147230 2 147746 8 148264 12 148784 12 149300 16 149818 20 150338 20 150856 22 151376 22 151894 26 152414 26 152934 26 153454 24 153974 24 154494 24 155016 22 155536 22 156058 20 156578 20 157102 16 157626 12 157648 8 158146 12 158166 15 158666 12 158686 15 159186 12 159204 19 159706 14 159724 21 160226 14 160244 21 160744 41 161264 41 161782 43 162302 43 162822 41 163342 39 163862 37 164382 37 164904 16 164926 8 165426 8
d6eb7ce7723e2f6dc13b90b41a29ded27dbd815bad633fdf582447c686018896,2144 4 2662 8 3182 8 3702 8 4220 10 4740 10 5262 8 5784 4
d6eb7ce7723e2f6dc13b90b41a29ded27dbd815bad633fdf582447c686018896,102500 6 103020 8 103540 8 104060 10 104580 12 105100 12 105622 8
d6eb7ce7723e2f6dc13b90b41a29ded27dbd815bad633fdf582447c686018896,111888 2 112406 6 112924 10 113444 10 113962 12 114478 16 114998 16 115516 16 116034 18 116550 22 116576 5 117070 22 117096 5 117588 24 117614 9 118108 22 118132 13 118626 20 118652 15 119146 20 119172 15 119664 20 119690 17 120184 18 120208 19 120702 18 120726 21 121222 18 121246 21 121742 16 121764 23 122262 16 122284 23 122782 16 122804 23 123302 14 123324 23 123822 12 123844 21 124342 10 124364 19 124862 10 124884 19 125386 4 125406 15 125928 6
d6eb7ce7723e2f6dc13b90b41a29ded27dbd815bad633fdf582447c686018896,93146 10 93666 10 94186 12 94704 16 95224 16 95744 16 96264 16 96784 16 97304 16 97826 14 98346 14 98868 10 99388 10
d6eb7ce7723e2f6dc13b90b41a29ded27dbd815bad633fdf582447c686018896,18272 6 18792 6 19308 12 19826 14 20346 14 20866 14 21386 12 21906 12 22426 12 22950 4
d6eb7ce7723e2f6dc13b90b41a29ded27dbd815bad633fdf582447c686018896,26080 6 26600 6 27116 12 27159 8 27634 16 27663 24 28154 18 28181 28 28674 18 28701 28 29192 20 29219 30 29712 22 29739 30 30232 22 30256 33 30752 22 30776 33 31272 57 31792 57 32312 57 32832 55 33352 45 33399 6 33872 43 34392 43 34912 22 34936 17 35432 22 35459 14 35954 18 35979 12 36474 18 36499 12 36994 18 37023 4 37514 16 38036 14 38556 14 39076 10 39594 8 40112 10 40632 10 41152 10 41670 12 42190 12 42710 12 43230 12 43750 12 44270 12 44790 10 45312 8 45834 2 46354 2
d6eb7ce7723e2f6dc13b90b41a29ded27dbd815bad633fdf582447c686018896,99924 4 100442 6 100962 6 101482 6 102002 4
d6eb7ce7723e2f6dc13b90b41a29ded27dbd815bad633fdf582447c686018896,45859 6 46379 6 46894 19 47412 23 47930 25 48450 25 48968 27 49488 25 50008 25 50526 27 51046 27 51566 27 52086 27 52606 27 53126 25 53646 25 54166 25 54686 23 55206 21 55728 17 56248 17 56768 17 57288 17 57810 13 58330 13 58850 11 59374 5 59894 5
d6eb7ce7723e2f6dc13b90b41a29ded27dbd815bad633fdf582447c686018896,7907 2 8423 10 8943 10 9463 12 9981 14 10499 18 11019 18 11534 25 12054 25 12572 27 13092 27 13610 29 14130 29 14650 29 15170 29 15690 29 16210 29 16730 29 17250 27 17770 27 18290 27 18810 27 19330 27 19852 23 20372 21 20892 21 21414 19 21934 17 22454 17 22976 13 23499 8
d6eb7ce7723e2f6dc13b90b41a29ded27dbd815bad633fdf582447c686018896,139456 11 139974 15 140494 15 141014 17 141532 19 142052 21 142572 21 143092 21 143614 19 144134 19 144654 19 145172 21 145692 21 146212 21 146732 21 147254 17 147774 17 148296 13 148816 13 149339 10
d6eb7ce7723e2f6dc13b90b41a29ded27dbd815bad633fdf582447c686018896,90581 2 91099 6 91619 6 92136 11 92656 11 93176 11 93696 11 94219 8 94739 6 95259 6
d6eb7ce7723e2f6dc13b90b41a29ded27dbd815bad633fdf582447c686018896,64593 6 65111 10 65631 12 66151 12 66671 12 67191 12 67711 12 68231 12 68749 14 69269 14 69789 14 70307 16 70827 16 71345 16 71865 16 72383 16 72903 12 73423 8 73943 8
d6eb7ce7723e2f6dc13b90b41a29ded27dbd815bad633fdf582447c686018896,104109 8 104627 10 105147 10 105667 12 106187 12 106705 14 107225 14 107745 14 108265 14 108785 14 109305 14 109825 14 110345 14 110867 12 111387 12 111907 14 111927 2 112427 24 112947 26 113467 26 113987 26 114509 24 115029 24 115551 22 116079 14 116601 12 117121 12 117641 10 118161 10 118681 8 119201 8 119721 6 120239 8 120757 10 121277 10 121795 12 122315 12 122835 12 123355 10 123877 8
d6eb7ce7723e2f6dc13b90b41a29ded27dbd815bad633fdf582447c686018896,177431 14 177951 14 178469 18 178987 20 179507 22 180027 22 180547 20
d6eb7ce7723e2f6dc13b90b41a29ded27dbd815bad633fdf582447c686018896,128037 12 128555 16 129075 16 129593 20 130113 20 130633 20 131153 20 131673 20 132193 18 132713 18 133231 20 133751 20 134271 20 134791 20 135313 16 135833 16 136353 14 136873 14 137395 10
d6eb7ce7723e2f6dc13b90b41a29ded27dbd815bad633fdf582447c686018896,155619 2 156135 10 156655 10 157173 14 157691 16 158211 18 158731 18 159249 20 159769 20 160289 20 160807 22 161321 28 161837 34 162357 34 162875 36 163393 40 163913 46 164433 46 164953 48 165473 55 165995 14 166015 37 166515 14 166535 37 167037 10 167055 39 167559 6 167577 39 168079 6 168097 39 168617 41 169139 39 169661 37 170181 37 170701 37 171223 33 171745 31 172265 31 172789 27 173313 21 173837 11 174357 11
d6eb7ce7723e2f6dc13b90b41a29ded27dbd815bad633fdf582447c686018896,123 34 641 36 1161 36 1679 38 2199 38 2719 26 2751 2 3239 26 3271 2 3757 28 4277 28 4797 28 5317 28 5837 28 6355 30 6875 30 7397 28 7917 26 8439 24 8959 24 9481 20 10003 16 10525 14 11045 14 11567 8
d6eb7ce7723e2f6dc13b90b41a29ded27dbd815bad633fdf582447c686018896,66699 8 67217 18 67735 20 68255 20 68775 22 69295 22 69815 22 70335 22 70855 22 71375 22 71895 22 72415 22 72935 22 73455 22 73975 22 74491 24 75011 24 75529 10 75543 10 76049 10 76063 10 76569 10 76587 4 77089 10 77609 10 78129 10 78649 10 79169 10 79689 10 80207 10 80725 12 81239 18 81759 18 82279 18 82797 20 83317 18 83837 18 84357 16 84877 14 85399 12 85919 12 86439 10 86963 4 87483 4
d6eb7ce7723e2f6dc13b90b41a29ded27dbd815bad633fdf582447c686018896,51605 10 52125 10 52643 14 53163 14 53683 16 54203 16 54721 20 55241 20 55761 20 56281 20 56803 20 57323 18 57843 18 58363 18 58885 16 59405 16 59925 16 60447 16 60967 16 61487 16 62007 16 62527 14 63049 12 63571 8 64091 8
d6eb7ce7723e2f6dc13b90b41a29ded27dbd815bad633fdf582447c686018896,138455 4 138975 4 139491 12 140009 14 140529 14 141047 18 141567 20 142087 20 142607 20 143127 22 143647 22 144167 22 144687 22 145209 20 145731 18 146253 16 146773 16 147293 16 147815 14 148335 12 148855 12 149377 10 149899 6 150419 6
d6eb7ce7723e2f6dc13b90b41a29ded27dbd815bad633fdf582447c686018896,15221 8 15739 12 16257 16 16777 16 17295 20 17815 22 18333 24 18853 24 19373 26 19893 26 20413 26 20933 26 21453 26 21973 26 22493 26 23013 24 23535 22 24055 20 24575 20 25097 16 25625 2
d6eb7ce7723e2f6dc13b90b41a29ded27dbd815bad633fdf582447c686018896,119747 6 120263 12 120781 16 121301 16 121819 20 122337 22 122857 22 123375 24 123893 26 124413 26 124933 26 125453 26 125973 26 126495 24 127015 24 127537 22 128059 20 128583 14 129103 14 129631 4
d6eb7ce7723e2f6dc13b90b41a29ded27dbd815bad633fdf582447c686018896,175377 8 175895 12 176415 12 176935 12 177453 16 177973 16 178493 16 179013 16 179533 16 180053 16 180575 14
d6eb7ce7723e2f6dc13b90b41a29ded27dbd815bad633fdf582447c686018896,43299 4 43817 8 44337 8 44855 10 45375 10 45897 6 46417 6
d6eb7ce7723e2f6dc13b90b41a29ded27dbd815bad633fdf582447c686018896,31343 4 31863 6 32383 6 32901 10 33421 12 33941 12 34461 12 34979 14 35499 14 36019 14 36539 14 37059 12 37579 12 38103 4 38623 4
d6eb7ce7723e2f6dc13b90b41a29ded27dbd815bad633fdf582447c686018896,100513 13 101031 17 101551 17 102071 17 102591 19 103111 19 103631 19 104151 19 104671 19 105191 19 105709 23 106225 27 106743 29 107263 29 107781 29 108301 27 108819 20 109339 20 109859 20 110379 20 110899 20 111419 20 111939 20 112459 20 112981 16 113501 16 114021 16 114543 12 115063 12 115587 4
d6eb7ce7723e2f6dc13b90b41a29ded27dbd815bad633fdf582447c686018896,11642 6 12160 10 12678 14 13198 14 13718 14 14236 16 14756 16 15276 14 15796 14 16316 14 16836 14 17354 14 17874 14 18392 14 18912 14 19432 14 19950 16 20470 16 20990 16 21508 18 22028 16 22548 16 23066 18 23584 18 24102 18 24622 18 25140 14 25660 14 26180 14 26700 14 27220 14 27740 14 28260 14 28780 14 29300 14 29820 14 30340 12 30860 12 31378 14 31898 14 32418 14 32934 16 33454 16 33972 18 34492 18 35010 18 35528 18 36048 16 36568 16 37086 18 37606 18 38117 27 38637 27 39155 31 39673 33 40193 33 40713 33 41233 33 41751 35 42271 35 42791 35 43311 35 43833 31 44353 31 44873 31 45393 17 45416 4 45913 15 46433 15 46951 17 47469 21 47989 23 48509 23 49027 25 49547 27 50067 27 50587 27 51107 27 51627 27 52147 27 52667 29 53187 29 53709 27 54229 27 54749 27 55269 27 55789 27 56309 27 56831 25 57351 25 57873 23 58393 23 58913 23 59435 21 59955 21 60477 17 60999 13 61521 7 62041 7
d6eb7ce7723e2f6dc13b90b41a29ded27dbd815bad633fdf582447c686018896,153037 9 153555 13 154075 15 154595 15 155113 17 155633 17 156151 17 156671 17 157191 17 157711 17 158231 17 158751 17 159271 15 159795 9 160315 9
d6eb7ce7723e2f6dc13b90b41a29ded27dbd815bad633fdf582447c686018896,74550 14 75068 18 75586 22 76106 22 76616 32 77134 34 77654 34 78174 34 78694 32 79212 34 79732 34 80252 32 80772 30 81294 24 81814 24 82344 2 82862 10 83380 14 83900 14 84401 7 84418 18 84919 11 84936 20 85437 41 85957 41 86477 41 86995 43 87515 43 88035 43 88555 43 89075 19 89098 20 89595 19 89618 20 90115 17 90140 18 90635 15 90660 16 91157 11 91182 14 91677 11 91702 14 92224 10
d6eb7ce7723e2f6dc13b90b41a29ded27dbd815bad633fdf582447c686018896,120814 2 121334 2 121850 10 122368 14 122888 14 123408 14 123928 16 124446 18 124966 18 125486 20 126006 20 126528 18 127048 18 127568 18 128088 16 128608 16 129128 16 129648 14 130170 10
d6eb7ce7723e2f6dc13b90b41a29ded27dbd815bad633fdf582447c686018896,133814 10 134332 18 134852 18 135370 22 135890 24 136408 26 136928 26 137448 28 137968 28 138490 26 139010 26 139530 26 140050 26 140570 26 141090 24 141612 22 142130 24 142650 24 143170 24 143690 40 144208 18 144230 24 144728 18 144750 24 145248 14 145268 28 145768 14 145788 28 146286 50 146806 50 147326 52 147846 52 148366 52 148886 52 149406 50 149926 50 150446 50 150968 48 151492 44 152012 42 152532 42 153054 40 153572 40 154092 38 154612 38 155132 18 155152 16 155654 14 155678 8 156174 12 156694 12 157216 8 157738 4
d6eb7ce7723e2f6dc13b90b41a29ded27dbd815bad633fdf582447c686018896,7458 8 7976 12 8492 18 9012 18 9530 20 10050 22 10568 24 11088 24 11608 24 12128 24 12648 24 13168 24 13688 24 14208 24 14728 24 15248 22 15768 22 16288 22 16808 22 17328 22 17848 20 18370 18 18890 18 19410 16 19932 12
d6eb7ce7723e2f6dc13b90b41a29ded27dbd815bad633fdf582447c686018896,95854 6 96374 8 96892 10 97412 10 97932 10 98452 10 98972 10 99492 10 100012 10 100534 6 101056 2 101576 2
d6eb7ce7723e2f6dc13b90b41a29ded27dbd815bad633fdf582447c686018896,104190 4 104710 6 105230 6 105748 10 106268 10 106788 12 107308 12 107828 12 108348 12 108868 14 109388 14 109908 14 110426 16 110936 24 111456 24 111974 26 112494 26 113014 26 113534 26 114054 24 114574 22 115094 22 115616 18 116138 6
d6eb7ce7723e2f6dc13b90b41a29ded27dbd815bad633fdf582447c686018896,170746 6 171262 12 171780 14 172300 14 172820 16 173340 16 173858 20 174378 20 174898 20 175418 20 175938 20 176458 20 176978 18 177498 18 178018 18 178538 16 179058 16 179578 14 180098 14 180620 12
d6eb7ce7723e2f6dc13b90b41a29ded27dbd815bad633fdf582447c686018896,63634 4 64154 4 64670 10 65188 14 65708 14 66228 14 66748 14 67268 12 67790 10 68310 10
d6eb7ce7723e2f6dc13b90b41a29ded27dbd815bad633fdf582447c686018896,31930 2 32450 2 32964 12 33482 16 34000 18 34520 18 35040 18 35560 16 36080 16 36600 16 37120 14 37640 10 38162 6 38682 6
d6eb7ce7723e2f6dc13b90b41a29ded27dbd815bad633fdf582447c686018896,78749 10 79264 17 79784 17 80302 19 80822 19 81340 23 81860 23 82380 23 82900 6 82911 12 83406 6 83416 10 83431 12 83926 6 83936 10 83951 12 84444 39 84964 39 85482 39 86002 39 86522 39 87044 35 87564 35 88084 33 88606 29 89130 23 89650 23 90172 17 90694 15 91214 15 91734 15 92254 15 92772 17 93290 16 93810 16 94328 18 94848 18 95368 18 95888 16 96408 14 96930 10 97450 10 97972 6
d6eb7ce7723e2f6dc13b90b41a29ded27dbd815bad633fdf582447c686018896,127610 6 128128 10 128648 12 129168 12 129686 16 130206 18 130726 18 131246 18 131766 18 132286 20 132806 20 133326 20 133848 18 134368 18 134888 18 135408 18 135926 20 136444 22 136964 22 137482 22 138002 22 138522 22 139042 22 139562 20 140086 16 140606 16 141130 10
d6eb7ce7723e2f6dc13b90b41a29ded27dbd815bad633fdf582447c686018896,39212 8 39730 10 40250 12 40770 12 41288 14 41808 14 42328 14 42848 12 43366 14 43886 14 44406 14 44926 12 45446 12 45966 10 46486 10 47008 6
d6eb7ce7723e2f6dc13b90b41a29ded27dbd815bad633fdf582447c686018896,171816 2 172336 2 172852 8 173372 10 173890 14 174410 14 174930 14 175450 14 175970 16 176490 16 177010 16 177530 16 178050 16 178570 16 179090 16 179612 12 180132 12 180652 12
d6eb7ce7723e2f6dc13b90b41a29ded27dbd815bad633fdf582447c686018896,241 20 761 20 1281 20 1799 20 2317 20 2835 22 3355 22 3875 20 4393 22 4913 22 5433 24 5953 24 6473 24 6993 24 7515 22 8035 22 8555 20 9075 20 9595 10 9611 2 10113 12 10633 12 10647 6 11153 12 11167 6 11671 24 12180 9 12191 24 12700 37 13220 37 13738 39 14258 13 14273 2 14277 4 14285 12 14778 13 14793 2 14797 4 14805 12 15296 17 15327 8 15816 17 15849 6 16336 19 16856 19 17374 21 17894 21 18412 23 18932 23 19452 21 19972 19 20494 12 21014 12
d6eb7ce7723e2f6dc13b90b41a29ded27dbd815bad633fdf582447c686018896,55353 4 55866 17 56386 17 56906 19 57424 21 57944 21 58464 21 58984 19 59506 17 60026 17 60546 17 61069 12 61589 12 62109 12 62624 15 63140 13 63658 17 64178 17 64698 17 65218 17 65736 21 66256 21 66776 21 67296 21 67816 21 68336 21 68854 23 69374 21 69894 21 70414 21 70932 19 71452 14 71972 14 72492 12 73012 10 73532 10 74052 10 74574 6
d6eb7ce7723e2f6dc13b90b41a29ded27dbd815bad633fdf582447c686018896,97993 8 98511 10 99031 12 99551 12 100071 12 100589 14 101106 19 101626 19 102142 23 102662 23 103180 25 103700 25 104220 25 104740 27 105260 27 105780 31 106300 33 106820 11 106835 18 107340 11 107355 18 107862 7 107875 18 108395 16 108913 18 109433 18 109953 16 110473 16 110993 14 111513 14 112033 12 112555 8 113077 4 113597 4
d6eb7ce7723e2f6dc13b90b41a29ded27dbd815bad633fdf582447c686018896,43911 4 44431 4 44946 19 45464 25 45984 25 46504 25 47024 27 47544 29 48064 29 48584 29 49104 29 49624 31 50144 31 50664 31 51186 29 51713 20 52233 20 52759 14 53283 8
d6eb7ce7723e2f6dc13b90b41a29ded27dbd815bad633fdf582447c686018896,124506 7 125026 7 125544 13 126064 17 126584 19 127104 19 127626 17 128146 17 128666 17 129186 17 129706 17 130229 12 130749 10 131269 10 131791 6
d6eb7ce7723e2f6dc13b90b41a29ded27dbd815bad633fdf582447c686018896,161459 2 161977 6 162497 6 162997 4 163015 10 163515 8 163533 12 164035 10 164053 12 164555 10 164573 12 165073 14 165093 12 165593 14 165613 14 166113 34 166633 34 167153 34 167673 36 168193 36 168713 36 169233 38 169753 38 170273 38 170793 38 171315 34 171835 16 171857 12 172355 16 172377 12 172877 14 172901 6 173399 12 173413 2 173923 16 174443 16 174963 18 175481 20 175999 22 176519 22 177037 24 177557 24 178077 24 178597 24 179117 24 179639 20 180159 20 180679 18
d6eb7ce7723e2f6dc13b90b41a29ded27dbd815bad633fdf582447c686018896,34043 6 34563 6 35081 12 35599 14 36119 16 36639 16 37157 18 37677 18 38199 16 38719 16 39239 16 39761 14 40283 10 40803 10 41327 4
d6eb7ce7723e2f6dc13b90b41a29ded27dbd815bad633fdf582447c686018896,143245 8 143763 10 144281 14 144801 14 145321 14 145841 14 146359 16 146879 16 147399 16 147919 18 148439 18 148959 18 149479 18 149999 20 150519 20 151039 20 151561 18 152081 18 152601 18 153123 14 153645 12
d6eb7ce7723e2f6dc13b90b41a29ded27dbd815bad633fdf582447c686018896,131807 6 132325 10 132845 10 133365 10 133883 12 134403 14 134923 14 135443 14 135965 10 136485 10 137005 10 137527 8
d6eb7ce7723e2f6dc13b90b41a29ded27dbd815bad633fdf582447c686018896,60573 8 61091 14 61609 18 62129 18 62647 22 63167 22 63687 24 64207 24 64725 28 65245 30 65765 32 66285 32 66805 32 67325 32 67845 18 67867 10 68365 18 68387 10 68885 16 68909 8 69407 12 69429 6 69927 12 69949 6 70447 12 70969 8
d6eb7ce7723e2f6dc13b90b41a29ded27dbd815bad633fdf582447c686018896,114141 6 114657 12 115177 12 115695 16 116213 20 116731 22 117251 22 117771 22 118289 26 118809 26 119329 26 119847 28 120367 28 120887 28 121407 28 121929 26 122449 26 122969 26 123491 24 124013 8 124027 10 124547 10 125067 10 125587 12 126105 14 126623 16 127143 16 127663 16 128181 18 128701 18 129221 18 129739 20 130259 20 130779 20 131299 20 131819 20 132339 20 132859 20 133379 20 133901 18 134423 16 134943 16 135463 14 135985 12 136505 12 137025 12 137545 12 138065 12 138585 12 139105 12 139625 12 140145 12 140665 12 141187 8
d6eb7ce7723e2f6dc13b90b41a29ded27dbd815bad633fdf582447c686018896,73059 8 73577 12 74097 12 74615 14 75135 16 75655 16 76175 16 76693 18 77213 18 77733 18 78255 16 78775 16 79295 14 79815 14 80335 14 80857 10 81381 4 81901 4
d6eb7ce7723e2f6dc13b90b41a29ded27dbd815bad633fdf582447c686018896,24187 2 24707 2 25225 6 25743 10 26263 10 26783 10 27301 14 27821 14 28341 14 28861 14 29381 14 29901 12 30419 14 30939 14 31459 14 31979 14 32499 14 33017 16 33537 16 34057 16 34577 16 35097 18 35617 18 36137 18 36657 18 37179 14 37699 14 38221 10 38741 10 39263 6
d6eb7ce7723e2f6dc13b90b41a29ded27dbd815bad633fdf582447c686018896,42909 4 43425 10 43943 14 44463 14 44981 18 45501 18 46019 20 46539 20 47059 22 47579 22 48101 20 48621 20 49141 18 49661 18 50181 18 50703 16 51223 14 51745 10 52265 10
d6eb7ce7723e2f6dc13b90b41a29ded27dbd815bad633fdf582447c686018896,94919 4 95439 4 95955 10 96473 14 96991 18 97016 4 97511 18 97536 4 98029 33 98549 35 99067 37 99587 37 100107 39 100627 39 101147 39 101667 39 102187 39 102707 39 103227 39 103747 39 104267 39 104787 39 105307 39 105827 39 106343 41 106861 43 107381 43 107899 45 108419 43 108939 43 109459 43 109979 16 109997 25 110499 14 110519 21 111021 12 111039 19 111541 12 111559 19 112063 6 112081 15 112603 8
d6eb7ce7723e2f6dc13b90b41a29ded27dbd815bad633fdf582447c686018896,84501 2 85021 4 85541 2 86061 2
d6eb7ce7723e2f6dc13b90b41a29ded27dbd815bad633fdf582447c686018896,145353 8 145871 10 146389 14 146909 14 147429 16 147947 18 147971 5 148467 31 148987 31 149507 33 150027 33 150547 33 151067 33 151587 33 152107 33 152627 33 153147 31 153667 31 154185 31 154705 31 155227 12 155243 11 155749 10 155765 6 156269 10 156789 10 157311 8
d6eb7ce7723e2f6dc13b90b41a29ded27dbd815bad633fdf582447c686018896,80879 4 81397 10 81917 10 82435 21 82955 21 83473 23 83993 23 84513 23 85033 21 85551 23 86071 23 86591 18 87111 18 87631 18 88151 16 88669 18 89189 16 89709 16 90231 12 90751 10 91273 6 91793 6
d6eb7ce7723e2f6dc13b90b41a29ded27dbd815bad633fdf582447c686018896,55403 4 55913 6 55923 6 56433 6 56443 6 56953 16 57471 20 57991 20 58511 20 59031 18 59551 14 60071 14 60593 10 61113 10 61635 6 62155 6
d6eb7ce7723e2f6dc13b90b41a29ded27dbd815bad633fdf582447c686018896,171376 6 171894 10 172414 10 172931 13 173447 17 173957 25 174477 25 174995 25 175513 23 176033 16 176553 16 177073 12 177597 2 178117 2
d6eb7ce7723e2f6dc13b90b41a29ded27dbd815bad633fdf582447c686018896,60628 2 61142 12 61658 18 62178 18 62696 20 63214 24 63734 24 64254 24 64771 27 65291 27 65811 29 66331 29 66849 33 67365 39 67885 41 68405 41 68923 45 69441 17 69474 12 69961 17 69994 12 70481 15 70516 10 70999 17 71517 17 72037 17 72557 17 73077 17 73597 12 74117 12 74639 6
d6eb7ce7723e2f6dc13b90b41a29ded27dbd815bad633fdf582447c686018896,287 19 320 16 340 16 805 21 838 41 1325 21 1358 41 1845 21 1878 41 2365 23 2396 40 2885 23 2916 40 3405 23 3436 40 3925 23 3954 42 4445 23 4472 44 4965 23 4992 44 5485 23 5510 46 6005 19 6028 32 6064 12 6527 13 6546 22 6570 10 6584 12 7047 13 7066 22 7090 10 7104 12 7569 9 7586 20 7614 2 7624 15 8104 20 8144 12 8624 20 8666 10 9144 20 9186 10 9662 20 9708 6 10182 18 10702 18 11222 18 11744 20 12264 24 12796 12 13316 12 13836 14 13864 4 14354 16 14382 8 14874 16 14902 8 15392 18 15422 17 15912 18 15942 19 16430 22 16460 23 16950 22 16980 23 17470 22 17498 27 17984 28 18014 31 18502 63 19022 63 19542 63 20049 11 20062 14 20080 20 20104 19 20567 15 20584 8 20600 20 20626 17 21087 15 21104 8 21120 20 21146 17 21605 17 21640 18 21666 15 22123 19 22160 16 22186 13 22643 19 22680 16 22706 13 23163 19 23200 14 23228 8 23681 23 23720 14 23750 2 24201 23 24240 10 24721 23 24760 10 25241 23 25274 10 25761 21 25792 12 26281 21 26312 14 26801 21 26832 14 27321 19 27352 14 27841 17 27872 16 28363 13 28392 16 28883 13 28912 16 29405 9 29432 16 29929 9 29940 6 29952 14 30449 37 30969 37 31487 35 32007 33 32527 33 33047 33 33567 31 34089 29 34609 29 35129 27 35651 23 36174 20 36694 20 37218 14 37738 12 38258 12 38778 12 39300 10 39820 10 40340 8 40860 8 41382 4
d6eb7ce7723e2f6dc13b90b41a29ded27dbd815bad633fdf582447c686018896,139660 4 140176 10 140696 10 141207 21 141725 23 142245 23 142765 23 143287 21 143809 19 144329 19 144849 19 145374 12
d6eb7ce7723e2f6dc13b90b41a29ded27dbd815bad633fdf582447c686018896,124567 4 125087 4 125607 7 126127 9 126647 13 127167 13 127687 15 128209 15 128731 13 129251 13 129771 13 130294 8 130814 8 131334 8 131856 4
d6eb7ce7723e2f6dc13b90b41a29ded27dbd815bad633fdf582447c686018896,83514 4 84034 4 84550 8 85066 12 85584 14 86104 14 86622 16 87140 16 87660 16 88178 18 88696 18 89214 18 89734 18 90251 19 90769 19 91289 19 91809 19 92329 17 92851 13
d6eb7ce7723e2f6dc13b90b41a29ded27dbd815bad633fdf582447c686018896,51256 4 51776 4 52296 4
d6eb7ce7723e2f6dc13b90b41a29ded27dbd815bad633fdf582447c686018896,160982 12 161500 20 162018 24 162538 24 163058 24 163578 22 164098 20 164618 20 165140 18 165660 18 166182 16 166702 16 167222 16 167742 16 168262 16 168782 14 169304 10
d6eb7ce7723e2f6dc13b90b41a29ded27dbd815bad633fdf582447c686018896,153718 4 154234 10 154754 10 155262 6 155272 12 155780 24 156300 22 156820 22 157340 10 157356 4 157860 8 158382 6 158902 6
d6eb7ce7723e2f6dc13b90b41a29ded27dbd815bad633fdf582447c686018896,140202 4 140722 4 141240 8 141760 8 142278 12 142798 12 143316 14 143836 14 144354 16 144874 16 145392 18 145912 18 146432 20 146952 20 147470 22 147988 24 148508 24 149028 24 149548 24 150066 14 150084 8 150586 14 150604 8 151106 12 151126 4 151626 10 152148 4 152668 4
d6eb7ce7723e2f6dc13b90b41a29ded27dbd815bad633fdf582447c686018896,39838 8 40356 14 40876 14 41394 16 41914 18 42434 18 42954 18 43472 22 43992 22 44512 22 45034 20 45554 20 46074 20 46594 20 47116 16 47638 12 47658 10 48160 8 48176 14 48680 8 48696 14 49200 6 49216 14 49720 30 50240 30 50758 32 51280 30 51798 30 52318 30 52838 30 53358 32 53878 32 54398 32 54918 34 55438 34 55962 2 55968 26 56482 2 56488 26 57012 22 57532 22 58052 22 58572 22 59094 20 59614 20 60134 20 60654 20 61176 18 61698 14 62218 14 62738 14 63260 10
d6eb7ce7723e2f6dc13b90b41a29ded27dbd815bad633fdf582447c686018896,89248 8 89768 8 90286 12 90804 16 91324 16 91844 16 92362 20 92880 22 93400 22 93920 22 94438 24 94958 24 95478 24 95998 24 96518 24 97038 22 97558 22 98078 22 98596 24 99116 22 99636 22 100156 20 100678 16 101198 12 101718 12 102240 6
d6eb7ce7723e2f6dc13b90b41a29ded27dbd815bad633fdf582447c686018896,129806 6 130324 10 130842 12 131362 12 131882 12 132400 12 132920 12 133438 14 133956 14 134476 14 134996 14 135516 12 136036 8
d6eb7ce7723e2f6dc13b90b41a29ded27dbd815bad633fdf582447c686018896,75208 6 75724 12 76244 12 76762 14 77280 16 77800 16 78318 18 78838 16 79358 16 79878 16 80400 10
d6eb7ce7723e2f6dc13b90b41a29ded27dbd815bad633fdf582447c686018896,165686 12 166204 16 166724 16 167244 16 167762 20 168282 20 168802 20 169322 20 169840 20 170360 20 170880 20 171400 18 171920 16 172440 16 172962 12 173486 2
d6eb7ce7723e2f6dc13b90b41a29ded27dbd815bad633fdf582447c686018896,117850 8 118368 12 118886 14 119406 14 119924 16 120442 18 120962 18 121482 18 122002 16 122522 16 123042 16 123564 12 124086 6
d6eb7ce7723e2f6dc13b90b41a29ded27dbd815bad633fdf582447c686018896,24258 8 24778 8 25296 12 25816 12 26334 16 26854 16 27374 16 27896 12 28416 12 28936 12 29458 8
d6eb7ce7723e2f6dc13b90b41a29ded27dbd815bad633fdf582447c686018896,83018 12 83536 20 84056 20 84576 25 85094 29 85614 29 86134 29 86656 29 87176 29 87696 29 88218 27 88738 27 89260 25 89780 25 90302 23 90824 21 91346 17 91866 17 92388 15 92912 9
d6eb7ce7723e2f6dc13b90b41a29ded27dbd815bad633fdf582447c686018896,125658 2 126176 4 126694 6 127214 6 127734 6 128256 2
d6eb7ce7723e2f6dc13b90b41a29ded27dbd815bad633fdf582447c686018896,130350 2 130866 13 131386 13 131904 19 132424 19 132944 19 133462 23 133982 23 134502 23 135022 23 135542 23 136060 25 136578 27 137098 27 137616 29 138134 29 138654 27 139174 27 139694 16 140214 16 140734 16 141254 18 141774 18 142294 20 142814 20 143336 18 143856 18 144378 16 144898 16 145418 16 145940 14 146462 10 146982 10 147506 4
d6eb7ce7723e2f6dc13b90b41a29ded27dbd815bad633fdf582447c686018896,33110 6 33626 15 34144 21 34664 21 35182 23 35702 23 36220 25 36740 25 37260 25 37778 27 38298 25 38818 25 39338 25 39858 23 40378 21 40898 21 41418 18 41940 16 42460 16 42980 14 43502 10 44022 8 44542 8
d6eb7ce7723e2f6dc13b90b41a29ded27dbd815bad633fdf582447c686018896,174022 14 174542 14 175060 21 175578 23 176098 23 176618 23 177138 23 177658 23 178178 23 178700 19 179220 16 179742 12 180262 12 180782 10
d6eb7ce7723e2f6dc13b90b41a29ded27dbd815bad633fdf582447c686018896,159472 9 159990 13 160510 13 161030 13 161548 17 162068 19 162588 19 163108 19 163626 21 164146 21 164666 21 165186 21 165706 19 166226 19 166746 19 167268 15 167790 11 168310 11
d6eb7ce7723e2f6dc13b90b41a29ded27dbd815bad633fdf582447c686018896,75236 9 75754 13 76274 13 76792 17 77312 19 77832 19 78352 19 78383 6 78872 19 78901 10 79392 19 79417 14 79912 19 79937 14 80434 19 80455 16 80956 33 81476 33 81996 33 82519 30 83043 24 83563 26 84083 26 84605 24 85127 22 85647 24 86167 24 86689 22 87211 20 87731 20 88253 18 88773 18 89295 16 89815 16 90335 14 90855 14 91373 16 91893 16 92413 18 92933 18 93453 18 93973 18 94493 18 95015 16 95535 16 96036 13 96053 18 96554 37 97072 37 97592 37 98112 37 98632 37 99152 35 99672 35 100194 33 100714 33 101236 29 101756 29 102281 22 102815 4
d6eb7ce7723e2f6dc13b90b41a29ded27dbd815bad633fdf582447c686018896,22215 4 22735 4 23253 10 23773 12 24293 14 24813 14 25325 2 25333 14 25841 10 25853 14 26359 12 26373 16 26879 12 26893 16 27399 30 27916 15 27935 14 28436 15 28455 16 28956 15 28975 16 29476 13 29495 16 29999 8 30015 16 30535 16 31055 16 31577 14 32101 10 32621 10 33143 4
d6eb7ce7723e2f6dc13b90b41a29ded27dbd815bad633fdf582447c686018896,119961 4 120479 8 120996 13 121516 13 122036 15 122556 15 123076 15 123596 15 124116 15 124636 17 125156 17 125679 14 126199 14 126719 14 127239 14 127759 14 128279 14 128801 10 129321 10 129841 10 130363 4
d6eb7ce7723e2f6dc13b90b41a29ded27dbd815bad633fdf582447c686018896,49257 8 49773 14 50293 14 50811 16 51329 18 51849 18 52369 18 52889 18 53409 18 53929 16 54449 16 54969 14 55489 12 56005 14 56525 14 57043 14 57563 16 58081 18 58601 18 59121 18 59641 20 60161 20 60681 22 61203 22 61723 22 62243 22 62763 22 63283 22 63801 24 64321 24 64841 24 65359 26 65879 26 66399 26 66919 24 67441 22 67963 18 68483 18 69007 12
d6eb7ce7723e2f6dc13b90b41a29ded27dbd815bad633fdf582447c686018896,361 16 881 18 1401 18 1921 18 2443 16 2963 16 3483 16 4003 16 4523 16 5043 16 5563 16 6085 14 6605 14 7125 14 7647 10 8167 10 8689 6 9209 6
d6eb7ce7723e2f6dc13b90b41a29ded27dbd815bad633fdf582447c686018896,122581 8 123101 8 123621 10 124139 12 124659 12 125179 12 125699 12 126219 14 126739 16 127259 16 127779 16 128297 18 128817 18 129337 18 129855 20 130373 22 130893 22 131413 22 131933 20 132451 20 132971 20 133491 20 134011 20 134531 18 135051 18 135571 18 136093 14 136613 14 137133 14 137653 14 138173 12 138693 10 139213 10 139735 8 140255 6 140775 6 141295 2 141811 4 142327 10 142847 10 143365 14 143885 14 144403 16 144923 16 145443 16 145963 16 146483 16 147003 16 147523 16 148043 16 148563 14 149083 14 149603 12 150125 8 150645 8
d6eb7ce7723e2f6dc13b90b41a29ded27dbd815bad633fdf582447c686018896,113213 6 113733 6 114251 10 114769 12 115289 12 115809 12 116329 12 116847 14 117367 14 117887 14 118409 10 118929 10 119449 10 119971 6
d6eb7ce7723e2f6dc13b90b41a29ded27dbd815bad633fdf582447c686018896,41461 6 41979 8 42499 8 43017 10 43535 14 44055 14 44575 14 45093 16 45613 14 46133 14 46653 14 47175 12 47697 8
d6eb7ce7723e2f6dc13b90b41a29ded27dbd815bad633fdf582447c686018896,159497 14 160015 16 160535 16 161053 18 161573 18 162093 18 162613 18 163133 18 163653 18 164173 18 164693 18 165213 16 165733 16 166253 14 166773 14 167295 10 167815 8 168335 8
d6eb7ce7723e2f6dc13b90b41a29ded27dbd815bad633fdf582447c686018896,132477 4 132997 4 133515 8 134035 10 134553 12 135073 12 135593 12 136113 12 136633 12 137153 12 137671 14 138191 14 138711 14 139231 14 139749 16 140269 16 140789 16 141309 16 141829 16 142349 16 142869 16 143389 16 143909 16 144429 16 144949 16 145471 14 145991 14 146511 14 147031 14 147549 16 148067 18 148585 18 149105 18 149623 20 150141 20 150661 20 151181 18 151699 20 152219 18 152739 18 153259 14 153779 12 154297 12 154817 12 155337 10 155859 6 156379 4 156899 4
d6eb7ce7723e2f6dc13b90b41a29ded27dbd815bad633fdf582447c686018896,395 12 413 21 913 41 1433 41 1953 41 2473 41 2993 39 3513 39 4031 41 4551 39 5071 39 5591 39 6111 39 6631 39 7151 39 7669 41 8189 39 8709 39 9229 39 9749 39 10269 37 10787 37 11307 37 11827 34 12347 20 12371 8 12865 22 13385 22 13905 22 14423 24 14943 24 15463 22 15983 22 16503 20 17023 20 17543 18 18065 14 18585 16 19105 16 19627 14 20149 14 20669 14 21189 14 21711 12 22233 12 22753 12 23275 10 23797 8 24319 6 24839 6 25361 4
d6eb7ce7723e2f6dc13b90b41a29ded27dbd815bad633fdf582447c686018896,67479 6 67997 10 68517 10 69035 12 69553 16 70073 16 70593 16 71113 16 71633 16 72153 16 72671 18 73193 16 73713 16 74233 16 74753 16 75275 14 75799 8 76319 8 76843 4 77365 6 77885 6 78403 10 78923 10 79441 14 79961 14 80481 14 81001 14 81521 14 82041 14 82559 16 83077 18 83597 18 84117 18 84635 22 85155 22 85675 22 86195 22 86715 22 87235 22 87755 22 88277 20 88799 18 89323 12 89843 12 90367 8
d6eb7ce7723e2f6dc13b90b41a29ded27dbd815bad633fdf582447c686018896,108555 6 109073 8 109593 8 110111 12 110631 12 111151 12 111671 12 112191 12 112711 10
d6eb7ce7723e2f6dc13b90b41a29ded27dbd815bad633fdf582447c686018896,96662 6 97180 10 97700 10 98218 12 98736 14 99254 18 99774 18 100294 18 100814 16 100842 4 101334 16 101358 11 101854 16 101878 11 102372 18 102396 13 102892 20 102914 15 103400 6 103412 39 103920 6 103932 39 104438 10 104452 39 104495 8 104956 14 104972 37 105013 12 105476 14 105492 37 105533 12 105994 18 106014 35 106053 12 106514 16 106534 12 106552 17 106573 12 107032 18 107074 31 107552 18 107594 31 108070 20 108114 17 108133 12 108588 22 108636 15 108653 12 109108 22 109156 13 109175 8 109628 22 109676 13 109695 8 110148 22 110184 8 110198 11 110668 22 110702 10 110718 11 111188 22 111220 14 111238 11 111708 22 111740 14 111758 11 112228 22 112260 29 112748 22 112778 33 113266 8 113282 6 113298 33 113786 8 113802 6 113818 33 114293 21 114338 33 114801 33 114858 35 115321 33 115378 35 115839 35 115898 33 116357 37 116418 33 116875 39 116940 31 117395 39 117460 31 117915 37 117982 27 118435 35 118512 14 118953 16 118971 15 119034 8 119473 16 119491 15 119554 8 119993 16 120011 15 120513 14 120531 13 121033 14 121051 13 121553 14 121571 13 122073 14 122091 13 122593 12 122611 13 123113 12 123131 13 123633 12 123651 13 124155 8 124173 8 124695 4 125215 4
d6eb7ce7723e2f6dc13b90b41a29ded27dbd815bad633fdf582447c686018896,171481 6 171999 8 172519 8 173037 10 173555 12 174073 14 174593 14 175113 14 175633 12 176153 12 176673 12 177193 12 177713 10 178233 10 178753 8 179273 8 179793 6 180313 6 180835 4
d6eb7ce7723e2f6dc13b90b41a29ded27dbd815bad633fdf582447c686018896,97121 8 97641 8 98157 14 98677 14 99195 16 99715 16 100235 16 100755 16 101275 16 101795 16 102315 16 102835 16 103355 14 103875 14 104397 12 104919 8 105439 8 105961 4
d6eb7ce7723e2f6dc13b90b41a29ded27dbd815bad633fdf582447c686018896,135619 7 136137 9 136657 11 137177 11 137695 13 138215 13 138735 15 139255 15 139775 15 140295 15 140815 15 141333 17 141853 17 142373 17 142893 17 143415 13 143935 11 144459 7 144979 7
d6eb7ce7723e2f6dc13b90b41a29ded27dbd815bad633fdf582447c686018896,158501 7 159021 7 159539 9 160057 13 160072 2 160577 13 160592 2 161095 23 161615 25 162135 25 162655 25 163175 25 163693 27 164213 27 164733 27 165253 29 165773 29 166293 29 166813 29 167335 2 167344 18 167866 14 168386 14 168908 12 169430 8
d6eb7ce7723e2f6dc13b90b41a29ded27dbd815bad633fdf582447c686018896,145510 6 146026 14 146544 24 147064 24 147584 26 148104 26 148624 26 149144 26 149661 27 150181 27 150701 27 151221 25 151741 23 152264 18 152784 18 153306 14 153830 8
d6eb7ce7723e2f6dc13b90b41a29ded27dbd815bad633fdf582447c686018896,90926 10 91442 16 91962 16 92480 20 92998 22 93516 24 94036 24 94554 24 95074 20 95594 20 96112 18 96632 14 97154 10 97674 10 98194 8
d6eb7ce7723e2f6dc13b90b41a29ded27dbd815bad633fdf582447c686018896,122124 4 122642 6 123162 6 123682 8 124200 12 124720 12 125240 12 125760 12 126280 14 126798 16 127318 16 127838 16 128356 18 128876 18 129396 18 129914 18 130434 18 130954 18 131474 18 131992 18 132512 18 133032 18 133552 16 134072 16 134594 10 135114 10 135636 6
d6eb7ce7723e2f6dc13b90b41a29ded27dbd815bad633fdf582447c686018896,167892 12 168412 12 168928 16 169446 18 169964 22 170484 22 171002 24 171520 24 172040 22 172560 22 173078 18 173596 20 174114 20 174634 20 175154 20 175674 20 176196 16 176716 16 177236 16 177758 12 178278 12 178800 8
d6eb7ce7723e2f6dc13b90b41a29ded27dbd815bad633fdf582447c686018896,146062 6 146580 12 147100 12 147618 16 148136 20 148656 22 149176 22 149696 22 150216 22 150736 22 151254 22 151774 22 152294 20 152814 20 153336 18 153856 18 154378 16 154898 16 155410 22 155926 12 155946 2 156444 16 156964 16 157482 18 158002 18 158522 18 159042 18 159562 18 160082 18 160602 18 161122 18 161642 18 162162 18 162682 18 163204 16 163726 12 164250 6 164770 6
d6eb7ce7723e2f6dc13b90b41a29ded27dbd815bad633fdf582447c686018896,462 12 982 12 1502 12 2022 12 2542 12 3060 12 3580 12 4092 18 4612 16 5132 16 5650 18 6170 18 6690 18 7210 18 7730 18 8250 18 8770 18 9290 18 9810 18 10330 18 10850 16 11370 16 11890 16 12410 14 12930 14 13450 14 13968 16 14488 14 15008 14 15528 14 16048 14 16568 12 17088 12 17610 10 18132 6
d6eb7ce7723e2f6dc13b90b41a29ded27dbd815bad633fdf582447c686018896,23338 4 23856 8 24374 10 24894 10 25414 10 25934 10 26454 12 26974 12 27494 12 28016 10 28536 8 29056 8 29580 2
d6eb7ce7723e2f6dc13b90b41a29ded27dbd815bad633fdf582447c686018896,134618 6 135138 6 135656 10 136176 10 136694 12 137214 12 137734 12 138254 12 138774 12 139294 12 139814 12 140334 12 140854 12 141374 12 141894 10 142416 6 142936 6
d6eb7ce7723e2f6dc13b90b41a29ded27dbd815bad633fdf582447c686018896,178822 4
d6eb7ce7723e2f6dc13b90b41a29ded27dbd815bad633fdf582447c686018896,123708 2 124226 6 124744 8 125264 8 125784 8 126304 8 126824 8 127344 8 127864 8 128384 8 128906 4 129426 4
d6eb7ce7723e2f6dc13b90b41a29ded27dbd815bad633fdf582447c686018896,482 15 503 6 1000 31 1520 31 2040 17 2061 10 2558 17 2581 12 3078 15 3101 12 3598 15 3621 12 4118 15 4141 12 4638 13 4661 12 5158 13 5181 12 5678 13 5699 14 6198 13 6217 16 6718 11 6737 14 7238 11 7257 14 7760 6 7775 14 8291 18 8806 23 9326 23 9844 25 10364 25 10882 27 11402 27 11922 25 12442 25 12956 31 13476 31 13994 33 14512 39 15032 39 15552 41 16072 41 16592 41 17112 41 17632 43 18152 43 18674 43 19194 43 19714 43 20236 43 20758 41 21278 41 21800 39 22322 37 22842 37 23362 39 23884 35 24404 35 24924 35 25446 33 25966 17 25985 14 26489 10 26507 14 27009 10 27027 14 27547 14 28069 12 28591 8 29111 8 29633 4
d6eb7ce7723e2f6dc13b90b41a29ded27dbd815bad633fdf582447c686018896,155446 7 155964 11 156482 13 157002 13 157522 13 158040 15 158560 15 159080 15 159600 15 160122 13 160642 13 161162 11 161680 13 162198 15 162718 15 163238 17 163756 19 164276 19 164796 19 165316 19 165836 19 166356 19 166876 19 167396 19 167916 19 168436 19 168954 21 169476 19 169996 19 170516 19 171036 19 171558 15 172080 13 172600 13 173122 9 173644 5
d6eb7ce7723e2f6dc13b90b41a29ded27dbd815bad633fdf582447c686018896,121153 8 121673 8 122189 12 122699 6 122709 12 123219 6 123229 12 123737 24 124255 26 124775 26 125295 26 125815 26 126333 28 126853 28 127373 28 127893 28 128413 28 128931 20 128953 8 129451 20 129473 8 129966 23 129995 6 130484 23 130515 6 131002 25 131033 8 131522 25 131553 8 132040 39 132560 37 133080 37 133600 37 134118 39 134638 39 135158 39 135678 37 136200 35 136720 33 137240 33 137762 29 138282 11 138297 12 138804 9 138821 6 139324 9 139341 6 139844 9 140364 7 140884 7 141406 5
d6eb7ce7723e2f6dc13b90b41a29ded27dbd815bad633fdf582447c686018896,68082 4 68602 4 69122 7 69640 9 70160 9 70680 9 71200 6 71722 2 72242 2
d6eb7ce7723e2f6dc13b90b41a29ded27dbd815bad633fdf582447c686018896,83711 6 84231 6 84745 14 85257 24 85773 28 86293 28 86811 30 87329 30 87849 30 88366 31 88886 31 89404 29 89924 29 90444 27 90964 23 91484 19 92004 19 92526 19 93046 19 93566 21 94086 21 94606 21 95126 21 95646 21 96164 23 96684 23 97204 23 97724 23 98244 21 98766 19 99291 12 99811 12
d6eb7ce7723e2f6dc13b90b41a29ded27dbd815bad633fdf582447c686018896,111263 2 111783 2 112301 4
d6eb7ce7723e2f6dc13b90b41a29ded27dbd815bad633fdf582447c686018896,152355 2 152875 2 153393 8 153913 8 154431 10 154951 10 155471 10 155989 12 156509 12 157029 12 157547 14 158067 14 158587 14 159107 14 159625 16 160145 16 160665 16 161185 16 161705 16 162227 14 162747 14 163267 14 163789 10
d6eb7ce7723e2f6dc13b90b41a29ded27dbd815bad633fdf582447c686018896,99315 6 99835 6 100353 8 100871 10 101391 10 101911 10 102431 10 102951 10 103471 10 103991 10 104511 10 105031 10 105551 10 106071 10 106593 8 107111 10 107631 10 108151 10 108671 10 109193 6 109713 6
d6eb7ce7723e2f6dc13b90b41a29ded27dbd815bad633fdf582447c686018896,179917 2 180437 2
191b2b2205f2f5cc9da04702c5d422bc249faf8bca1107af792da63cccfba829,37405 6 37660 8 37915 10 38170 11 38425 13 38681 13 38936 14 39192 15 39448 15 39704 15 39960 15 40216 15 40472 14 40728 14 40985 13 41241 12 41498 11 41754 11 42011 9 42268 7
191b2b2205f2f5cc9da04702c5d422bc249faf8bca1107af792da63cccfba829,37189 2 37445 2
191b2b2205f2f5cc9da04702c5d422bc249faf8bca1107af792da63cccfba829,54866 3 55119 8 55373 11 55628 13 55883 14 56138 16 56393 17 56648 18 56904 18 57159 19 57415 19 57671 18 57926 19 58182 19 58438 18 58694 18 58951 16 59207 15 59464 13 59721 10 59978 7
191b2b2205f2f5cc9da04702c5d422bc249faf8bca1107af792da63cccfba829,40019 7 40274 9 40529 11 40784 12 41039 14 41295 14 41551 14 41806 15 42062 15 42318 14 42574 14 42830 14 43086 13 43343 12 43599 11 43856 9 44113 7
191b2b2205f2f5cc9da04702c5d422bc249faf8bca1107af792da63cccfba829,21101 2 21355 6 21611 7 21866 8 22122 9 22377 10 22633 10 22889 10 23144 10 23400 10 23656 10 23912 10 24168 9 24424 9 24680 8 24937 7 25193 6 25451 2
191b2b2205f2f5cc9da04702c5d422bc249faf8bca1107af792da63cccfba829,48787 4 49040 9 49295 11 49550 12 49806 13 50061 14 50317 14 50573 14 50828 15 51084 14 51341 13 51597 12 51853 12 52109 11 52366 9 52623 8 52880 6
191b2b2205f2f5cc9da04702c5d422bc249faf8bca1107af792da63cccfba829,13251 5 13505 8 13760 10 14016 11 14271 12 14527 12 14783 12 15039 13 15295 13 15551 13 15807 12 16063 12 16319 12 16576 11 16833 9 17090 7 17347 4
191b2b2205f2f5cc9da04702c5d422bc249faf8bca1107af792da63cccfba829,44514 4 44767 8 45021 11 45275 14 45530 15 45786 15 46041 16 46296 17 46552 17 46807 18 47063 18 47319 17 47575 17 47831 16 48087 16 48344 14 48601 11 48858 9 49115 6
191b2b2205f2f5cc9da04702c5d422bc249faf8bca1107af792da63cccfba829,28914 6 29169 8 29424 10 29679 12 29935 12 30191 13 30447 13 30703 13 30958 14 31214 13 31470 13 31726 13 31983 12 32239 11 32496 10 32753 8 33010 6 33268 2
0a849e0eb15faa8a6d7329c3dd66aabe9a294cccb52ed30a90c8ca99092ae732,1537 2 1575 3 1793 3 1824 12 2049 4 2079 15 2305 4 2334 17 2561 5 2589 19 2817 7 2837 1 2846 18 3073 8 3090 6 3102 19 3329 10 3344 9 3358 20 3585 10 3597 14 3615 19 3841 26 3871 20 4097 27 4127 20 4353 28 4382 21 4609 50 4865 50 5121 50 5377 50 5633 50 5889 50 6145 49 6401 6 6408 42 6657 6 6665 40 6913 6 6922 39 7171 3 7179 37 7435 36 7692 17 7712 12 7949 14 8206 12
0a849e0eb15faa8a6d7329c3dd66aabe9a294cccb52ed30a90c8ca99092ae732,12033 4 12289 4 12545 4 12801 5 13057 6 13313 7 13569 8 13825 9 14081 9 14337 10 14593 10 14849 10 15105 10 15361 10 15617 10 15873 10 16129 10 16385 10 16641 11 16897 11 17153 10 17409 10 17665 9 17921 8 18177 8 18433 9 18689 9 18945 8 19201 7 19457 5 19713 4
0a849e0eb15faa8a6d7329c3dd66aabe9a294cccb52ed30a90c8ca99092ae732,33026 2 33281 4 33537 5 33793 6 34049 6 34305 6 34561 7 34817 7 35073 8 35329 8 35585 8 35841 8 36097 9 36353 8 36609 8 36865 8 37121 7 37377 7 37633 6 37889 6 38145 5 38401 5 38658 2
0a849e0eb15faa8a6d7329c3dd66aabe9a294cccb52ed30a90c8ca99092ae732,43265 6 43521 8 43777 10 44033 10 44289 11 44545 11 44801 11 45057 11 45314 9 45571 2
0a849e0eb15faa8a6d7329c3dd66aabe9a294cccb52ed30a90c8ca99092ae732,49922 4 50177 6 50433 8 50689 10 50945 10 51201 7 51457 5 51714 2
0a849e0eb15faa8a6d7329c3dd66aabe9a294cccb52ed30a90c8ca99092ae732,52481 2 52737 1 52993 2 53249 2 53505 3 53761 3 54017 4 54273 4 54529 4 54785 5 55041 5 55297 5 55553 5 55809 5 56065 5 56321 5 56577 4 56833 4 57089 4 57345 3 57601 3 57857 1
0a849e0eb15faa8a6d7329c3dd66aabe9a294cccb52ed30a90c8ca99092ae732,59137 4 59393 5 59649 6 59905 6 60161 5 60417 3 60673 3 60929 3 61185 4 61441 4 61697 5 61953 5 62209 5 62465 5 62721 5 62977 4 63233 4 63489 4 63745 4 64001 3 64257 3 64513 3 64769 3 65025 2 65283 1
0a849e0eb15faa8a6d7329c3dd66aabe9a294cccb52ed30a90c8ca99092ae732,51725 2 51979 6 52234 8 52489 9 52744 11 53000 11 53256 11 53512 11 53768 11 54024 10 54281 8 54537 8 54793 8 55050 6
0a849e0eb15faa8a6d7329c3dd66aabe9a294cccb52ed30a90c8ca99092ae732,36649 11 36904 14 37159 16 37414 18 37670 19 37925 13 37939 7 38170 5 38176 2 38181 13 38195 7 38424 10 38436 14 38452 6 38677 12 38691 14 38708 5 38931 13 38947 14 38966 1 39186 14 39202 15 39441 15 39458 15 39696 32 39952 32 40207 32 40463 31 40719 30 40975 29 41231 28 41487 27 41743 26 41998 25 42254 25 42510 25 42767 24 43023 23 43280 22 43537 20 43794 18 44051 15 44307 14 44565 11 44821 10 45079 7 45337 4
0a849e0eb15faa8a6d7329c3dd66aabe9a294cccb52ed30a90c8ca99092ae732,51477 2 51733 3 51990 2
0a849e0eb15faa8a6d7329c3dd66aabe9a294cccb52ed30a90c8ca99092ae732,10021 7 10275 12 10530 14 10786 15 11041 17 11296 18 11552 18 11807 19 12062 21 12317 22 12572 23 12828 24 13084 24 13340 24 13595 24 13850 25 14106 25 14361 26 14617 26 14873 25 15129 25 15385 25 15642 23 15899 4 15905 15 16161 13 16417 11 16674 9 16932 5
0a849e0eb15faa8a6d7329c3dd66aabe9a294cccb52ed30a90c8ca99092ae732,52001 7 52255 11 52510 12 52765 14 53021 15 53276 16 53531 17 53787 17 54043 17 54298 18 54554 21 54810 23 55066 25 55322 26 55578 26 55834 26 56090 26 56347 26 56603 26 56860 3 56865 20 57121 20 57378 19 57635 18 57892 16 58149 15 58406 13 58420 2 58662 17 58916 20 59171 21 59426 22 59682 23 59938 23 60194 24 60450 24 60706 23 60962 23 61218 22 61474 22 61729 23 61985 22 62242 21 62498 20 62754 19 63010 18 63266 18 63521 19 63777 20 64033 20 64288 22 64543 24 64575 6 64799 25 64826 13 65056 40 65312 24 65337 15
0a849e0eb15faa8a6d7329c3dd66aabe9a294cccb52ed30a90c8ca99092ae732,28709 3 28963 7 29218 9 29474 9 29729 11 29985 11 30240 12 30496 13 30752 13 31008 14 31265 13 31521 13 31777 13 32033 13 32290 11 32546 11 32803 9
0a849e0eb15faa8a6d7329c3dd66aabe9a294cccb52ed30a90c8ca99092ae732,46643 7 46897 11 47150 15 47405 17 47660 18 47916 19 48171 20 48427 19 48683 19 48939 18 49195 18 49451 18 49707 18 49963 19 50220 17 50476 17 50733 16 50990 15 51247 14 51504 13 51761 11 52019 9 52276 8 52534 5
0a849e0eb15faa8a6d7329c3dd66aabe9a294cccb52ed30a90c8ca99092ae732,20530 3 20784 7 21038 10 21294 10 21549 12 21805 12 22061 12 22317 12 22573 12 22830 11 23086 10 23343 8 23600 6 23858 2
0a849e0eb15faa8a6d7329c3dd66aabe9a294cccb52ed30a90c8ca99092ae732,45620 1
0a849e0eb15faa8a6d7329c3dd66aabe9a294cccb52ed30a90c8ca99092ae732,37951 6 38205 9 38461 10 38716 11 38972 12 39227 13 39482 15 39737 16 39993 16 40248 17 40503 18 40758 19 41014 19 41269 20 41525 19 41781 19 42037 18 42293 18 42549 17 42805 17 43062 15 43319 12 43577 9 43835 5
0a849e0eb15faa8a6d7329c3dd66aabe9a294cccb52ed30a90c8ca99092ae732,26179 7 26434 9 26689 12 26945 12 27201 13 27457 13 27713 13 27968 14 28223 16 28479 16 28735 16 28991 16 29247 15 29504 13 29761 10
0a849e0eb15faa8a6d7329c3dd66aabe9a294cccb52ed30a90c8ca99092ae732,26997 9 27252 13 27507 17 27763 18 28018 20 28274 21 28529 22 28785 22 29041 22 29296 23 29552 22 29809 20 30065 20 30321 19 30578 17 30835 16 31092 14 31349 11 31606 9 31863 6
0a849e0eb15faa8a6d7329c3dd66aabe9a294cccb52ed30a90c8ca99092ae732,4730 1 4984 5 5238 10 5494 12 5749 15 6004 17 6260 18 6515 19 6771 19 7027 19 7283 19 7539 19 7795 19 8051 19 8307 19 8563 19 8820 17 9077 16 9333 15 9590 14 9847 12 10105 9 10364 4
0a849e0eb15faa8a6d7329c3dd66aabe9a294cccb52ed30a90c8ca99092ae732,20106 11 20360 14 20615 16 20871 17 21126 18 21382 19 21637 20 21893 21 22148 22 22404 22 22660 21 22915 22 23171 22 23427 21 23684 19 23941 18 24197 17 24454 15 24711 11
0a849e0eb15faa8a6d7329c3dd66aabe9a294cccb52ed30a90c8ca99092ae732,2448 6 2702 9 2958 10 3213 12 3469 13 3724 15 3980 16 4236 17 4492 18 4748 19 5004 20 5261 20 5517 21 5773 22 6030 22 6286 22 6543 22 6800 21 7057 20 7314 19 7572 16 7832 11 8091 7 8349 3
0a849e0eb15faa8a6d7329c3dd66aabe9a294cccb52ed30a90c8ca99092ae732,8618 1 8871 6 9125 8 9379 11 9633 14 9888 16 10142 19 10397 21 10653 21 10908 23 11164 23 11420 23 11667 5 11676 23 11922 33 12176 35 12432 35 12687 36 12942 36 13198 35 13454 34 13709 34 13965 32 14221 30 14478 19 14734 19 14990 19 15246 18 15503 17 15760 15 16017 13 16276 1 16280 3
0a849e0eb15faa8a6d7329c3dd66aabe9a294cccb52ed30a90c8ca99092ae732,152 18 408 18 665 17 921 16 1179 13 1437 10 1695 7
0a849e0eb15faa8a6d7329c3dd66aabe9a294cccb52ed30a90c8ca99092ae732,29612 4 29866 8 30121 10 30376 12 30632 13 30887 15 31142 17 31398 17 31654 18 31910 18 32166 19 32422 19 32678 19 32933 20 33189 20 33446 19 33702 19 33958 19 34215 17 34471 17 34728 14 34985 11 35243 8 35501 3
0a849e0eb15faa8a6d7329c3dd66aabe9a294cccb52ed30a90c8ca99092ae732,21423 3 21677 8 21932 12 22187 15 22442 18 22698 19 22954 20 23209 21 23465 22 23721 22 23977 22 24233 23 24489 23 24745 23 25002 22 25258 22 25514 21 25770 21 26027 19 26284 17 26541 14 26798 11 27055 7
0a849e0eb15faa8a6d7329c3dd66aabe9a294cccb52ed30a90c8ca99092ae732,15541 5 15795 9 16049 12 16304 14 16558 16 16813 18 17068 20 17324 21 17579 22 17835 22 18091 22 18347 22 18603 22 18860 20 19116 20 19373 18 19631 15 19889 12 20147 8
0a849e0eb15faa8a6d7329c3dd66aabe9a294cccb52ed30a90c8ca99092ae732,4793 3 5048 5 5302 8 5557 14 5812 17 5830 5 6067 24 6323 25 6578 27 6834 27 7090 27 7347 26 7603 25 7860 24 8117 22 8373 20 8630 18 8886 17 9142 12 9155 2 9400 7
0a849e0eb15faa8a6d7329c3dd66aabe9a294cccb52ed30a90c8ca99092ae732,192 20 447 22 703 22 959 22 1215 21 1472 19 1728 17 1985 16 2242 14 2500 11 2760 5
0a849e0eb15faa8a6d7329c3dd66aabe9a294cccb52ed30a90c8ca99092ae732,7130 6 7383 10 7637 13 7892 16 8147 20 8403 20 8659 21 8914 23 9169 24 9423 26 9678 27 9934 27 10190 27 10446 27 10702 27 10958 27 11217 24 11475 22 11731 21 11988 20 12244 19 12501 18 12758 16 13014 15 13268 12 13522 15 13777 18 14031 21 14286 24 14541 29 14797 31 15053 32 15309 33 15564 35 15820 35 16076 36 16332 36 16589 35 16845 34 17101 34 17357 34 17614 33 17871 32 18127 32 18384 31 18641 30 18898 28 19156 26 19413 24 19671 21 19929 18 19954 5 20186 16 20206 10 20444 28 20702 27 20967 18 21223 19 21479 19 21735 20 21991 20 22247 20 22502 21 22758 21 23014 21 23270 21 23526 21 23782 21 24039 19 24295 19 24552 17 24809 15 25066 13 25323 11 25580 9 25838 4
0a849e0eb15faa8a6d7329c3dd66aabe9a294cccb52ed30a90c8ca99092ae732,25555 7 25810 10 26063 15 26318 17 26573 20 26828 22 27084 22 27340 23 27597 22 27853 22 28109 22 28366 20 28622 20 28878 20 29135 19 29391 18 29648 17 29904 16 30161 14 30418 12 30676 8
0a849e0eb15faa8a6d7329c3dd66aabe9a294cccb52ed30a90c8ca99092ae732,37872 6 38124 13 38378 17 38632 22 38888 23 39143 25 39399 25 39654 26 39891 1 39896 3 39910 26 40145 16 40166 26 40402 16 40422 26 40657 18 40678 26 40913 19 40933 27 41168 48 41424 48 41679 49 41935 49 42191 49 42447 49 42703 23 42729 22 42959 22 42986 20 43215 22 43247 14 43471 22 43511 4 43727 22 43983 22 44240 22 44497 20 44754 19 45010 18 45267 16 45524 13 45781 10 46039 7
0a849e0eb15faa8a6d7329c3dd66aabe9a294cccb52ed30a90c8ca99092ae732,2017 8 2272 11 2526 14 2782 15 3037 16 3292 17 3548 18 3803 19 4058 21 4314 21 4570 21 4826 21 5082 21 5339 19 5596 18 5855 14 6112 12 6370 8
0a849e0eb15faa8a6d7329c3dd66aabe9a294cccb52ed30a90c8ca99092ae732,61159 2 61411 8 61664 11 61919 13 62173 16 62426 21 62682 21 62938 22 63194 22 63450 22 63707 21 63963 21 64221 20 64475 1 64477 21 64731 1 64733 21 64987 23 65242 22 65502 18
0a849e0eb15faa8a6d7329c3dd66aabe9a294cccb52ed30a90c8ca99092ae732,31474 3 31723 1 31727 8 31975 16 32228 20 32482 22 32737 22 32992 23 33248 22 33503 23 33759 23 34015 22 34271 22 34527 22 34783 22 35040 20 35296 20 35552 20 35808 19 36065 18 36322 15 36581 11 36841 3
0a849e0eb15faa8a6d7329c3dd66aabe9a294cccb52ed30a90c8ca99092ae732,46831 3 47086 5 47342 6 47598 5 47848 10 48102 11 48356 14 48611 17 48866 19 49122 19 49378 20 49633 22 49889 22 50145 23 50401 23 50657 23 50913 23 51169 23 51425 23 51681 23 51938 22 52194 21 52451 16 52708 14 52965 12 53223 9 53481 5
0a849e0eb15faa8a6d7329c3dd66aabe9a294cccb52ed30a90c8ca99092ae732,7926 6 8180 10 8435 13 8690 15 8945 16 9201 16 9456 17 9712 17 9968 17 10224 17 10480 17 10736 17 10992 17 11248 17 11504 17 11760 17 12017 16 12273 16 12530 15 12787 14 13044 13 13302 11 13560 9 13818 6
0a849e0eb15faa8a6d7329c3dd66aabe9a294cccb52ed30a90c8ca99092ae732,30463 1 30718 3 30973 4 31229 4 31484 5 31740 5 31996 5 32252 5 32508 5 32764 5 33020 5 33276 5 33532 5 33788 5 34044 5 34301 4 34557 4 34813 4 35069 4 35325 4 35581 4 35837 4 36093 4 36349 4 36606 3 36863 2
0a849e0eb15faa8a6d7329c3dd66aabe9a294cccb52ed30a90c8ca99092ae732,26879 2 27135 2 27391 2 27647 2 27903 2
4727d94c6a57ed484270fdd8bbc6e3d5f2f15d5476794a4e37a40f2309a091e2,32974 5 33229 6 33485 7 33740 8 33996 9 34252 9 34509 8 34765 8 35021 8 35277 8 35532 9 35788 9 36044 9 36300 9 36556 9 36813 7 37070 5 37327 3
4727d94c6a57ed484270fdd8bbc6e3d5f2f15d5476794a4e37a40f2309a091e2,24788 2 25042 5 25297 7 25552 8 25808 8 26064 8 26320 8 26576 8 26833 6 27090 5 27348 1
4727d94c6a57ed484270fdd8bbc6e3d5f2f15d5476794a4e37a40f2309a091e2,29909 4 30163 7 30418 9 30674 9 30929 10 31185 10 31442 9 31698 8 31955 6 32213 2
4727d94c6a57ed484270fdd8bbc6e3d5f2f15d5476794a4e37a40f2309a091e2,25311 5 25565 8 25821 9 26076 11 26331 12 26587 12 26843 12 27099 12 27355 12 27612 10 27871 5
4727d94c6a57ed484270fdd8bbc6e3d5f2f15d5476794a4e37a40f2309a091e2,34784 1 35037 6 35292 7 35547 9 35803 9 36059 9 36315 10 36572 9 36829 9 37085 9 37340 10 37597 9 37853 8 38109 7 38369 1
4727d94c6a57ed484270fdd8bbc6e3d5f2f15d5476794a4e37a40f2309a091e2,39389 3 39644 6 39899 8 40155 8 40411 8 40667 8 40923 8 41180 6 41438 2
4727d94c6a57ed484270fdd8bbc6e3d5f2f15d5476794a4e37a40f2309a091e2,31477 3 31731 6 31986 7 32241 8 32497 8 32753 8 33005 11 33259 12 33514 12 33770 11 34026 11 34281 12 34538 10 34794 10 35051 8 35308 5
4727d94c6a57ed484270fdd8bbc6e3d5f2f15d5476794a4e37a40f2309a091e2,29680 2 29933 6 30187 9 30443 9 30698 10 30954 10 31210 9 31467 7 31723 5
4727d94c6a57ed484270fdd8bbc6e3d5f2f15d5476794a4e37a40f2309a091e2,35821 4 36076 6 36331 8 36586 10 36842 10 37099 9 37355 9 37612 7 37869 5
4727d94c6a57ed484270fdd8bbc6e3d5f2f15d5476794a4e37a40f2309a091e2,39920 5 40175 7 40430 8 40685 10 40941 10 41197 10 41453 9 41710 8 41966 7 42225 1
4727d94c6a57ed484270fdd8bbc6e3d5f2f15d5476794a4e37a40f2309a091e2,35069 1 35323 5 35578 6 35833 7 36088 8 36344 8 36600 7 36856 6 37113 4
fac507fa4d1649e8b24c195d990f1fc3ca3633d917839e1751a9d412a14ab5e3,15619 5 15875 6 16130 7 16386 7 16641 8 16897 8 17154 7 17410 6 17667 1 17669 1
fac507fa4d1649e8b24c195d990f1fc3ca3633d917839e1751a9d412a14ab5e3,19201 1 19457 3 19713 4 19969 5 20225 5 20481 5 20737 5 20993 4 21249 4
fac507fa4d1649e8b24c195d990f1fc3ca3633d917839e1751a9d412a14ab5e3,23305 6 23558 10 23812 13 24067 14 24322 15 24578 15 24833 16 25090 15 25346 14 25603 12 25860 10 26117 7 26374 5 26630 4
fac507fa4d1649e8b24c195d990f1fc3ca3633d917839e1751a9d412a14ab5e3,46596 5 46851 7 47106 9 47361 10 47617 10 47873 10 48129 10 48385 9 48642 8 48900 5
fac507fa4d1649e8b24c195d990f1fc3ca3633d917839e1751a9d412a14ab5e3,50177 1 50433 3 50689 4 50945 5 51201 6 51457 6 51713 7 51969 7 52225 7 52481 7 52737 8 52993 8 53249 8 53505 8 53761 9 54017 9 54273 9 54529 9 54785 9 55041 9 55297 9 55555 6 55813 3
fac507fa4d1649e8b24c195d990f1fc3ca3633d917839e1751a9d412a14ab5e3,63258 5 63513 7 63768 10 64024 10 64280 9 64536 9 64792 9 65049 7 65306 6
fac507fa4d1649e8b24c195d990f1fc3ca3633d917839e1751a9d412a14ab5e3,60192 3 60445 7 60700 9 60956 9 61211 10 61467 10 61723 10 61979 9 62238 6 62496 3
fac507fa4d1649e8b24c195d990f1fc3ca3633d917839e1751a9d412a14ab5e3,31781 2 32035 7 32291 8 32547 9 32803 9 33059 9 33315 10 33570 11 33826 11 34082 10 34339 8 34596 4
fac507fa4d1649e8b24c195d990f1fc3ca3633d917839e1751a9d412a14ab5e3,46632 4 46887 7 47142 9 47398 10 47654 11 47910 11 48166 12 48422 12 48678 12 48934 13 49190 12 49447 10 49704 7
fac507fa4d1649e8b24c195d990f1fc3ca3633d917839e1751a9d412a14ab5e3,16682 8 16937 10 17192 11 17448 11 17704 11 17960 11 18216 11 18472 10 18728 10 18985 9 19241 8 19498 6
fac507fa4d1649e8b24c195d990f1fc3ca3633d917839e1751a9d412a14ab5e3,58684 3 58938 6 59193 8 59448 9 59704 9 59960 9 60216 8 60472 8 60728 7 60985 5 61243 1
fac507fa4d1649e8b24c195d990f1fc3ca3633d917839e1751a9d412a14ab5e3,38971 3 39225 6 39481 7 39737 7 39993 8 40249 8 40505 8 40762 7 41019 4
fac507fa4d1649e8b24c195d990f1fc3ca3633d917839e1751a9d412a14ab5e3,323 4 577 7 833 7 1089 8 1344 9 1600 9 1856 9 2113 8 2370 6 2628 3
fac507fa4d1649e8b24c195d990f1fc3ca3633d917839e1751a9d412a14ab5e3,38728 2 38982 7 39236 11 39492 18 39747 21 40003 22 40259 22 40516 21 40773 20 41030 19 41289 15 41547 13 41806 8 42065 4
fac507fa4d1649e8b24c195d990f1fc3ca3633d917839e1751a9d412a14ab5e3,58949 8 59204 10 59460 11 59715 13 59971 13 60227 13 60483 13 60739 13 60995 13 61251 12 61507 11 61764 9 62022 5
fac507fa4d1649e8b24c195d990f1fc3ca3633d917839e1751a9d412a14ab5e3,55905 2 56160 5 56415 7 56670 9 56925 11 57180 12 57436 12 57692 12 57948 12 58204 11 58460 11 58717 8 58975 4
fac507fa4d1649e8b24c195d990f1fc3ca3633d917839e1751a9d412a14ab5e3,54119 3 54374 6 54630 7 54885 9 55141 9 55398 9 55654 9 55911 7 56168 5 56426 2
fac507fa4d1649e8b24c195d990f1fc3ca3633d917839e1751a9d412a14ab5e3,42859 3 43113 7 43369 8 43624 10 43880 10 44136 11 44392 11 44649 11 44905 11 45162 10 45418 10 45675 9 45932 7 46189 5 46447 2
fac507fa4d1649e8b24c195d990f1fc3ca3633d917839e1751a9d412a14ab5e3,47480 9 47735 11 47991 12 48247 12 48504 12 48761 11 49019 9 49275 9 49531 10 49787 10 50043 10 50300 9 50557 8 50813 8 51070 7 51327 5
fac507fa4d1649e8b24c195d990f1fc3ca3633d917839e1751a9d412a14ab5e3,61827 2 62082 6 62337 9 62593 10 62849 10 63105 10 63361 10 63617 10 63873 10 64129 10 64385 9 64642 7
fac507fa4d1649e8b24c195d990f1fc3ca3633d917839e1751a9d412a14ab5e3,49899 3 50153 6 50408 8 50663 9 50918 9 51173 10 51422 3 51429 10 51677 5 51685 9 51933 6 51942 8 52189 8 52198 8 52445 17 52701 17 52958 16 53215 14 53471 6 53478 7 53728 3 53735 5 53984 3
fac507fa4d1649e8b24c195d990f1fc3ca3633d917839e1751a9d412a14ab5e3,31720 2 31975 5 32230 7 32485 9 32740 11 32996 11 33252 10 33509 8 33765 7 34023 4
fac507fa4d1649e8b24c195d990f1fc3ca3633d917839e1751a9d412a14ab5e3,16364 6 16619 7 16875 7 17131 7 17385 8 17641 8 17896 9 18152 10 18408 11 18665 10 18921 10 19178 8 19435 6
fac507fa4d1649e8b24c195d990f1fc3ca3633d917839e1751a9d412a14ab5e3,33523 4 33777 7 34031 10 34287 11 34543 12 34799 11 35055 11 35312 10 35569 8
fac507fa4d1649e8b24c195d990f1fc3ca3633d917839e1751a9d412a14ab5e3,50420 4 50675 6 50930 7 51185 8 51441 8 51697 8 51953 8 52210 6
fac507fa4d1649e8b24c195d990f1fc3ca3633d917839e1751a9d412a14ab5e3,62716 3 62971 6 63226 7 63481 8 63736 9 63992 9 64248 9 64504 9 64760 9 65016 9 65273 8 65529 8
fac507fa4d1649e8b24c195d990f1fc3ca3633d917839e1751a9d412a14ab5e3,32510 3 32765 4 33021 4 33276 5 33533 4 33789 4 34045 4 34302 3 34559 1
3c4c675825f7509877bc10497f498c9a2e3433bf922bd870914a2eb21a54fd26,73390 6 73912 8 74436 8 74958 10 75482 10 76006 10 76530 10 77052 12 77576 10 78100 10 78624 10 79148 10 79674 6 80198 6
3c4c675825f7509877bc10497f498c9a2e3433bf922bd870914a2eb21a54fd26,146232 4 146758 2
3c4c675825f7509877bc10497f498c9a2e3433bf922bd870914a2eb21a54fd26,152534 2 153056 6 153580 6 154102 8 154626 8 155150 8 155674 8 156198 6 156722 6
3c4c675825f7509877bc10497f498c9a2e3433bf922bd870914a2eb21a54fd26,55070 4 55592 6 56116 6 56640 6 57166 4 57690 2
3c4c675825f7509877bc10497f498c9a2e3433bf922bd870914a2eb21a54fd26,160928 4 161452 4 161974 6 162498 6 163020 8 163544 8 164068 8 164590 10 165114 10 165638 10 166162 8 166686 8 167208 10 167732 10 168256 10 168780 8 169304 8 169828 8 170350 8 170874 8 171398 8 171922 8 172446 6 172970 6 173494 6 174020 2
3c4c675825f7509877bc10497f498c9a2e3433bf922bd870914a2eb21a54fd26,20490 4 21014 4 21538 4 22060 6 22584 6 23108 6 23632 6 24156 6 24680 6 25204 6 25728 4 26254 2 26778 2
3c4c675825f7509877bc10497f498c9a2e3433bf922bd870914a2eb21a54fd26,155187 6 155711 6 156233 10 156757 12 157281 12 157805 12 158329 12 158851 16 159375 16 159899 16 160423 16 160947 16 161471 16 161995 16 162519 16 163043 16 163567 16 164091 16 164613 18 165137 16 165661 16 166185 16 166711 14 167235 12 167759 12 168283 12 168807 10 169331 10 169857 6
3c4c675825f7509877bc10497f498c9a2e3433bf922bd870914a2eb21a54fd26,51957 2 52481 2 53005 4 53527 6 54051 6 54575 6 55099 6 55623 6 56147 6 56671 6 57195 4 57719 4
3c4c675825f7509877bc10497f498c9a2e3433bf922bd870914a2eb21a54fd26,101235 4 101759 6 102283 6 102807 6 103329 8 103855 6 104379 6 104903 6 105427 6 105951 6 106475 2 106999 2 107521 4 108045 4 108567 8 109089 12 109613 12 110137 12 110661 15 111185 15 111709 15 112233 15 112757 12 113281 12 113805 15 114329 15 114853 15 115377 15 115901 15 116425 15 116949 15 117473 12 117997 12 118523 10 119051 4
3c4c675825f7509877bc10497f498c9a2e3433bf922bd870914a2eb21a54fd26,172503 5 173023 11 173547 11 174071 13 174593 15 175115 17 175639 17 176163 15 176687 15 177211 15 177735 15 178259 13 178783 13 179307 13 179833 8
3c4c675825f7509877bc10497f498c9a2e3433bf922bd870914a2eb21a54fd26,33643 5 34167 5 34691 5 35215 7 35737 9 36261 9 36785 9 37309 9 37833 9 38357 9 38881 9 39405 9 39929 9 40453 9 40977 9 41501 9 42025 9 42549 9 43073 7 43597 7 44121 7 44645 7 45169 4 45695 2
3c4c675825f7509877bc10497f498c9a2e3433bf922bd870914a2eb21a54fd26,53564 4 54088 6 54612 6 55134 8 55656 10 56180 10 56704 10 57228 8 57752 8 58276 8 58800 8 59324 6 59848 6 60372 6
3c4c675825f7509877bc10497f498c9a2e3433bf922bd870914a2eb21a54fd26,154174 6 154696 10 155220 12 155744 12 156268 12 156792 14 157316 16 157840 16 158364 16 158890 14 159414 14 159938 14 160464 12 160990 10 161514 10 162040 10 162564 10 163090 10 163614 10 164140 6
3c4c675825f7509877bc10497f498c9a2e3433bf922bd870914a2eb21a54fd26,14272 6 14796 6 15318 8 15840 10 16364 8 16888 8 17410 10 17934 8 18458 6 18982 6 19506 4
3c4c675825f7509877bc10497f498c9a2e3433bf922bd870914a2eb21a54fd26,136894 6 137416 8 137940 8 138464 8 138988 10 139512 10 140036 10 140560 10 141084 10 141608 10 142134 10 142658 12 143182 12 143706 12 144232 12 144756 12 145280 12 145804 12 146328 12 146854 8 147380 6 147904 6
3c4c675825f7509877bc10497f498c9a2e3433bf922bd870914a2eb21a54fd26,52006 6 52530 6 53054 10 53083 4 53578 10 53605 8 54102 12 54127 10 54626 12 54651 10 55150 14 55172 13 55676 12 55696 13 56200 14 56216 17 56724 14 56740 17 57252 27 57778 25 58306 21 58830 21 59356 19 59882 15 60406 15 60932 13 61458 9
3c4c675825f7509877bc10497f498c9a2e3433bf922bd870914a2eb21a54fd26,85546 4 86070 4 86594 4 87116 6 87640 8 88164 8 88688 8 89212 8 89736 8 90260 8 90782 8 91306 8 91832 6 92356 6 92880 6 93404 6 93926 8 94450 8 94976 4 95500 2 96024 2
3c4c675825f7509877bc10497f498c9a2e3433bf922bd870914a2eb21a54fd26,5900 6 6424 6 6948 6 7472 4 7996 2
3c4c675825f7509877bc10497f498c9a2e3433bf922bd870914a2eb21a54fd26,170444 4 170968 6 171492 6 172014 10 172538 13 173060 15 173584 15 174108 15 174634 13 175158 13 175682 13 176208 11 176734 9 177260 4 177784 4
3c4c675825f7509877bc10497f498c9a2e3433bf922bd870914a2eb21a54fd26,33705 2 34227 4 34751 4 35273 6 35797 6 36319 8 36843 8 37365 10 37889 10 38413 10 38937 10 39461 8 39985 8 40509 8 41033 8 41557 8
3c4c675825f7509877bc10497f498c9a2e3433bf922bd870914a2eb21a54fd26,111779 4 112303 4 112825 6 113349 8 113873 8 114397 8 114921 8 115445 8 115969 8 116493 8 117017 8 117541 8 118065 8 118591 4 119115 4 119639 4 120163 4 120689 2
3c4c675825f7509877bc10497f498c9a2e3433bf922bd870914a2eb21a54fd26,15375 2 15897 4 16419 6 16943 6 17467 6 17991 6 18513 8 19037 8 19561 8 20085 8 20609 6 21133 6
3c4c675825f7509877bc10497f498c9a2e3433bf922bd870914a2eb21a54fd26,166293 6 166815 8 167339 8 167863 8 168387 8 168913 4 169437 4
3c4c675825f7509877bc10497f498c9a2e3433bf922bd870914a2eb21a54fd26,71457 2 71977 6 72501 6 73025 6 73549 6 74073 6 74597 6 75121 6 75645 6
3c4c675825f7509877bc10497f498c9a2e3433bf922bd870914a2eb21a54fd26,168402 2 168923 7 169447 7 169971 7 170495 7 171022 2 171546 2
3c4c675825f7509877bc10497f498c9a2e3433bf922bd870914a2eb21a54fd26,155302 2 155826 2 156350 4 156874 2
3c4c675825f7509877bc10497f498c9a2e3433bf922bd870914a2eb21a54fd26,29554 4 30076 8 30600 6 31124 6 31646 8 32170 6 32694 6 33220 4
3c4c675825f7509877bc10497f498c9a2e3433bf922bd870914a2eb21a54fd26,165270 4 165794 4 166316 8 166842 6 167366 8 167890 8 168414 8 168938 8 169462 8 169986 8 170510 8 171034 8 171558 8 172082 8 172608 6 173134 4 173658 4 174182 2
3c4c675825f7509877bc10497f498c9a2e3433bf922bd870914a2eb21a54fd26,126502 2 127020 4 127026 2 127542 10 128066 10 128590 6 129114 4
3c4c675825f7509877bc10497f498c9a2e3433bf922bd870914a2eb21a54fd26,18030 2 18552 6 19076 6 19600 8 20124 8 20648 10 21172 10 21696 10 22220 10 22744 10 23268 10 23794 10 24320 8 24844 8 25368 8 25894 6 26418 6 26942 6
3c4c675825f7509877bc10497f498c9a2e3433bf922bd870914a2eb21a54fd26,35334 8 35854 14 36376 16 36900 16 37424 16 37946 18 38470 18 38994 18 39518 18 40042 18 40566 18 41090 18 41616 16 42140 16 42664 16 43188 16 43714 14 44238 14 44762 14 45288 12 45814 10 46338 10 46862 10 47390 4
3c4c675825f7509877bc10497f498c9a2e3433bf922bd870914a2eb21a54fd26,3900 2 4424 8 4948 8 5470 13 5994 13 6518 15 7042 15 7564 12 8088 12 8610 12 9134 12 9658 12 10182 12 10706 12 11230 12 11754 12 12278 12 12804 10 13328 10 13852 10 14378 8 14902 8 15428 4
3c4c675825f7509877bc10497f498c9a2e3433bf922bd870914a2eb21a54fd26,137520 4 138044 4 138566 6 139092 4
3c4c675825f7509877bc10497f498c9a2e3433bf922bd870914a2eb21a54fd26,156388 2 156910 6 157434 6 157958 6 158482 4
3c4c675825f7509877bc10497f498c9a2e3433bf922bd870914a2eb21a54fd26,25921 2 26443 6 26967 6 27491 6 28015 6 28539 6 29063 6 29587 8 30108 11 30632 11 31156 11 31680 9 32204 9 32728 9 33255 6 33779 6
3c4c675825f7509877bc10497f498c9a2e3433bf922bd870914a2eb21a54fd26,160591 4 161113 6 161637 6 162159 10 162683 8 163207 8 163731 8 164255 8 164779 8 165303 6 165827 6
3c4c675825f7509877bc10497f498c9a2e3433bf922bd870914a2eb21a54fd26,91959 6 92483 6 93007 6 93531 8 94055 8 94579 8 95103 8 95627 8 96151 8 96675 10 97201 8 97725 8 98249 8 98773 8 99299 6 99823 4 100347 4
3c4c675825f7509877bc10497f498c9a2e3433bf922bd870914a2eb21a54fd26,55809 4 56331 8 56855 8 57379 8 57901 8 58427 6 58951 6 59473 6 59999 2 60523 2
3c4c675825f7509877bc10497f498c9a2e3433bf922bd870914a2eb21a54fd26,37997 4 38519 6 39043 6 39563 10 40087 10 40611 8 41135 8 41659 6 42183 4 42707 4
3c4c675825f7509877bc10497f498c9a2e3433bf922bd870914a2eb21a54fd26,103501 4 104025 4 104549 4 105073 4 105595 10 106119 10 106641 12 107165 12 107689 12 108213 12 108737 12 109259 14 109783 14 110307 14 110831 14 111355 14 111879 14 112403 14 112927 12 113451 12 113975 10 114499 10 115025 8 115551 4 116075 4
3c4c675825f7509877bc10497f498c9a2e3433bf922bd870914a2eb21a54fd26,72067 2 72591 2 73113 4 73635 6 74159 6 74683 6 75207 6 75729 8 76253 8 76777 8 77299 10 77823 10 78347 10 78871 10 79395 10 79919 10 80443 10 80967 8 81491 6 82015 2 82539 2
3c4c675825f7509877bc10497f498c9a2e3433bf922bd870914a2eb21a54fd26,142805 6 143327 11 143851 11 144375 11 144897 13 145421 13 145945 13 146467 15 146991 15 147515 12 148039 12 148563 12 149087 10 149611 10 150135 10 150659 8 151183 8 151707 8 152231 6
3c4c675825f7509877bc10497f498c9a2e3433bf922bd870914a2eb21a54fd26,161151 3 161675 3 162199 3 162723 3 163245 5 163769 5 164293 2 164817 2 165339 4 165863 4 166387 2 166911 2 167433 4 167957 4
3c4c675825f7509877bc10497f498c9a2e3433bf922bd870914a2eb21a54fd26,130764 4 131286 6 131810 6 132334 6 132858 6 133382 4 133906 4 134430 4 134954 2
3c4c675825f7509877bc10497f498c9a2e3433bf922bd870914a2eb21a54fd26,814 4 1338 4 1862 4
3c4c675825f7509877bc10497f498c9a2e3433bf922bd870914a2eb21a54fd26,17584 4 18108 2 18632 2 19156 2 19680 2
3c4c675825f7509877bc10497f498c9a2e3433bf922bd870914a2eb21a54fd26,105632 2 106156 2 106676 8 107200 8 107722 12 108246 12 108770 12 109292 14 109816 14 110340 14 110864 14 111388 12 111912 12 112436 12 112960 12 113484 10 114008 10 114532 10 115054 12 115576 14 116100 14 116624 14 117148 14 117672 12 118196 12 118720 12 119244 10 119770 8 120294 8 120818 8 121346 2 121870 2 122394 2 122918 2
3c4c675825f7509877bc10497f498c9a2e3433bf922bd870914a2eb21a54fd26,125010 2 125534 4 126058 4
3c4c675825f7509877bc10497f498c9a2e3433bf922bd870914a2eb21a54fd26,130778 4 131300 8 131824 8 132348 8 132870 10 133394 8 133918 8 134442 8 134968 4
3c4c675825f7509877bc10497f498c9a2e3433bf922bd870914a2eb21a54fd26,64234 6 64758 6 65280 8 65804 10 66326 12 66850 12 67374 12 67898 10 68422 10 68946 10 69470 10 69992 12 70516 12 71040 12 71564 10 72088 10 72612 10 73136 8 73660 8 74186 6 74710 6
3c4c675825f7509877bc10497f498c9a2e3433bf922bd870914a2eb21a54fd26,79424 2 79948 4 80472 4 80996 4 81520 4
3c4c675825f7509877bc10497f498c9a2e3433bf922bd870914a2eb21a54fd26,33320 4 33844 8 34368 10 34892 10 35416 12 35938 2 35942 10 36466 10 36990 10 37514 10 38036 12 38560 12 39084 12 39606 12 40130 12 40654 12 41178 12 41702 12 42226 10 42750 10 43274 8 43798 6 44320 6 44844 6 45368 6 45892 4 46416 4 46940 4 47462 2
3c4c675825f7509877bc10497f498c9a2e3433bf922bd870914a2eb21a54fd26,150704 6 151226 8 151750 8 152272 10 152794 10 153316 12 153840 12 154364 10 154888 10 155410 12 155934 12 156458 10 156982 6
3c4c675825f7509877bc10497f498c9a2e3433bf922bd870914a2eb21a54fd26,125020 6 125544 6 126068 6 126592 6 127116 6 127640 6 128164 6 128690 4
3c4c675825f7509877bc10497f498c9a2e3433bf922bd870914a2eb21a54fd26,161180 6 161704 6 162228 8 162752 8 163274 10 163798 10 164324 8 164846 10 165372 8 165896 8 166420 8 166946 4 167470 4 167994 4
3c4c675825f7509877bc10497f498c9a2e3433bf922bd870914a2eb21a54fd26,318 6 840 8 1364 8 1886 12 2410 12 2934 12 3458 12 3982 12 4506 12 5030 12 5552 14 6076 14 6600 14 7124 14 7648 14 8172 14 8696 14 9220 14 9744 14 10268 12 10796 6 11320 6
3c4c675825f7509877bc10497f498c9a2e3433bf922bd870914a2eb21a54fd26,55860 2 56382 4 56906 4
3c4c675825f7509877bc10497f498c9a2e3433bf922bd870914a2eb21a54fd26,20236 2 20758 7 21282 7 21804 9 22328 9 22852 9 23376 6 23900 6 24424 6 24948 6 25472 6 25996 6 26520 6 27044 6
3c4c675825f7509877bc10497f498c9a2e3433bf922bd870914a2eb21a54fd26,41733 2 42253 10 42777 10 43299 12 43821 14 44345 14 44869 14 45393 14 45914 17 46438 17 46962 17 47484 19 48008 19 48532 19 49056 19 49578 23 50102 23 50626 23 51150 23 51674 21 52196 23 52720 23 53244 17 53768 15 54292 11 54816 11 55344 2
3c4c675825f7509877bc10497f498c9a2e3433bf922bd870914a2eb21a54fd26,62154 2 62678 2 63200 4
3c4c675825f7509877bc10497f498c9a2e3433bf922bd870914a2eb21a54fd26,77885 4 78409 4 78931 8 79455 8 79977 10 80501 10 81025 10 81549 10 82070 13 82594 13 83116 15 83640 15 84162 17 84686 17 85210 17 85734 17 86258 17 86782 17 87308 15 87832 15 88356 15 88880 15 89404 13 89930 11 90454 11 90981 8 91509 4 92033 4 92557 4 93081 4 93605 4 94129 4 94653 4 95177 6 95701 6 96225 6 96747 8 97271 8 97795 8 98319 8 98843 6 99365 8 99889 8 100413 8 100937 8 101461 6 101985 4 102509 4
3c4c675825f7509877bc10497f498c9a2e3433bf922bd870914a2eb21a54fd26,67922 5 68446 5 68970 5 69492 7 70016 7 70540 7 71064 7
3c4c675825f7509877bc10497f498c9a2e3433bf922bd870914a2eb21a54fd26,180058 5 180580 7 181106 3 181630 3
3c4c675825f7509877bc10497f498c9a2e3433bf922bd870914a2eb21a54fd26,117193 2 117715 6 118239 6 118763 6 119285 8 119809 8 120333 8 120857 8 121381 8 121903 10 122427 10 122951 10 123473 12 123997 12 124521 12 125045 10 125569 10 126093 10 126617 8 127139 10 127663 8 128187 8 128709 10 129233 8 129757 8 130281 8 130805 6
3c4c675825f7509877bc10497f498c9a2e3433bf922bd870914a2eb21a54fd26,12391 2 12913 6 13437 6 13961 6 14485 6 15009 6 15533 6 16055 6 16579 6 17103 6 17627 6 18149 8 18673 8 19197 8 19721 8 20247 4
3c4c675825f7509877bc10497f498c9a2e3433bf922bd870914a2eb21a54fd26,173257 4 173781 4 174305 6 174829 6 175353 6 175877 6 176401 6 176927 2 177451 2 177975 2 178499 2 179023 2 179547 2
3c4c675825f7509877bc10497f498c9a2e3433bf922bd870914a2eb21a54fd26,95191 4 95713 6 96237 6 96761 6 97283 8 97805 10 98329 10 98853 10 99377 8 99903 6 100427 6 100951 6 101477 4 102001 6 102525 6 103049 6 103573 6 104097 6 104621 6 105145 6 105669 4 106193 4 106717 4
3c4c675825f7509877bc10497f498c9a2e3433bf922bd870914a2eb21a54fd26,150729 2 151253 2 151777 2 152301 2 152825 4 153351 2 153875 2 154399 2
3c4c675825f7509877bc10497f498c9a2e3433bf922bd870914a2eb21a54fd26,161221 2 161745 2 162269 2 162791 4 163315 6 163839 6 164361 8 164885 8 165409 8 165933 8 166457 8 166981 6 167507 4 168031 4 168557 2
3c4c675825f7509877bc10497f498c9a2e3433bf922bd870914a2eb21a54fd26,99397 4 99921 4 100445 4 100969 4 101491 8 102015 8 102539 8 103063 8 103587 8 104111 8 104635 8 105159 8 105683 8 106207 8 106731 8 107257 6 107781 6 108305 6 108831 2
3c4c675825f7509877bc10497f498c9a2e3433bf922bd870914a2eb21a54fd26,168571 9 169095 9 169619 9 170141 11 170665 11 171187 13 171711 13 172235 13 172757 15 173281 15 173805 15 174329 13 174853 13 175377 10 175901 10 176425 10 176951 2
3c4c675825f7509877bc10497f498c9a2e3433bf922bd870914a2eb21a54fd26,45953 4 46477 6 47001 6 47525 6 48049 9 48571 11 49095 11 49619 11 50143 11 50667 11 51191 13 51715 13 52239 13 52763 13 53287 13 53813 11 54337 11 54861 11 55387 9 55911 9 56437 5 56961 5 57485 5
3c4c675825f7509877bc10497f498c9a2e3433bf922bd870914a2eb21a54fd26,177492 4 178016 4 178538 8 179062 8 179586 8 180110 8 180636 6 181162 2 181686 2
3c4c675825f7509877bc10497f498c9a2e3433bf922bd870914a2eb21a54fd26,92084 6 92608 6 93130 8 93654 8 94180 6 94704 6 95228 6 95752 6 96276 6 96802 4 97326 4 97850 4 98374 4 98898 4
3c4c675825f7509877bc10497f498c9a2e3433bf922bd870914a2eb21a54fd26,133480 2 134004 2 134528 2
3c4c675825f7509877bc10497f498c9a2e3433bf922bd870914a2eb21a54fd26,51218 4 51742 4 52266 4 52790 4 53314 4 53838 2
3c4c675825f7509877bc10497f498c9a2e3433bf922bd870914a2eb21a54fd26,33936 4 34460 4 34984 4 35506 8 36030 6 36554 6 37078 6 37602 6 38128 2 38652 4 39176 4 39700 2 40222 6 40746 6 41270 6 41794 6 42318 4 42842 4 43364 6 43888 6 44410 6 44934 6 45458 6 45982 4 46504 4 47028 4
3c4c675825f7509877bc10497f498c9a2e3433bf922bd870914a2eb21a54fd26,77428 2 77950 4 78474 4 78998 6 79522 6 80046 6 80570 6 81094 8 81618 8 82140 10 82664 10 83190 10 83714 10 84238 10 84762 10 85286 10 85810 10 86334 8 86858 8 87386 4 87912 2 88436 2
3c4c675825f7509877bc10497f498c9a2e3433bf922bd870914a2eb21a54fd26,159694 2 160218 2 160742 4 161264 6 161788 6 162312 6 162836 6 163360 6 163884 6 164408 6 164932 6 165458 4 165982 4 166506 4 167030 4
3c4c675825f7509877bc10497f498c9a2e3433bf922bd870914a2eb21a54fd26,110968 2 111492 4 112016 4 112540 4 113064 4
3c4c675825f7509877bc10497f498c9a2e3433bf922bd870914a2eb21a54fd26,81632 5 82158 3 82682 3
3c4c675825f7509877bc10497f498c9a2e3433bf922bd870914a2eb21a54fd26,142425 6 142949 6 143471 8 143995 8 144519 8 145043 8 145567 8 146091 8 146615 8 147139 8 147663 8 148187 8 148711 8 149235 8 149759 6 150283 6 150807 6 151333 4 151857 4 152381 2
3c4c675825f7509877bc10497f498c9a2e3433bf922bd870914a2eb21a54fd26,62257 2 62781 2 63303 4 63827 4 64351 4 64875 4 65399 2
3c4c675825f7509877bc10497f498c9a2e3433bf922bd870914a2eb21a54fd26,59637 2 60161 2 60685 2 61209 2
3c4c675825f7509877bc10497f498c9a2e3433bf922bd870914a2eb21a54fd26,80081 4 80605 4 81127 6 81651 6 82175 4 82699 4 83223 4 83747 4 84271 4 84795 4 85319 4 85841 6 86365 6 86889 6 87413 6 87935 8 88459 8 88985 4 89507 6 90033 4 90557 4
3c4c675825f7509877bc10497f498c9a2e3433bf922bd870914a2eb21a54fd26,2013 2
3c4c675825f7509877bc10497f498c9a2e3433bf922bd870914a2eb21a54fd26,451 2 971 6 1495 6 2017 10 2543 8 3067 8 3591 8 4115 8 4639 8 5163 8 5687 8 6211 6 6739 2 7263 2
3c4c675825f7509877bc10497f498c9a2e3433bf922bd870914a2eb21a54fd26,73289 2 73813 4 74337 2 74861 2 75385 4 75903 2 75909 2 76427 8 76951 8 77475 8 78001 6 78525 6 79051 4
3c4c675825f7509877bc10497f498c9a2e3433bf922bd870914a2eb21a54fd26,89546 2 90068 2 90592 2 91114 4 91638 4 92162 4 92686 4 93210 4 93734 4 94258 4 94782 4 95306 4 95830 2 96354 2
3c4c675825f7509877bc10497f498c9a2e3433bf922bd870914a2eb21a54fd26,172340 4 172864 6 173386 10 173910 10 174434 10 174958 10 175482 10 176006 10 176530 10 177054 10 177578 10 178102 10 178626 10 179150 10 179674 10 180198 10 180722 10 181248 8 181772 8 182296 6
3c4c675825f7509877bc10497f498c9a2e3433bf922bd870914a2eb21a54fd26,2568 6 3092 6 3616 6 4138 8 4660 10 5184 10 5708 10 6232 10 6756 10 7280 10 7804 10 8328 10 8852 8 9376 8 9900 8 10424 8 10948 8 11472 8 11996 8 12520 8 13044 6 13568 6 14092 6
3c4c675825f7509877bc10497f498c9a2e3433bf922bd870914a2eb21a54fd26,130954 2 131478 2 132002 2 132526 2 133048 4 133572 2 134096 2 134620 2
3c4c675825f7509877bc10497f498c9a2e3433bf922bd870914a2eb21a54fd26,122050 4 122574 4 123098 4 123620 6 124144 6 124668 4 125192 4 125716 4 126240 4 126764 2 127288 2 127812 2 128336 2 128860 2 129382 4
3c4c675825f7509877bc10497f498c9a2e3433bf922bd870914a2eb21a54fd26,53942 2 54466 4 54990 4 55514 4 56038 6 56562 6 57086 6 57610 4 58134 4 58658 4 59182 4 59706 4 60230 4 60754 4 61278 2 61802 4 62328 2 62852 2
3c4c675825f7509877bc10497f498c9a2e3433bf922bd870914a2eb21a54fd26,36661 2 37185 2 37706 5 38230 5
3c4c675825f7509877bc10497f498c9a2e3433bf922bd870914a2eb21a54fd26,34565 2 35089 2 35613 2
3c4c675825f7509877bc10497f498c9a2e3433bf922bd870914a2eb21a54fd26,103743 2
550450e4bff4036fd671decdc5d42fec23578198d6a2fd79179c4368b9d6da18,7 16 525 18 1045 18 1565 18 2085 16 2605 16 3125 16 3645 16 4163 20 4683 20 5201 22 5721 20 6241 20 6761 20 7281 20 7801 18 8323 16 8843 16 9365 12 9891 2
550450e4bff4036fd671decdc5d42fec23578198d6a2fd79179c4368b9d6da18,33801 2 34321 2 34841 2
550450e4bff4036fd671decdc5d42fec23578198d6a2fd79179c4368b9d6da18,40043 10 40563 10 41083 12 41601 14 42121 14 42641 16 43161 16 43681 16 44201 16 44721 16 45241 16 45761 16 46281 16 46801 16 47321 16 47841 16 48361 16 48881 16 49401 14 49921 14 50441 14 50961 12 51481 10 52001 10
550450e4bff4036fd671decdc5d42fec23578198d6a2fd79179c4368b9d6da18,79041 2 79561 2 80081 4 80601 4 81121 4 81641 4 82161 4 82681 4 83201 4 83721 4 84241 2
550450e4bff4036fd671decdc5d42fec23578198d6a2fd79179c4368b9d6da18,93081 2 93601 2 94121 2
550450e4bff4036fd671decdc5d42fec23578198d6a2fd79179c4368b9d6da18,96741 4 97261 4 97777 12 98295 14 98813 18 99333 18 99851 20 100369 22 100887 24 101407 24 101927 22 102445 22 102963 16 103483 16 104003 12 104521 12 105041 12 105563 8 106083 8 106603 6 107123 6 107641 8 108161 8 108681 8 109201 8 109721 8 110241 6 110761 4 111281 4
550450e4bff4036fd671decdc5d42fec23578198d6a2fd79179c4368b9d6da18,176801 4 177321 6 177841 6 178361 8 178881 8 179401 8 179921 8 180441 6
550450e4bff4036fd671decdc5d42fec23578198d6a2fd79179c4368b9d6da18,126404 8 126924 8 127440 14 127958 16 128476 20 128996 20 129513 21 130029 25 130545 29 131065 29 131583 29 132101 31 132621 31 133141 29 133661 29 134179 29 134699 29 135219 27 135727 10 135739 25 136247 33 136767 33 137285 33 137805 31 138323 30 138843 30 139363 30 139883 30 140403 30 140923 30 141443 30 141963 30 142483 30 143003 30 143523 20 144045 16 144565 16 145085 14 145607 10 146131 4 146651 4
550450e4bff4036fd671decdc5d42fec23578198d6a2fd79179c4368b9d6da18,72301 10 72819 14 73337 16 73857 16 74375 18 74895 21 75413 20 75933 20 76453 20 76971 20 77491 20 78011 18 78531 18 79053 14 79573 14 80093 14 80615 10 81137 4 81657 4
550450e4bff4036fd671decdc5d42fec23578198d6a2fd79179c4368b9d6da18,84779 6 85295 12 85815 12 86333 16 86851 18 87371 18 87891 18 88411 18 88931 18 89451 18 89971 16 90491 16 91013 12 91533 12 92053 10 92573 10 93095 6 93615 6 94137 2
550450e4bff4036fd671decdc5d42fec23578198d6a2fd79179c4368b9d6da18,116503 2 117023 2 117539 10 118055 14 118573 18 119093 18 119611 20 120131 20 120651 20 121171 20 121691 20 122213 18 122733 18 123255 14
550450e4bff4036fd671decdc5d42fec23578198d6a2fd79179c4368b9d6da18,155495 10 156013 14 156533 14 157053 16 157573 16 158093 18 158613 18 159133 18 159653 20 160173 20 160693 20 161215 18 161735 18 162255 18 162777 16 163299 14 163821 10 164341 10
550450e4bff4036fd671decdc5d42fec23578198d6a2fd79179c4368b9d6da18,56728 8 57246 16 57745 11 57766 20 58265 11 58286 20 58783 15 58804 22 59301 45 59821 45 60341 45 60861 43 61381 41 61901 41 62421 37 62941 29 63463 23 63983 23 64503 19 65025 13
550450e4bff4036fd671decdc5d42fec23578198d6a2fd79179c4368b9d6da18,167467 6 167987 6 168505 21 169023 23 169543 23 170063 23 170583 23 171103 23 171625 19 172145 19 172663 17 173183 15 173703 15 174223 15 174741 17 175261 17 175781 17 176301 17 176821 17 177341 19 177861 19 178381 17 178901 17 179421 17 179941 17 180461 15
550450e4bff4036fd671decdc5d42fec23578198d6a2fd79179c4368b9d6da18,27073 11 27591 15 28109 19 28629 19 29149 21 29667 23 30185 25 30705 25 31225 25 31743 27 32263 27 32783 27 33303 27 33823 27 34343 27 34863 25 35385 23 35907 17 36427 17
550450e4bff4036fd671decdc5d42fec23578198d6a2fd79179c4368b9d6da18,50467 2 50985 8 51503 13 52023 13 52543 13 53063 13 53583 13 54103 13 54625 11 55147 6
550450e4bff4036fd671decdc5d42fec23578198d6a2fd79179c4368b9d6da18,106107 11 106625 15 107145 15 107665 15 108183 19 108703 19 109223 19 109743 19 110263 19 110783 17 111303 17 111823 15 112345 11
550450e4bff4036fd671decdc5d42fec23578198d6a2fd79179c4368b9d6da18,38 14 556 18 1076 18 1596 20 2113 23 2633 25 3153 25 3673 25 4193 25 4713 25 5233 25 5753 25 6273 25 6793 25 7313 23 7833 23 8356 20 8876 20 9396 18 9916 18 10436 16 10956 16 11473 19 11993 17 12511 19 13031 19 13551 17 14071 15 14591 15 15111 11 15633 5
550450e4bff4036fd671decdc5d42fec23578198d6a2fd79179c4368b9d6da18,41120 8 41638 12 42158 12 42678 12 43196 16 43716 16 44236 16 44753 19 45273 19 45793 19 46313 19 46833 17 47351 19 47873 15 48393 15 48913 13 49436 8 49956 8
550450e4bff4036fd671decdc5d42fec23578198d6a2fd79179c4368b9d6da18,82204 6 82722 8 83240 12 83760 12 84280 12 84800 10 85322 8 85842 8 86364 4
550450e4bff4036fd671decdc5d42fec23578198d6a2fd79179c4368b9d6da18,110294 10 110812 14 111332 14 111850 18 112368 20 112888 22 113408 22 113926 24 114446 24 114966 24 115484 26 116004 28 116524 28 116564 10 117044 28 117084 10 117564 28 117602 14 118084 28 118122 14 118604 30 118640 16 119124 30 119160 16 119646 28 119680 19 120166 28 120196 29 120688 59 121208 59 121730 12 121752 37 122252 8 122270 16 122292 17 122772 8 122790 16 122812 17 123310 14 123332 19 123828 14 123852 19 124346 14 124372 21 124866 14 124892 21 125386 12 125412 21 125904 10 125932 21 126426 6 126452 19 126946 6 126972 19 127494 17 128016 9
550450e4bff4036fd671decdc5d42fec23578198d6a2fd79179c4368b9d6da18,139936 6 140456 6 140972 14 141490 18 142008 20 142528 20 143048 20 143568 20 144088 20 144608 20 145128 20 145650 18 146170 16 146690 16 147212 10 147732 2 148248 6 148768 6 149286 10 149804 14 150324 14 150844 14 151364 16 151884 16 152404 16 152924 16 153444 16 153964 16 154484 16 155004 16 155524 16 156046 14 156566 14 157086 14 157606 14 158128 10 158648 10 159170 8 159692 4 160212 4
550450e4bff4036fd671decdc5d42fec23578198d6a2fd79179c4368b9d6da18,65050 6 65568 12 66088 12 66606 16 67126 18 67646 20 68166 20 68686 20 69206 20 69726 20 70248 20 70770 18 71290 18 71810 18 72332 16 72852 14 73376 10 73896 10 74418 6
550450e4bff4036fd671decdc5d42fec23578198d6a2fd79179c4368b9d6da18,41140 8 41658 12 42178 12 42698 12 43218 12 43738 12 44258 12 44778 12 45298 12 45818 14 46338 14 46858 14 47376 16 47894 18 48414 18 48934 20 49452 20 49972 20 50490 22 51010 22 51528 24 52048 24 52568 24 53088 22 53610 18 54130 18 54654 12
550450e4bff4036fd671decdc5d42fec23578198d6a2fd79179c4368b9d6da18,97812 8 98328 14 98848 16 99368 16 99888 16 100408 18 100928 18 101448 18 101968 18 102488 18 103010 18 103530 18 104050 16 104572 14 105092 14 105616 8
550450e4bff4036fd671decdc5d42fec23578198d6a2fd79179c4368b9d6da18,136373 4 136893 4 137409 12 137927 18 138445 20 138965 20 139485 22 140003 24 140523 24 141043 26 141563 26 142083 26 142603 26 143123 24 143645 22 144165 22 144685 22 145205 20 145723 20 146243 20 146763 20 147283 18 147801 20 148323 18 148843 18 149351 8 149361 18 149871 28 150391 28 150911 12 150927 12 151414 11 151435 8 151451 8 151928 21 151957 6 151973 4 152448 21 152477 6 152493 4 152968 23 152999 4 153486 25 153517 6 154008 23 154037 6 154528 23 154557 6 155048 23 155077 6 155568 23 155597 6 156088 33 156608 33 157128 33 157648 35 158170 17 158189 14 158690 17 158709 14 159214 11 159231 14 159739 2 159751 14 160259 2 160271 14 160776 3 160791 14 161290 11 161309 16 161808 15 161829 18 162328 15 162349 18 162848 15 162869 18 163368 15 163391 16 163888 15 163911 16 164408 15 164431 16 164928 13 164953 12 165418 6 165446 15 165473 12 165936 10 165964 19 165993 10 166456 10 166484 19 166513 10 166976 12 167004 19 167494 16 167524 19 168014 16 168044 19 168534 18 168562 23 169054 20 169078 27 169574 51 170094 51 170614 51 171134 51 171654 51 172174 51 172694 49 173214 49 173734 47 174254 47 174774 16 174792 27 175294 16 175314 25 175814 16 175836 23 176334 16 176356 23 176854 14 176876 23 177376 12 177396 20 177896 12 177916 20 178416 10 178438 18 178938 6 178958 16 179482 10 180002 10 180526 2
550450e4bff4036fd671decdc5d42fec23578198d6a2fd79179c4368b9d6da18,18276 4 18796 4 19312 12 19830 14 20350 16 20870 16 21388 18 21908 18 22428 18 22948 18 23466 20 23986 20 24506 20 25026 20 25546 18 26066 18 26586 18 27106 16 27628 12 28152 2 28672 2 29194 4 29710 12 30228 16 30748 16 31268 16 31788 18 32308 18 32828 18 33346 20 33866 20 34386 20 34904 22 35422 22 35942 20 36462 20 36982 16 37502 10 38022 8 38542 8 39064 4
550450e4bff4036fd671decdc5d42fec23578198d6a2fd79179c4368b9d6da18,153472 6 153990 8 154510 8 155028 12 155548 12 156066 14 156586 14 157106 14 157624 16 158144 14 158664 14 159184 14 159704 14 160224 14 160744 12 161266 8 161788 4 162308 4
550450e4bff4036fd671decdc5d42fec23578198d6a2fd79179c4368b9d6da18,2152 10 2670 14 3190 14 3708 18 4228 18 4748 18 5268 20 5788 20 6308 20 6828 20 7348 20 7866 22 8386 20 8906 20 9426 20 9948 18 10468 16 10988 16 11508 14 12030 12 12552 6 13072 6
550450e4bff4036fd671decdc5d42fec23578198d6a2fd79179c4368b9d6da18,60398 4 60914 12 61430 18 61950 18 62470 20 62988 22 63508 22 64028 22 64546 24 65068 22 65588 22 66108 22 66628 20 67150 18 67672 14 68192 14 68714 8
550450e4bff4036fd671decdc5d42fec23578198d6a2fd79179c4368b9d6da18,91076 10 91596 10 92114 14 92634 14 93152 18 93672 18 94192 18 94712 18 95232 18 95750 20 96270 18 96790 18 97310 18 97830 16 98350 16 98872 12 99392 12 99912 12 100434 8 100956 4 101476 4
550450e4bff4036fd671decdc5d42fec23578198d6a2fd79179c4368b9d6da18,86912 6 87432 6 87952 6 88472 4
550450e4bff4036fd671decdc5d42fec23578198d6a2fd79179c4368b9d6da18,104606 6 105126 6 105644 10 106162 14 106678 18 107198 18 107716 20 108236 20 108756 20 109276 20 109794 20 110316 18 110836 14 111356 14 111876 10 112398 4
550450e4bff4036fd671decdc5d42fec23578198d6a2fd79179c4368b9d6da18,133216 9 133734 15 134252 19 134772 19 135292 21 135810 23 136322 4 136330 25 136842 4 136850 25 137360 35 137880 35 138400 35 138920 35 139438 35 139960 31 140480 31 141000 31 141520 12 141536 13 142040 12 142056 13 142560 12 142576 13 143080 10 143096 15 143600 10 143616 15 144120 8 144136 17 144640 8 144656 17 145160 6 145176 17 145680 6 145696 17 146200 6 146216 17 146720 6 146736 17 147240 4 147256 15 147776 15 148301 6 148821 6
550450e4bff4036fd671decdc5d42fec23578198d6a2fd79179c4368b9d6da18,71336 5 71856 5 72372 13 72890 15 73410 15 73930 15 74448 17 74968 17 75486 19 76006 19 76526 19 77044 19 77564 19 78084 19 78604 19 79124 17 79644 17 80164 17 80686 15 81206 13 81726 13 82246 13 82768 11 83288 8 83808 8
550450e4bff4036fd671decdc5d42fec23578198d6a2fd79179c4368b9d6da18,79187 2 79707 2 80225 6 80743 8 81261 10 81781 10 82301 10 82819 12 83337 14 83857 14 84377 14 84897 12 85415 14 85935 14 86455 12 86973 14 87493 14 88011 14 88531 14 89051 12 89571 12 90091 12 90611 12 91131 10 91651 10 92165 16 92683 18 93201 18 93721 18 94239 18 94759 18 95279 18 95797 20 96319 18 96827 4 96839 20 97347 4 97359 20 97865 32 98381 36 98896 37 99416 37 99934 35 100454 35 100974 37 101494 37 102014 39 102536 37 103059 34 103579 34 104111 22 104633 20 105153 20 105675 18 106195 18 106717 14 107237 14 107757 12 108283 2
550450e4bff4036fd671decdc5d42fec23578198d6a2fd79179c4368b9d6da18,18305 4 18825 4 19341 10 19861 12 20379 16 20899 16 21419 18 21939 18 22459 18 22979 18 23499 18 24019 18 24539 18 25059 18 25579 18 26101 14 26621 14 27143 10
550450e4bff4036fd671decdc5d42fec23578198d6a2fd79179c4368b9d6da18,40147 8 40667 8 41185 12 41703 14 42223 14 42741 16 43259 18 43779 20 44299 20 44819 20 45339 20 45859 18 46379 18 46899 18 47419 18 47939 16 48459 16 48981 12
550450e4bff4036fd671decdc5d42fec23578198d6a2fd79179c4368b9d6da18,94739 2 95259 2
550450e4bff4036fd671decdc5d42fec23578198d6a2fd79179c4368b9d6da18,103 22 623 24 1143 24 1667 6 1677 10 2199 18 2727 14 3247 14 3767 16 4287 18 4807 18 5327 20 5845 24 6363 26 6883 26 7403 28 7921 30 8441 30 8961 30 9483 28 10005 26 10525 24 11045 24 11565 16 11583 4 12083 16 12603 16 13123 16 13641 20 14161 20 14681 20 15201 18 15719 20 16237 26 16757 26 17277 28 17797 30 18317 30 18837 30 19357 32 19877 32 20405 26 20925 26 21447 24 21967 24 22487 24 23007 22 23527 22 24047 18 24567 18 25089 14 25609 12 26131 6 26651 6
550450e4bff4036fd671decdc5d42fec23578198d6a2fd79179c4368b9d6da18,110869 8 111389 8 111909 10 112427 12 112947 14 113467 14 113987 14 114507 16 115027 16 115547 16 116067 16 116589 16 117109 16 117631 14 118151 14 118673 10 119193 10 119715 8 120237 4
550450e4bff4036fd671decdc5d42fec23578198d6a2fd79179c4368b9d6da18,165524 8 166039 15 166559 15 167051 8 167075 19 167569 10 167593 19 168089 10 168113 19 168607 43 169123 43 169639 45 170159 45 170675 46 171195 44 171713 44 172233 44 172753 44 173271 44 173789 46 174309 46 174829 44 175349 42 175867 42 176387 42 176907 40 177429 8 177441 14 177949 8 177961 14 178471 4 178483 10
550450e4bff4036fd671decdc5d42fec23578198d6a2fd79179c4368b9d6da18,85395 8 85915 8 86433 10 86951 12 87471 12 87991 12 88511 12 89031 10 89551 10 90071 10 90591 8 91113 4 91633 4
550450e4bff4036fd671decdc5d42fec23578198d6a2fd79179c4368b9d6da18,65641 6 66161 6 66681 6 67201 6 67721 4 68241 4
550450e4bff4036fd671decdc5d42fec23578198d6a2fd79179c4368b9d6da18,74491 6 75007 14 75525 18 76045 18 76565 20 77083 22 77603 22 78123 20 78643 20 79163 18 79683 18 80205 14 80725 10
550450e4bff4036fd671decdc5d42fec23578198d6a2fd79179c4368b9d6da18,127525 6 128045 6
550450e4bff4036fd671decdc5d42fec23578198d6a2fd79179c4368b9d6da18,41731 12 42251 12 42769 18 43287 20 43807 22 43835 9 44327 22 44355 9 44847 39 45367 39 45887 39 46407 39 46927 39 47447 39 47969 37 48489 37 49011 35 49533 31 50053 31 50581 23 51103 18 51621 20 52141 20 52659 20 53179 18 53697 18 54217 18 54737 18 55255 18 55777 14 56297 14 56817 12 57341 4
550450e4bff4036fd671decdc5d42fec23578198d6a2fd79179c4368b9d6da18,112977 2 113497 2 114013 12 114531 16 115051 16 115571 16 116091 16 116611 16 117131 16 117651 16 118171 16 118691 14 119211 14 119731 14 120253 8
550450e4bff4036fd671decdc5d42fec23578198d6a2fd79179c4368b9d6da18,124423 12 124943 12 125461 16 125979 18 126499 20 127019 20 127539 20 128059 20 128579 20 129099 20 129619 22 130139 22 130661 18 131181 18 131703 16 132225 14 132745 14 133269 8
550450e4bff4036fd671decdc5d42fec23578198d6a2fd79179c4368b9d6da18,98953 2 99473 2 99989 12 100507 17 101027 19 101547 19 102065 21 102585 21 103105 21 103625 21 104143 23 104665 21 105185 21 105705 21 106225 21 106743 21 107263 21 107781 23 108301 23 108821 23 109341 23 109861 23 110383 21 110905 16 111425 16 111945 14 112471 4
550450e4bff4036fd671decdc5d42fec23578198d6a2fd79179c4368b9d6da18,147 10 665 12 1185 12 1707 10 2227 10 2749 8 3269 8 3789 8
550450e4bff4036fd671decdc5d42fec23578198d6a2fd79179c4368b9d6da18,149907 6 150427 6 150947 8 151467 10 151987 10 152507 10 153029 8 153549 8 154071 6 154591 6 155113 2
550450e4bff4036fd671decdc5d42fec23578198d6a2fd79179c4368b9d6da18,86477 9 86995 15 87515 15 88033 19 88551 21 89071 23 89591 23 90111 23 90629 25 91149 25 91669 25 92189 23 92709 23 93229 23 93749 23 94271 19 94797 9 95317 9
550450e4bff4036fd671decdc5d42fec23578198d6a2fd79179c4368b9d6da18,71412 6 71932 6 72450 10 72968 14 73486 18 74006 18 74526 20 75044 22 75564 24 76084 24 76604 24 77121 27 77641 27 78161 25 78681 23 79201 21 79721 21 80241 19 80761 19 81279 21 81799 21 82319 19 82839 19 83361 17 83881 17 84404 12 84930 4
550450e4bff4036fd671decdc5d42fec23578198d6a2fd79179c4368b9d6da18,169690 8 170210 8 170728 12 171248 12 171766 16 172286 16 172806 16 173324 18 173844 18 174364 18 174881 21 175401 19 175921 19 176441 19 176964 14 177486 10 178006 10
550450e4bff4036fd671decdc5d42fec23578198d6a2fd79179c4368b9d6da18,108854 8 109374 8 109892 12 110410 16 110930 18 111450 18 111968 24 112010 4 112488 24 112526 12 113006 26 113046 12 113526 26 113566 12 114046 26 114084 14 114566 24 114604 14 115086 24 115124 14 115604 26 115640 18 116126 24 116156 22 116646 22 116674 24 117166 22 117194 24 117686 22 117714 22 118206 24 118232 22 118728 22 118752 18 119248 22 119272 18 119768 42 120290 20 120312 20 120812 16 120832 20 121332 16 121352 20 121856 8 121872 20 122392 20 122912 20 123432 20 123952 20 124472 18 124992 18 125512 18 126032 16 126554 14 127074 14 127594 12 128116 8
550450e4bff4036fd671decdc5d42fec23578198d6a2fd79179c4368b9d6da18,139526 6 140044 8 140564 8 141084 8 141604 8 142124 8 142644 8 143164 6
550450e4bff4036fd671decdc5d42fec23578198d6a2fd79179c4368b9d6da18,37608 6 38128 6 38648 6 39168 4
550450e4bff4036fd671decdc5d42fec23578198d6a2fd79179c4368b9d6da18,59452 6 59972 6 60490 10 61008 14 61528 14 62048 14 62568 14 63088 14 63608 16 64128 16 64648 16 65170 12 65692 10 66212 10 66732 8 67256 2
550450e4bff4036fd671decdc5d42fec23578198d6a2fd79179c4368b9d6da18,19938 6 20456 10 20976 10 21494 12 22012 14 22532 14 23050 16 23570 14 24090 14 24610 14 25130 14 25650 12 26170 24 26690 24 27212 24 27732 26 28252 26 28772 26 29292 26 29812 26 30332 24 30852 24 31372 22 31892 20 32412 20 32934 14 33456 8
550450e4bff4036fd671decdc5d42fec23578198d6a2fd79179c4368b9d6da18,123416 4 123932 12 124452 12 124972 12 125492 12 126012 14 126532 14 127052 14 127572 14 128092 12 128614 10 129134 10 129658 4
550450e4bff4036fd671decdc5d42fec23578198d6a2fd79179c4368b9d6da18,132270 10 132790 10 133306 16 133824 20 134344 20 134372 10 134864 20 134892 10 135382 24 135410 12 135900 44 136420 44 136940 44 137458 48 137978 48 138498 48 139018 48 139536 50 140056 50 140576 50 141096 50 141616 50 142136 50 142656 50 143176 48 143698 44 144218 38 144738 38 145260 20 145282 12 145780 18 145804 8 146302 16 146324 6 146822 16 146844 6 147344 12 147366 2 147868 6
550450e4bff4036fd671decdc5d42fec23578198d6a2fd79179c4368b9d6da18,5382 12 5900 16 6420 16 6940 16 7458 20 7978 20 8498 20 9018 20 9538 20 10058 22 10578 22 11098 22 11618 22 12140 18 12660 18 13180 18 13702 16 14224 12 14744 12
550450e4bff4036fd671decdc5d42fec23578198d6a2fd79179c4368b9d6da18,37104 8 37622 10 38142 12 38662 12 39180 14 39700 14 40220 14 40740 14 41260 14 41780 14 42300 14 42820 12 43340 10 43864 4 44384 4
550450e4bff4036fd671decdc5d42fec23578198d6a2fd79179c4368b9d6da18,149958 4 150478 4 150996 8 151512 12 152030 14 152550 14 153070 14 153588 16 154108 16 154628 16 155148 16 155668 16 156188 16 156708 16 157230 14 157752 12 158272 12 158792 12 159312 10 159830 6 160350 6 160866 10 161386 10 161904 12 162424 12 162944 10 163464 10 163984 8 164504 8
550450e4bff4036fd671decdc5d42fec23578198d6a2fd79179c4368b9d6da18,166074 8 166594 8 167110 14 167628 16 168148 16 168668 18 169188 18 169706 20 170226 20 170746 22 171266 22 171786 22 172306 22 172826 20 173346 20 173868 16 174388 16 174910 12 175434 4
550450e4bff4036fd671decdc5d42fec23578198d6a2fd79179c4368b9d6da18,84442 4 84960 8 85478 10 85517 4 85998 10 86037 4 86516 12 86557 4 87034 24 87077 6 87554 24 87597 6 88072 28 88117 6 88590 12 88604 16 88637 6 89110 10 89124 18 89151 8 89630 10 89644 18 89671 8 90148 10 90164 18 90189 10 90668 8 90684 37 91190 2 91202 39 91710 2 91722 39 92242 39 92762 39 93282 39 93802 39 94322 39 94842 37 95362 37 95882 37 96402 35 96922 35 97442 35 97962 18 97982 13 98484 14 98504 9 99006 10 99526 10 100048 4
550450e4bff4036fd671decdc5d42fec23578198d6a2fd79179c4368b9d6da18,41802 14 42322 14 42840 18 43358 22 43878 22 44398 22 44918 24 45436 24 45956 22 46476 22 46998 18 47518 18 48038 28 48558 28 49080 29 49602 27 50122 27 50644 25 51166 23 51686 23 52206 23 52724 25 53244 22 53758 26 54278 26 54796 24 55314 22 55832 22 56352 22 56872 20 57390 22 57910 22 58430 22 58950 22 59472 20 59992 20 60512 18 61032 14 61554 6 62074 6
550450e4bff4036fd671decdc5d42fec23578198d6a2fd79179c4368b9d6da18,65724 8 66244 8 66760 14 67278 18 67796 22 68316 22 68834 24 69352 26 69872 26 70392 26 70912 24 71430 26 71950 26 72472 22 72992 20 73514 14 74034 14
550450e4bff4036fd671decdc5d42fec23578198d6a2fd79179c4368b9d6da18,102638 4 103154 12 103674 12 104192 14 104712 16 105232 16 105752 16 106272 16 106792 16 107312 16 107832 16 108352 16 108872 14 109392 14 109912 14 110432 12 110954 6 111474 6
550450e4bff4036fd671decdc5d42fec23578198d6a2fd79179c4368b9d6da18,33480 8 33998 14 34518 14 35036 16 35556 18 36076 18 36596 18 37116 18 37638 16 38158 16 38678 16 39200 12
550450e4bff4036fd671decdc5d42fec23578198d6a2fd79179c4368b9d6da18,726 8 1246 8 1764 12 2282 16 2802 16 3322 16 3842 16 4364 14 4884 14 5404 14 5924 14 6444 14 6964 14 7486 10 8006 10 8528 6 9048 6
550450e4bff4036fd671decdc5d42fec23578198d6a2fd79179c4368b9d6da18,19450 6 19968 10 19986 7 20486 33 21006 33 21524 37 22044 37 22564 37 23084 39 23604 39 24124 39 24644 39 25164 37 25686 35 26206 33 26726 33 27248 31 27770 6 27780 17 28304 11 28824 11 29344 9
550450e4bff4036fd671decdc5d42fec23578198d6a2fd79179c4368b9d6da18,144271 2 144791 2 145304 13 145820 17 146338 21 146858 21 147376 23 147896 25 148414 29 148934 29 149452 31 149972 33 150492 33 151012 33 151532 33 151571 8 152052 49 152572 49 153090 51 153610 53 154130 53 154650 53 155170 53 155690 51 156210 51 156730 51 157252 25 157279 22 157772 23 157799 20 158292 21 158319 20 158812 21 158839 20 159334 19 159359 20 159856 15 159879 18 160376 15 160399 18 160898 11 160919 18 161418 4 161439 16 161936 6 161959 16 162456 6 162479 16 162974 6 162999 14 163496 2 163519 12 164043 6 164563 6
550450e4bff4036fd671decdc5d42fec23578198d6a2fd79179c4368b9d6da18,171831 2 171847 2 172351 2 172367 2 172869 6 172885 6 173386 9 173403 8 173904 11 173921 10 174424 11 174441 10 174940 17 174959 12 175454 35 175972 37 176492 37 177012 35 177532 33 178052 33 178572 33 179092 31 179612 29 180132 29 180652 27
550450e4bff4036fd671decdc5d42fec23578198d6a2fd79179c4368b9d6da18,54839 4 55357 8 55875 8 56395 8 56911 10 57426 13 57944 11 58464 11 58984 9 59500 23 60020 23 60538 25 61056 27 61574 29 62094 29 62614 29 63134 27 63658 21 64178 21 64702 15 65224 11 65746 5 66266 5
550450e4bff4036fd671decdc5d42fec23578198d6a2fd79179c4368b9d6da18,122422 7 122942 7 123460 13 123978 17 124498 19 125018 19 125536 21 126056 21 126576 21 127096 21 127616 21 128136 19 128656 17 129176 17
550450e4bff4036fd671decdc5d42fec23578198d6a2fd79179c4368b9d6da18,75620 4 76140 4 76658 6 77178 6 77698 6 78218 6 78738 6
550450e4bff4036fd671decdc5d42fec23578198d6a2fd79179c4368b9d6da18,8026 9 8546 11 9066 11 9584 15 10104 17 10622 19 11142 19 11662 19 12184 17 12704 17 13224 17 13746 15 14266 15 14786 15 15311 8 15835 2
550450e4bff4036fd671decdc5d42fec23578198d6a2fd79179c4368b9d6da18,102155 4 102671 10 103191 10 103711 10 104231 12 104751 12 105271 12 105791 12 106311 12 106831 12 107351 12 107873 12 108393 12 108915 12 109435 12 109955 14 110475 14 110993 18 111513 18 112033 18 112553 20 113071 22 113591 22 114111 22 114631 22 115151 22 115671 22 116191 22 116711 22 117231 22 117753 20 118273 18 118793 18 119313 18 119835 16 120355 16 120877 12 121397 12 121919 10
550450e4bff4036fd671decdc5d42fec23578198d6a2fd79179c4368b9d6da18,45475 4 45995 6 46515 6 47035 8 47553 10 48075 8 48595 8 49115 10 49637 8 50157 8 50679 4
550450e4bff4036fd671decdc5d42fec23578198d6a2fd79179c4368b9d6da18,71493 8 72013 8 72531 12 73047 16 73557 24 74077 24 74595 20 75113 20 75633 16 76153 16 76673 14 77195 12 77715 12 78241 6 78763 4
550450e4bff4036fd671decdc5d42fec23578198d6a2fd79179c4368b9d6da18,25213 4 25727 12 26245 16 26765 16 27283 20 27803 20 28323 22 28843 22 29361 24 29883 24 30403 24 30923 24 31443 24 31963 24 32483 24 33003 22 33523 20 34045 16 34565 16 35085 16 35613 2
550450e4bff4036fd671decdc5d42fec23578198d6a2fd79179c4368b9d6da18,38207 6 38727 6 39245 8 39765 8 40285 6 40805 6
550450e4bff4036fd671decdc5d42fec23578198d6a2fd79179c4368b9d6da18,11693 6 12211 10 12729 14 13249 14 13769 14 14287 16 14807 16 15327 18 15847 18 16367 18 16887 18 17407 20 17927 22 18447 22 18967 22 19487 22 20009 20 20529 18 21049 18 21571 16 22091 14 22611 14 23135 8
550450e4bff4036fd671decdc5d42fec23578198d6a2fd79179c4368b9d6da18,74629 8 75145 16 75661 24 76181 24 76701 24 77219 26 77739 26 78259 26 78777 28 79297 28 79817 28 80339 8 80349 16 80859 4 80871 12 81375 10 81391 10 81895 10 81911 10 82411 28 82929 28 83449 30 83487 7 83969 30 84007 7 84487 47 85007 44 85529 38 86049 38 86569 34 87089 32 87609 32 88131 26 88651 24 89173 20 89693 20 90213 18 90733 18 91251 20 91771 20 92289 22 92809 22 93329 22 93849 22 94367 24 94887 24 95407 24 95927 22 96447 22 96967 20 97487 20 98007 18 98527 16 99051 8 99571 8
550450e4bff4036fd671decdc5d42fec23578198d6a2fd79179c4368b9d6da18,253 10 773 12 1293 12 1811 16 2331 16 2851 16 3371 16 3889 18 4409 18 4929 18 5449 18 5971 16 6493 12 7013 12 7535 6
550450e4bff4036fd671decdc5d42fec23578198d6a2fd79179c4368b9d6da18,179655 6 180175 6 180693 8
550450e4bff4036fd671decdc5d42fec23578198d6a2fd79179c4368b9d6da18,40305 4 40825 4 41343 10 41861 16 42381 16 42901 20 43419 22 43939 24 44459 24 44977 24 45497 24 46017 24 46537 24 47057 26 47577 30 48097 32 48617 32 49139 30 49661 28 50181 28 50701 30 51231 20 51751 18 52271 18 52791 18 53311 18 53833 14 54353 14 54873 14 55395 10
550450e4bff4036fd671decdc5d42fec23578198d6a2fd79179c4368b9d6da18,57985 14 58505 14 59023 20 59541 22 60061 22 60579 26 61099 26 61619 26 62139 26 62659 26 63177 28 63699 26 64219 26 64739 24 65259 22 65779 20 66299 20 66821 16 67345 6
550450e4bff4036fd671decdc5d42fec23578198d6a2fd79179c4368b9d6da18,104781 2 105301 2 105819 6 106339 8 106859 8 107379 8 107897 10 108417 10 108939 6 109459 6
550450e4bff4036fd671decdc5d42fec23578198d6a2fd79179c4368b9d6da18,155749 6 156267 10 156787 10 157307 10 157825 12 158345 12 158865 12 159385 12 159905 12 160425 12 160943 14 161463 12 161983 10 162503 10 163023 6
550450e4bff4036fd671decdc5d42fec23578198d6a2fd79179c4368b9d6da18,127667 4 128185 8 128705 8 129225 8 129745 8 130265 8 130787 4 131307 4
550450e4bff4036fd671decdc5d42fec23578198d6a2fd79179c4368b9d6da18,177589 6 178109 6 178627 16 179147 18 179667 18 180187 18 180707 18
550450e4bff4036fd671decdc5d42fec23578198d6a2fd79179c4368b9d6da18,130281 8 130797 14 131317 14 131833 21 132353 21 132873 21 133393 23 133913 23 134433 23 134953 23 135473 23 135995 21 136515 21 137035 21 137559 17 138083 11
550450e4bff4036fd671decdc5d42fec23578198d6a2fd79179c4368b9d6da18,275 10 795 10 1315 10 1835 10 2355 8 2877 6 3397 6
550450e4bff4036fd671decdc5d42fec23578198d6a2fd79179c4368b9d6da18,23159 4 23679 6 24199 4 24719 4
550450e4bff4036fd671decdc5d42fec23578198d6a2fd79179c4368b9d6da18,36161 4 36681 4 37199 10 37719 10 38243 6 38763 6
550450e4bff4036fd671decdc5d42fec23578198d6a2fd79179c4368b9d6da18,150060 8 150580 8 151094 20 151611 27 152129 31 152649 31 153169 33 153687 37 154207 37 154727 37 155249 37 155769 37 156289 37 156809 37 157329 37 157849 39 158371 37 158891 37 159414 34 159931 37 160451 37 160969 39 161487 41 162003 45 162523 45 163043 45 163561 47 164081 45 164601 45 165121 45 165641 43 166161 41 166681 41 167201 41 167719 43 168239 43 168759 43 169279 43 169799 41 170319 41 170841 39 171361 37 171883 35 172403 35 172925 31 173447 29 173969 25 174489 25 175009 23 175531 19 176056 10 176576 10
550450e4bff4036fd671decdc5d42fec23578198d6a2fd79179c4368b9d6da18,5483 2 6001 6 6521 8 7041 8 7561 8 8081 8 8601 10 9121 10 9641 13 10163 13 10683 13 11203 13 11727 7 12249 5 12769 7 13289 7 13809 9 14327 11 14847 11 15367 9 15887 9 16407 7 16927 7 17447 7 17967 7 18487 7 19007 7 19527 7 20049 2
550450e4bff4036fd671decdc5d42fec23578198d6a2fd79179c4368b9d6da18,86634 10 87152 16 87672 16 88190 18 88708 22 89228 22 89748 22 90268 22 90788 22 91308 22 91828 22 92348 20 92868 18 93390 16 93910 16 94430 16 94950 16 95470 16 95988 18 96504 24 97024 24 97544 24 98062 28 98580 30 99098 32 99618 32 100138 32 100178 4 100656 34 100696 8 101176 34 101214 10 101696 34 101734 10 102216 34 102254 10 102734 52 103254 52 103774 52 104294 52 104814 54 105334 54 105854 54 106376 52 106898 52 107418 52 107942 48 108470 12 108484 24 108988 10 109008 18 109508 10 109528 18 110024 16 110048 16 110542 20 110570 14 111060 24 111092 10 111580 24 111612 10 112098 28 112134 6 112618 32 113136 38 113656 38 114176 38 114687 49 115207 49 115725 51 116245 51 116763 55 117283 55 117803 55 118323 55 118843 55 119363 55 119883 55 120403 55 120923 57 121443 57 121963 21 121988 34 122483 19 122510 34 123003 19 123030 34 123525 17 123552 34 124045 15 124076 30 124569 7 124598 28 125089 7 125118 28 125638 28 126156 30 126676 28 127196 28 127716 26 128236 24 128756 20 129276 20 129798 16 130320 12 130842 8 131362 8
550450e4bff4036fd671decdc5d42fec23578198d6a2fd79179c4368b9d6da18,291 3 811 3 1331 3
550450e4bff4036fd671decdc5d42fec23578198d6a2fd79179c4368b9d6da18,19611 2 20125 12 20643 16 21163 16 21681 18 22199 20 22719 20 23239 20 23756 27 24276 29 24796 29 25314 31 25834 33 26354 33 26874 33 27396 31 27892 10 27916 31 28406 18 28439 26 28926 18 28959 26 29444 22 29481 22 29964 24 29999 14 30482 26 30516 17 31002 26 31036 17 31522 28 31556 17 32042 28 32074 21 32562 28 32594 21 33082 28 33114 21 33602 28 33634 21 34124 26 34154 19 34644 26 34674 19 35164 26 35192 21 35688 20 35714 19 36212 4 36218 33 36732 4 36738 33 37260 21 37778 23 38296 25 38816 25 39308 6 39320 10 39334 27 39824 57 40340 61 40860 61 41378 22 41402 39 41896 24 41924 37 42416 24 42444 37 42934 24 42966 33 43454 24 43486 30 43974 24 44014 20 44494 24 44534 20 45011 25 45058 12 45534 22 46054 20 46574 20 47096 14
550450e4bff4036fd671decdc5d42fec23578198d6a2fd79179c4368b9d6da18,52826 14 53344 18 53862 34 54382 34 54900 38 55418 40 55938 40 56458 40 56978 42 57498 42 58018 42 58538 42 59058 42 59578 40 60098 40 60618 38 61138 34 61662 8 61676 10 62182 8 62196 10
550450e4bff4036fd671decdc5d42fec23578198d6a2fd79179c4368b9d6da18,65302 4 65820 8 66340 8 66860 8 67380 6 67902 2 68422 2
550450e4bff4036fd671decdc5d42fec23578198d6a2fd79179c4368b9d6da18,314 14 834 16 1354 16 1872 18 2392 18 2912 18 3432 18 3952 18 4472 18 4992 18 5512 18 6032 16 6554 14 7074 14 7596 10
550450e4bff4036fd671decdc5d42fec23578198d6a2fd79179c4368b9d6da18,61182 6 61698 12 62218 12 62736 16 63254 20 63770 26 64290 26 64808 31 65326 33 65844 35 66364 35 66882 37 67402 37 67922 37 68442 37 68962 34 69484 32 70004 32 70524 30 71044 28 71564 28 72084 28 72604 26 73124 24 73644 22 74164 22 74682 20 75202 20 75722 18 76242 18 76760 20 77280 20 77800 20 78320 18 78840 18 79360 18 79880 18 80400 18 80920 18 81442 14 81962 14 82482 14 83004 8
550450e4bff4036fd671decdc5d42fec23578198d6a2fd79179c4368b9d6da18,134017 6 134535 12 135055 12 135573 14 136093 16 136613 16 137133 16 137651 18 138171 18 138691 20 139211 20 139729 22 140249 22 140769 22 141289 22 141809 20 142329 20 142849 20 143369 20 143889 20 144409 20 144929 20 145449 18 145969 18 146476 29 146996 29 147514 29 148034 27 148552 19 149072 19 149592 19 150112 19 150632 19 151152 19 151672 19 152192 19 152712 19 153230 21 153746 23 154262 27 154782 27 155298 29 155818 27 156336 29 156856 29 157376 27 157896 25 158416 23 158936 23 159456 20 159976 20 160496 20 161014 22 161534 22 162054 22 162574 22 163094 22 163614 25 164134 25 164654 25 165176 23 165696 20 166218 18 166738 18 167256 18 167776 16 168296 16 168816 14 169336 12 169856 10 170376 10 170896 10 171420 8 171938 12 172458 12 172976 14 173486 22 174004 24 174524 24 175042 24 175562 24 176082 22 176602 22 177120 24 177640 22 178160 22 178680 22 179200 20 179720 20 180240 20 180762 16
550450e4bff4036fd671decdc5d42fec23578198d6a2fd79179c4368b9d6da18,6592 7 7112 7 7628 15 8146 19 8666 19 9186 19 9692 6 9704 23 10210 37 10726 41 11246 41 11766 41 12284 43 12804 43 13324 43 13844 43 14364 43 14884 43 15404 43 15924 41 16444 39 16964 39 17486 26 18006 26 18528 22 19048 22 19570 20 20094 14
550450e4bff4036fd671decdc5d42fec23578198d6a2fd79179c4368b9d6da18,130860 6 131380 6 131896 12 132414 14 132934 14 133452 16 133972 16 134490 18 135010 18 135528 20 136048 20 136568 18 137088 18 137606 20 138126 18 138644 18 139164 18 139684 18 140204 14 140724 14 141244 14 141764 12 142284 12 142804 12 143326 8 143846 8
550450e4bff4036fd671decdc5d42fec23578198d6a2fd79179c4368b9d6da18,151652 6 152172 8 152692 8 153212 6 153732 6
550450e4bff4036fd671decdc5d42fec23578198d6a2fd79179c4368b9d6da18,89258 2 89778 2 90298 2
550450e4bff4036fd671decdc5d42fec23578198d6a2fd79179c4368b9d6da18,48194 13 48714 13 49232 17 49750 19 50270 19 50786 25 51302 29 51820 31 52340 31 52860 31 53380 31 53900 31 54420 31 54940 33 55462 31 55982 33 56502 33 57024 33 57544 33 58066 31 58586 31 59112 25 59636 19 60156 19 60676 17 61199 12 61721 8 62241 8
550450e4bff4036fd671decdc5d42fec23578198d6a2fd79179c4368b9d6da18,168841 6 169359 8 169879 10 170399 10 170919 12 171439 14 171956 17 172476 17 172996 17 173516 17 174036 17 174556 17 175074 19 175594 19 176112 19 176632 19 177150 21 177668 21 178188 21 178708 19 179228 19 179748 17 180268 17 180788 15
550450e4bff4036fd671decdc5d42fec23578198d6a2fd79179c4368b9d6da18,63821 6 64341 6 64857 12 65375 14 65895 14 66415 14 66933 16 67453 16 67971 18 68491 18 69009 20 69529 20 70049 20 70565 22 71081 26 71601 24 72121 24 72639 24 73159 20 73676 21 74196 21 74716 21 75234 23 75754 23 76274 23 76792 25 77312 25 77832 25 78352 25 78872 25 79392 23 79912 23 80432 23 80952 21 81472 21 81992 21 82514 17 83034 17 83554 15 84074 15 84596 11 85121 4
550450e4bff4036fd671decdc5d42fec23578198d6a2fd79179c4368b9d6da18,96559 6 97076 11 97596 11 98116 13 98636 13 99156 13 99676 13 100196 13 100719 8 101241 4 101761 4
550450e4bff4036fd671decdc5d42fec23578198d6a2fd79179c4368b9d6da18,114243 8 114761 12 115281 12 115801 14 116321 14 116841 16 117361 16 117881 16 118401 16 118921 16 119441 16 119961 16 120481 16 121003 12 121523 12 122043 12 122563 10 123083 10 123607 4
550450e4bff4036fd671decdc5d42fec23578198d6a2fd79179c4368b9d6da18,367 10 887 10 1407 10 1927 10 2449 6
550450e4bff4036fd671decdc5d42fec23578198d6a2fd79179c4368b9d6da18,4533 6 5053 6 5571 10 6091 10 6611 10 7131 10 7651 8
550450e4bff4036fd671decdc5d42fec23578198d6a2fd79179c4368b9d6da18,8703 4 9223 4 9737 14 10255 18 10775 20 11295 20 11813 24 12333 24 12853 24 13373 24 13891 26 14411 26 14931 26 15451 26 15973 24 16493 22 17013 22 17533 22 18055 18 18579 12 19099 12
550450e4bff4036fd671decdc5d42fec23578198d6a2fd79179c4368b9d6da18,104373 6 104893 6 105413 6 105933 6 106453 4
550450e4bff4036fd671decdc5d42fec23578198d6a2fd79179c4368b9d6da18,146592 8 147112 8 147630 10 148150 12 148668 14 149188 14 149706 16 150224 18 150744 18 151262 18 151719 8 151782 18 152237 12 152300 18 152757 12 152820 18 153275 18 153338 18 153793 22 153834 6 153858 16 154313 22 154350 14 154376 16 154833 22 154870 14 154896 16 155351 26 155388 18 155414 16 155865 32 155908 20 155934 16 156383 36 156426 22 156452 18 156903 36 156946 22 156972 18 157421 38 157466 24 157492 18 157941 38 157984 44 158461 69 158534 14 158981 69 159054 14 159499 20 159523 47 159574 14 160019 20 160045 43 160096 12 160539 20 160565 43 160616 12 161059 20 161095 33 161136 12 161579 10 161595 4 161617 31 161656 10 162097 12 162115 2 162137 31 162176 10 162617 12 162635 2 162657 31 162696 10 163137 10 163177 31 163218 8 163657 10 163697 31 163738 8 164175 12 164217 29 164258 6 164695 12 164737 29 164778 6 165215 12 165259 27 165733 12 165779 27 166253 12 166301 25 166773 12 166821 25 167293 12 167346 18 167813 10 167874 8 168333 10 168394 8 168853 10 169373 8 169893 8 170413 8 170935 4
550450e4bff4036fd671decdc5d42fec23578198d6a2fd79179c4368b9d6da18,86703 10 87221 14 87741 14 88259 18 88779 18 89297 22 89817 22 90337 22 90857 22 91379 20 91899 20 92419 20 92939 18 93461 14 93981 14 94501 12 95021 10 95541 10 96061 10 96581 10 97101 10 97621 10 98141 10 98663 8 99185 4 99705 4
550450e4bff4036fd671decdc5d42fec23578198d6a2fd79179c4368b9d6da18,29515 6 30033 10 30551 14 31071 14 31589 16 32107 18 32627 18 33145 20 33665 20 34183 22 34703 22 35223 22 35743 22 36263 22 36783 22 37303 20 37825 18 38345 16 38865 16 39387 12 39909 8
550450e4bff4036fd671decdc5d42fec23578198d6a2fd79179c4368b9d6da18,116873 2 117393 2 117911 8 118429 12 118947 16 119467 16 119985 18 120505 20 121025 22 121545 22 122065 22 122585 22 123105 22 123625 22 124147 20 124667 18 125187 18 125709 16 126233 8
550450e4bff4036fd671decdc5d42fec23578198d6a2fd79179c4368b9d6da18,78927 6 79443 12 79963 12 80481 14 80991 26 81509 28 82029 28 82547 30 83067 30 83591 4 83601 16 84111 4 84121 16 84641 16 85163 14 85685 10 86205 10 86725 10 87247 10 87767 10 88287 12 88807 12 89327 14 89847 14 90367 14 90887 12 91407 12 91927 12 92447 10 92969 6
550450e4bff4036fd671decdc5d42fec23578198d6a2fd79179c4368b9d6da18,164195 2 164715 2 165235 4 165753 6 166273 8 166793 8 167313 8 167833 10 168353 10 168871 10 169391 8 169909 8 170429 8 170947 8 171467 8 171987 6 172507 6 173029 2
550450e4bff4036fd671decdc5d42fec23578198d6a2fd79179c4368b9d6da18,50841 8 51359 14 51877 24 52397 24 52917 29 53437 31 53957 33 54477 33 54997 35 55517 35 56039 33 56559 33 57079 33 57599 33 58119 33 58639 33 59159 33 59681 31 60201 31 60721 29 61243 25 61765 21 62285 21 62805 21 63325 19 63841 25 64361 25 64879 27 65397 29 65917 29 66437 29 66955 31 67475 29 67995 29 68515 29 69035 26 69555 26 70075 26 70597 22 71117 20 71637 16 72157 16 72679 8
550450e4bff4036fd671decdc5d42fec23578198d6a2fd79179c4368b9d6da18,177717 6 178237 6 178757 8 179277 8 179797 6 180317 6
550450e4bff4036fd671decdc5d42fec23578198d6a2fd79179c4368b9d6da18,7683 12 8201 16 8719 20 9239 20 9759 20 10279 20 10799 20 11319 20 11841 16 12363 14 12885 8 13405 8
550450e4bff4036fd671decdc5d42fec23578198d6a2fd79179c4368b9d6da18,16550 14 17070 14 17563 4 17586 22 18081 47 18601 49 19121 49 19639 51 20159 51 20679 51 21199 51 21721 49 22243 47 22763 47 23283 45 23805 43 24325 39 24845 39 25367 33 25889 25 26413 19 26933 19 27457 11
550450e4bff4036fd671decdc5d42fec23578198d6a2fd79179c4368b9d6da18,133552 6 134068 12 134586 16 135106 16 135624 18 136141 21 136653 31 137173 31 137689 35 138207 37 138727 37 139247 37 139765 39 140285 39 140805 39 141325 37 141845 35 142363 23 142883 23 143403 21 143923 18 144443 18 144963 18 145485 14 146005 14 146527 10 147047 10 147569 8
550450e4bff4036fd671decdc5d42fec23578198d6a2fd79179c4368b9d6da18,110131 8 110649 12 111167 14 111687 14 112205 16 112725 19 113245 19 113765 19 114285 19 114805 21 115325 21 115845 21 116365 21 116885 21 117405 21 117925 23 118445 21 118967 19 119487 19 120007 19 120529 17 121051 15 121571 15 122093 13 122615 11 123135 11 123655 13 124175 13 124693 17 125213 17 125733 17 126251 19 126771 19 127291 19 127809 21 128329 21 128849 19 129369 19 129891 15 130411 13
550450e4bff4036fd671decdc5d42fec23578198d6a2fd79179c4368b9d6da18,167845 2 168365 2 168885 6 169405 8 169925 8 170445 8 170965 6
550450e4bff4036fd671decdc5d42fec23578198d6a2fd79179c4368b9d6da18,29550 4 30055 23 30571 29 31091 29 31609 31 32127 35 32647 35 33167 35 33687 37 34209 35 34729 35 35249 33 35771 31 36291 29 36811 29 37333 25 37853 23 38375 13 38895 13 39417 2
550450e4bff4036fd671decdc5d42fec23578198d6a2fd79179c4368b9d6da18,45659 9 46177 11 46697 11 47215 13 47735 13 48255 13 48775 13 49295 13 49817 11 50337 11 50859 5
550450e4bff4036fd671decdc5d42fec23578198d6a2fd79179c4368b9d6da18,92984 10 93501 15 94021 15 94539 19 95059 21 95579 21 96099 25 96619 27 97139 27 97659 27 98179 29 98701 27 99226 24 99746 24 100274 16 100794 16 101314 16 101834 16 102356 14 102876 14 103396 14 103916 14 104436 12 104958 10 105478 10 105998 8
550450e4bff4036fd671decdc5d42fec23578198d6a2fd79179c4368b9d6da18,434 18 952 22 1472 22 1990 26 2510 28 3028 32 3548 32 4068 32 4588 34 5108 34 5626 34 6148 32 6668 32 7188 32 7712 26 8238 6 8248 10 8762 2 8766 10 9282 2 9286 10 9802 10 10322 8 10842 6 11362 6 11882 6
550450e4bff4036fd671decdc5d42fec23578198d6a2fd79179c4368b9d6da18,143442 6 143956 14 144472 20 144992 20 145510 24 146030 24 146548 26 147068 26 147588 24 148108 22 148626 22 149146 22 149668 14
550450e4bff4036fd671decdc5d42fec23578198d6a2fd79179c4368b9d6da18,88840 6 89358 8 89878 8 90396 10 90916 10 91438 6 91958 6
550450e4bff4036fd671decdc5d42fec23578198d6a2fd79179c4368b9d6da18,120568 4 121084 10 121604 10 122122 14 122640 16 123160 16 123680 16 123708 6 124198 20 124224 12 124718 20 124742 14 125238 20 125262 14 125758 20 125780 18 126278 40 126798 40 127318 40 127838 40 128358 40 128880 12 128894 24 129400 12 129414 24 129920 8 129934 22 130454 22 130974 22 131494 22 132016 20 132536 18 133056 18 133576 18 134098 16 134620 12 135140 12 135662 8
550450e4bff4036fd671decdc5d42fec23578198d6a2fd79179c4368b9d6da18,168940 4 169458 10 169976 12 170496 12 171016 14 171536 14 172054 16 172574 16 173094 16 173614 16 174136 16 174656 16 175178 14 175698 16 176218 16 176738 16 177258 16 177768 4 177774 20 178288 4 178294 20 178804 28 179322 30 179842 30 180362 30 180882 28
550450e4bff4036fd671decdc5d42fec23578198d6a2fd79179c4368b9d6da18,25962 7 26480 11 27000 11 27516 17 28034 21 28552 23 29072 23 29590 27 30110 27 30630 27 31150 27 31670 27 32190 27 32710 27 33218 6 33230 25 33734 14 33750 25 34254 14 34272 21 34774 14 34792 21 35292 39 35812 37 36330 39 36850 39 37370 36 37890 36 38410 39 38930 39 39450 39 39972 18 39992 17 40494 14 40512 19 41014 14 41032 19 41536 12 41552 19 42054 37 42574 37 43090 39 43608 41 44128 41 44648 41 45166 40 45686 36 46206 34 46726 34 47246 34 47764 36 48284 36 48804 36 49324 34 49846 32 50366 32 50886 32 51406 30 51928 28 52448 28 52970 24 53492 18
550450e4bff4036fd671decdc5d42fec23578198d6a2fd79179c4368b9d6da18,73270 6 73786 12 74306 12 74824 14 75342 18 75862 18 76382 18 76900 18 77420 18 77940 18 78458 18 78976 18 79494 18 80014 18 80534 16 81054 18 81574 20 82094 20 82614 22 83134 24 83656 22 84176 22 84696 22 85216 26 85736 33 86256 33 86776 35 87296 35 87816 35 88336 37 88858 35 89380 33 89900 33 90420 6 90428 27 90938 8 90950 25 91456 39 91976 39 92494 39 93012 41 93530 43 94050 43 94570 41 95090 24 95124 5 95610 24 95644 5 96130 22 96652 20 97174 18 97694 18 98218 14 98740 14 99264 10 99784 10 100306 10 100828 8 101350 4 101870 4
550450e4bff4036fd671decdc5d42fec23578198d6a2fd79179c4368b9d6da18,11898 6 12416 12 12934 16 13454 16 13972 20 14492 20 15012 20 15534 20 16054 22 16574 24 17094 24 17616 22 18136 22 18656 22 19176 22 19696 22 20216 20 20736 20 21256 20 21778 14 22300 10 22820 10
550450e4bff4036fd671decdc5d42fec23578198d6a2fd79179c4368b9d6da18,50935 2 51449 10 51966 15 52486 15 53006 15 53524 17 54044 17 54564 17 55082 19 55586 6 55602 19 56096 18 56122 19 56616 18 56642 19 57134 22 57160 21 57652 24 57678 21 58172 47 58692 47 59212 24 59238 19 59732 24 59760 17 60252 24 60280 17 60772 24 60800 15 61294 20 61322 11 61814 20 61844 7 62334 20 62364 7 62856 18 63378 14 63902 8 64422 8
550450e4bff4036fd671decdc5d42fec23578198d6a2fd79179c4368b9d6da18,103428 10 103948 10 104464 20 104982 24 105502 24 106020 29 106538 33 107058 33 107578 33 108098 33 108618 33 109138 31 109658 31 110178 31 110698 28 110741 6 111220 24 111259 10 111740 24 111779 10 112262 10 112297 14 112784 8 112817 16 113304 12 113335 18 113824 12 113855 18 114342 16 114375 20 114862 18 114895 22 115382 18 115415 22 115900 22 115935 22 116420 22 116451 28 116940 59 117460 59 117980 53 118500 51 119020 51 119540 51 120062 51 120582 51 121106 49 121626 49 122152 43 122678 37 123198 37 123718 37 124240 35 124760 35 125280 35 125802 33 126322 31 126844 29 127364 29 127884 27 128406 23 128929 16 129449 16 129971 10
550450e4bff4036fd671decdc5d42fec23578198d6a2fd79179c4368b9d6da18,2024 4 2544 6 3064 6 3584 6 4104 4
550450e4bff4036fd671decdc5d42fec23578198d6a2fd79179c4368b9d6da18,162202 15 162722 15 163240 19 163758 21 164278 23 164798 23 165316 25 165834 29 166354 29 166874 29 167394 31 167914 29 168434 29 168954 29 169474 27 169994 25 170514 25 171034 21 171556 10 172076 8 172596 8
550450e4bff4036fd671decdc5d42fec23578198d6a2fd79179c4368b9d6da18,68076 8 68596 8 69116 8 69636 8 70156 8 70676 6 71196 4
550450e4bff4036fd671decdc5d42fec23578198d6a2fd79179c4368b9d6da18,129995 4 130511 8 131031 10 131551 10 132071 10 132589 12 133109 12 133627 14 134145 16 134663 18 135183 18 135701 20 136209 8 136219 22 136726 35 137246 35 137766 35 138286 33 138804 19 138825 8 138835 4 139324 19 139345 8 139355 4 139844 19 139871 10 140364 19 140389 12 140884 19 140909 12 141404 19 141429 12 141922 21 141949 12 142442 21 142471 10 142962 21 142991 10 143482 21 143513 8 144002 21 144033 8 144524 17 144553 8 145044 17 145073 8 145564 15 145593 8 146113 6
550450e4bff4036fd671decdc5d42fec23578198d6a2fd79179c4368b9d6da18,179884 9 180404 9 180924 11
550450e4bff4036fd671decdc5d42fec23578198d6a2fd79179c4368b9d6da18,493 2 1009 8 1529 8 2049 8 2569 8 3089 8 3609 8 4129 8
550450e4bff4036fd671decdc5d42fec23578198d6a2fd79179c4368b9d6da18,70713 8 71229 12 71747 14 72267 14 72785 16 73305 16 73823 18 74343 18 74861 20 75379 22 75897 24 76417 24 76937 24 77455 26 77975 26 78495 26 79015 26 79535 26 80055 26 80573 28 81095 26 81615 24 82135 24 82655 22 83175 20 83697 16 84217 16 84737 14 85261 8 85781 8 86301 8 86821 10 87339 14 87859 14 88379 14 88899 14 89419 16 89939 16 90461 14 90981 16 91501 16 92021 16 92543 14 93063 14 93585 12 94105 12 94627 10 95151 4 95671 4
550450e4bff4036fd671decdc5d42fec23578198d6a2fd79179c4368b9d6da18,507 12 1027 12 1547 12 2067 12 2589 10 3117 2 3637 2 4145 4 4155 6 4663 6 4675 6 5183 6 5195 6 5701 8 5715 6 6219 8 6235 6 6737 10 6755 6 7257 10 7275 6 7777 12 7793 8 8297 14 8313 8 8819 22 9339 22 9859 22 10381 20 10901 20 11421 20 11941 20 12461 20 12983 18 13503 18 14023 18 14543 18 15063 18 15585 6 15597 4 16119 2
550450e4bff4036fd671decdc5d42fec23578198d6a2fd79179c4368b9d6da18,38463 8 38983 8 39501 10 40019 12 40537 14 41057 14 41577 14 42097 12 42617 12 43137 12 43657 10 44179 6 44699 6
550450e4bff4036fd671decdc5d42fec23578198d6a2fd79179c4368b9d6da18,174197 2 174717 2 175233 8 175751 10 176271 10 176791 10 177309 12 177827 14 178347 14 178865 16 179381 20 179901 20 180421 20 180945 16
550450e4bff4036fd671decdc5d42fec23578198d6a2fd79179c4368b9d6da18,27549 10 28067 14 28585 16 29105 16 29625 16 30145 16 30663 18 31183 18 31703 18 32223 18 32743 18 33263 18 33783 18 34305 16 34825 16 35345 16 35867 14 36389 12 36909 12 37431 10 37955 2
550450e4bff4036fd671decdc5d42fec23578198d6a2fd79179c4368b9d6da18,152351 4 152871 4 153389 10 153907 12 154425 14 154945 14 155465 12 155985 12 156505 14 157025 14 157545 16 158065 16 158587 14 159107 14 159627 14 160149 12 160669 12 161189 12 161711 10 162235 4 162755 4
550450e4bff4036fd671decdc5d42fec23578198d6a2fd79179c4368b9d6da18,104519 2 105039 2 105559 2 106077 4 106599 2 107119 2 107639 2
0f1f896d9ae5a04752d3239c690402c022db4d72c0d2c087d73380896f72c466,187909 6 188421 6 188931 10 189443 10 189955 10 190467 12 190979 12 191491 12 192001 14 192513 14 193025 14 193537 14 194049 14 194561 14 195073 14 195585 14 196097 14 196609 14 197123 8 197635 8 198147 8
0f1f896d9ae5a04752d3239c690402c022db4d72c0d2c087d73380896f72c466,254475 8 254987 8 255495 12 256007 12 256519 12 257029 16 257541 16 258053 16 258565 16 259077 16 259587 18 260099 18 260611 18 261123 18 261635 18 262147 18 262659 18 263171 18 263681 20 264193 20 264705 20 265217 20 265729 20 266241 20 266753 20 267265 20 267777 18 268289 18 268801 18 269315 16 269827 16 270339 16 270857 2 270861 6 271369 2 271373 6
0f1f896d9ae5a04752d3239c690402c022db4d72c0d2c087d73380896f72c466,32781 2 33293 2 33801 8 34313 8 34825 8 35337 10 35849 10 36361 10 36873 10 37385 10 37897 10 38409 10 38921 10 39431 14 39943 14 40455 14 40967 16 41479 16 41991 18 42503 18 43015 18 43527 20 44039 20 44551 20 45063 24 45575 24 46085 30 46597 30 47109 30 47621 36 48133 36 48645 36 49159 36 49671 36 50181 40 50693 40 51205 40 51717 42 52229 42 52741 42 53253 44 53765 44 54277 46 54789 46 55301 46 55813 26 55841 20 56325 26 56353 20 56837 26 56865 20 57349 52 57861 52 58373 54 58885 54 59397 54 59909 54 60421 54 60933 54 61447 52 61959 52 62471 52 62983 52 63495 52 64009 52 64521 52 65033 52 65547 48 66059 48 66573 46 67085 46 67597 46 68117 38 68629 38 69151 28 69663 28 70175 28 70689 26 71201 26 71713 26 72229 20 72741 20
0f1f896d9ae5a04752d3239c690402c022db4d72c0d2c087d73380896f72c466,274951 6 275463 6 275973 6 276485 6 276997 6 277509 6 278021 6 278533 6 279045 6 279557 6 280071 2 280583 2 281095 2
0f1f896d9ae5a04752d3239c690402c022db4d72c0d2c087d73380896f72c466,318471 4 318983 4 319493 8 320005 8 320517 8 321031 8 321543 8 322055 8 322567 10 323079 10 323593 10 324105 10 324617 10 325129 12 325641 12 326153 12 326667 12 327179 12 327693 12 328205 12 328717 12 329233 10 329261 6 329745 10 329773 6 330259 14 330285 10 330771 14 330797 10 331283 14 331309 10 331797 18 331819 12 332309 18 332331 12 332821 18 332843 12 333335 34 333847 34 334361 34 334873 34 335385 34 335901 32 336413 32 336925 32 337443 30 337955 30 338469 26 338981 26 339493 26 340009 22 340521 22 341033 22 341547 18 342059 18 342577 10 343089 10 343601 10 344117 2 344629 2 345141 2
0f1f896d9ae5a04752d3239c690402c022db4d72c0d2c087d73380896f72c466,339973 6 340485 6 340997 6 341509 8 342021 8 342533 10 343045 10 343557 10 344069 10 344581 10 345093 10 345605 8 346117 8 346629 2 347141 2 347653 2
0f1f896d9ae5a04752d3239c690402c022db4d72c0d2c087d73380896f72c466,13831 4 14343 4 14855 8 15367 8 15879 8 16391 14 16903 14 17415 14 17929 16 18441 16 18957 14 19469 14 19981 14 20493 16 21005 16 21517 20 22029 20 22541 20 23055 20 23567 20 24079 20 24591 22 25103 22 25617 20 26129 20 26641 20 27155 12 27667 12 28179 12 28693 6 29205 6
0f1f896d9ae5a04752d3239c690402c022db4d72c0d2c087d73380896f72c466,165913 2 165917 2 166425 2 166429 2 166937 2 166941 2 167441 18 167953 18 168463 24 168975 24 169487 24 169999 26 170511 26 171023 26 171537 24 172049 24 172559 28 173071 28 173583 28 174095 12 174115 8 174607 12 174627 8 175119 12 175139 8 175629 10 175655 2 176141 10 176167 2 176651 10 176681 2 177163 10 177193 2 177675 10 177705 2 178187 8 178215 8 178699 8 178727 8 179211 8 179239 8 179725 2 179743 16 180237 2 180255 16 180765 20 181277 20 181789 20 182301 22 182813 22 183325 22 183837 20 184349 20 184865 16 185377 16 185889 16 186407 6 186919 6 187431 6
0f1f896d9ae5a04752d3239c690402c022db4d72c0d2c087d73380896f72c466,234055 10 234077 8 234567 10 234589 8 235079 10 235101 8 235587 16 235611 16 236099 16 236123 16 236601 56 237113 56 237625 56 238133 62 238645 62 239157 62 239665 70 240177 70 240687 30 240719 8 240737 22 241199 30 241231 8 241249 22 241711 30 241743 8 241761 22 242217 32 242275 20 242729 32 242787 20 243233 36 243301 20 243745 36 243813 20 244257 36 244325 20 244765 36 244839 16 245277 36 245351 16 245789 36 245863 16 246297 38 246377 14 246809 38 246889 14 247317 38 247401 14 247829 38 247913 14 248341 38 248425 14 248851 36 248939 12 249363 36 249451 12 249875 36 249963 12 250387 32 250479 8 250899 32 250991 8 251413 28 251925 28 252437 28 252953 20 253465 20 253977 20 254497 4 255009 4
0f1f896d9ae5a04752d3239c690402c022db4d72c0d2c087d73380896f72c466,289815 8 290327 8 290839 8 291351 8 291863 8 292377 4 292889 4 293401 4
0f1f896d9ae5a04752d3239c690402c022db4d72c0d2c087d73380896f72c466,202779 16 203291 16 203801 22 204313 22 204825 22 205337 22 205849 22 206361 22 206873 22 207385 22 207897 6 207913 6 208409 6 208425 6 208921 6 208937 6
0f1f896d9ae5a04752d3239c690402c022db4d72c0d2c087d73380896f72c466,248897 16 249409 16 249921 16 250431 24 250943 24 251453 26 251965 26 252477 26 252987 30 253499 30 254011 30 254521 34 255033 34 255539 40 256051 40 256563 40 257071 46 257583 46 258095 46 258605 50 259117 50 259627 62 260139 62 260651 62 261165 70 261677 70 262189 70 262705 66 263217 66 263737 10 263749 48 264249 10 264261 48 264761 10 264773 48 265273 6 265283 2 265287 16 265307 30 265785 6 265795 2 265799 16 265819 30 266297 6 266307 2 266311 16 266331 30 266803 2 266807 12 266825 10 266847 30 267315 2 267319 12 267337 10 267359 30 267827 14 267851 4 267873 30 268339 14 268363 4 268385 30 268851 14 268875 4 268897 30 269361 14 269409 18 269429 12 269873 14 269921 18 269941 12 270385 14 270433 18 270453 12 270897 14 270969 6 271409 14 271481 6 271923 12 272435 12 272947 12 273459 10 273971 10 274483 10 274997 8 275509 8 276025 2 276537 2 277049 2
0f1f896d9ae5a04752d3239c690402c022db4d72c0d2c087d73380896f72c466,227379 8 227891 8 228397 18 228909 18 229421 18 229933 18 230445 18 230957 18 231469 18 231981 18 232495 12 233007 12 233519 12
0f1f896d9ae5a04752d3239c690402c022db4d72c0d2c087d73380896f72c466,133181 10 133693 10 134205 10 134713 14 135225 14 135737 14 136249 16 136761 16 137271 18 137783 18 138295 18 138805 20 139317 20 139829 20 140341 18 140853 18 141361 18 141873 18 142385 18 142897 16 143409 16 143921 16 144431 16 144943 16 145455 12 145967 12 146479 12 146991 8 147503 8 148015 8
0f1f896d9ae5a04752d3239c690402c022db4d72c0d2c087d73380896f72c466,171571 8 171623 24 172083 8 172135 24 172595 10 172645 30 173107 10 173157 30 173619 10 173669 30 174131 14 174175 36 174643 14 174687 36 175155 14 175199 36 175669 14 175705 46 176181 14 176217 46 176691 16 176715 62 177203 16 177227 62 177715 16 177739 62 178227 18 178251 64 178739 18 178763 64 179251 18 179275 64 179763 18 179783 70 180275 18 180295 70 180789 90 181301 90 181813 90 182325 90 182837 90 183349 90 183861 90 184373 90 184893 80 185405 80 185917 80 186429 80 186941 80 187453 80 187963 82 188475 82 188983 86 189495 86 190007 86 190517 86 191029 86 191541 86 192051 88 192563 88 193073 86 193585 86 194097 86 194609 50 194661 34 195121 50 195173 34 195633 50 195685 34 196147 48 196201 26 196659 48 196713 26 197173 46 197237 10 197685 46 197749 10 198197 46 198261 10 198711 44 199223 44 199737 42 200249 42 200761 42 201273 42 201785 42 202297 42 202821 30 203333 30 203847 26 204359 26 204871 26 205383 26 205895 26 206407 26 206915 28 207427 28 207935 30 208447 30 208959 30 209467 32 209979 32 210491 32 211003 28 211515 28 212025 20 212537 20 213049 20 213563 10 214075 10 214587 10
0f1f896d9ae5a04752d3239c690402c022db4d72c0d2c087d73380896f72c466,14951 22 15463 22 15975 22 16483 32 16995 32 17507 32 18019 32 18531 32 19041 34 19553 34 20065 34 20571 30 21083 30 21593 30 22105 30 22617 30 23123 36 23635 36 24147 36 24657 36 25169 36 25683 34 26195 34 26707 34 27217 36 27257 8 27729 36 27769 8 28241 36 28281 8 28729 4 28751 38 28793 6 29241 4 29263 38 29305 6 29753 4 29771 50 30265 4 30283 50 30777 4 30795 50 31291 2 31305 50 31803 2 31817 50 32315 2 32329 50 32829 4 32835 54 33341 4 33347 54 33855 54 34367 54 34879 54 35393 52 35905 52 36417 52 36931 48 37443 48 37957 44 38469 44 38981 44 39497 36 40009 36 40521 36 41043 24 41555 24 42075 4 42587 4 43099 4
0f1f896d9ae5a04752d3239c690402c022db4d72c0d2c087d73380896f72c466,334403 2 334915 2 335427 2
0f1f896d9ae5a04752d3239c690402c022db4d72c0d2c087d73380896f72c466,300627 4 301139 4 301651 4 302165 4 302677 4 303189 8 303701 8 304213 8 304727 8 305239 8 305751 8 306265 8 306777 8 307289 10 307801 10 308313 10 308827 10 309339 10 309851 10 310363 12 310875 12 311389 12 311901 12 312413 12 312929 10 313441 10 313953 10 314467 12 314979 12 315493 12 316005 12 316517 12 317031 14 317543 14 318055 14 318571 10 319083 10
0f1f896d9ae5a04752d3239c690402c022db4d72c0d2c087d73380896f72c466,141413 18 141925 18 142437 18 142945 24 143457 24 143969 24 144479 28 144991 28 145503 28 146015 28 146527 28 147037 30 147549 30 148061 30 148571 32 149083 32 149593 32 150105 32 150617 32 151129 12 151641 12 152153 12 152665 10 153177 10 153689 8 154201 8 154713 8 155227 4 155739 4
0f1f896d9ae5a04752d3239c690402c022db4d72c0d2c087d73380896f72c466,55909 2 56421 2 56933 2 57443 8 57955 8 58465 10 58977 10 59489 10 60001 8 60513 8 61025 8 61535 8 62047 8 62559 6 63071 6 63583 6 64095 4 64607 4 65119 4 65631 4 66143 4
0f1f896d9ae5a04752d3239c690402c022db4d72c0d2c087d73380896f72c466,215145 8 215657 8 216167 10 216679 10 217191 10 217701 12 218213 12 218725 12 219235 14 219747 14 220261 10 220773 10 221285 10
0f1f896d9ae5a04752d3239c690402c022db4d72c0d2c087d73380896f72c466,54377 2 54889 2 55401 2
0f1f896d9ae5a04752d3239c690402c022db4d72c0d2c087d73380896f72c466,95367 14 95879 14 96391 14 96901 18 97413 18 97921 26 98433 26 98945 26 99453 32 99965 32 100477 32 100987 36 101499 36 102007 40 102519 40 103031 40 103541 26 103569 14 104053 26 104081 14 104565 26 104593 14 105075 28 105105 12 105587 28 105617 12 106099 34 106611 34 107123 34 107633 36 108145 36 108657 36 109169 20 109191 12 109681 20 109703 12 110191 16 110217 10 110703 16 110729 10 111215 16 111241 10 111727 16 111759 2 112239 16 112271 2 112749 18 113261 18 113773 18 114285 18 114797 18 115309 18 115819 20 116331 20 116841 22 117353 22 117865 22 118377 22 118889 22 119401 22 119915 20 120427 20 120941 18 121453 18 121965 18
0f1f896d9ae5a04752d3239c690402c022db4d72c0d2c087d73380896f72c466,46197 4 46709 4 47221 4 47731 6 48243 6 48755 6 49261 12 49773 12 50285 6 50797 6 51309 6 51819 4 52331 4 52843 4 53357 2 53869 2
0f1f896d9ae5a04752d3239c690402c022db4d72c0d2c087d73380896f72c466,58493 8 59005 8 59517 8 60025 16 60537 16 61049 16 61557 20 62069 20 62583 20 63095 20 63607 20 64121 18 64633 18 65145 18 65657 18 66169 18 66683 16 67195 16 67707 16 68217 12 68729 12 69241 10 69753 10 70265 10 70775 14 71287 14 71799 14 72311 14 72823 14 73333 16 73845 16 74357 16 74869 16 75381 16 75893 16 76403 16 76915 16 77425 18 77937 18 78449 18 78961 18 79473 18 79985 18 80497 18 81009 18 81521 18 82033 18 82545 18 83057 16 83569 16 84081 16 84595 8 85107 8 85619 4 86131 4 86643 4
0f1f896d9ae5a04752d3239c690402c022db4d72c0d2c087d73380896f72c466,196253 16 196765 16 197273 24 197785 24 198297 24 198805 30 199317 30 199827 34 200339 34 200851 34 201361 40 201873 40 202385 40 202897 40 203409 40 203921 42 204433 42 204945 42 205459 40 205971 40 206483 40 206995 42 207507 42 208019 42 208531 42 209043 42 209557 40 210069 40 210581 40 211091 40 211603 40 212115 40 212627 40 213139 40 213653 38 214165 38 214677 38 215189 38 215701 38 216215 36 216727 36 217239 36 217751 34 218263 34 218775 34 219287 34 219799 34 220311 32 220823 32 221335 32 221847 30 222359 30 222871 30 223355 6 223377 36 223867 6 223889 36 224377 14 224397 12 224411 24 224889 14 224909 12 224923 24 225401 14 225421 12 225435 24 225913 32 225951 16 226425 32 226463 16 226937 32 226975 16 227449 30 227489 2 227961 30 228001 2 228473 28 228985 28 229497 28 230013 20 230525 20 231037 20 231557 10 232069 10 232585 2 232589 2 233097 2 233101 2 233609 2 233613 2
0f1f896d9ae5a04752d3239c690402c022db4d72c0d2c087d73380896f72c466,39567 10 40079 10 40591 10 41097 18 41609 18 42119 22 42631 22 43143 22 43655 22 44167 22 44679 22 45191 20 45703 20 46213 22 46725 22 47237 22 47749 20 48261 20 48773 20 49283 22 49795 22 50307 20 50819 20 51331 20 51843 20 52355 20 52867 20 53379 20 53891 20 54405 10 54917 10 55429 10 55941 6 56453 6 56965 6
0f1f896d9ae5a04752d3239c690402c022db4d72c0d2c087d73380896f72c466,294041 4 294553 4 295063 10 295575 10 296087 10 296599 12 297111 12 297623 12 298135 12 298647 12 299159 12 299671 12 300183 12 300695 12 301207 12 301719 12 302231 12 302743 12 303255 10 303767 10 304279 10 304789 10 305301 10 305813 10 306325 8 306837 8 307349 8 307861 8 308373 8 308885 8 309397 8 309909 8 310419 10 310931 10 311441 12 311953 12 312465 12 312977 10 313489 10 314001 10 314509 14 315021 14 315533 14 316045 14 316557 14 317069 14 317581 14 318093 14 318605 16 319117 16 319629 18 320141 18 320653 18 321163 20 321675 20 322187 20 322697 22 323209 22 323721 18 324233 18 324745 18 325255 20 325767 20 326279 20 326797 6 326805 6 326813 2 327309 6 327317 6 327325 2 327825 20 328337 20 328849 20 329365 18 329877 18 330391 20 330903 20 331415 20 331929 22 332441 22 332953 22 333467 22 333979 22 334493 22 335005 22 335517 22 336033 20 336545 20 337057 20 337571 22 338083 22 338597 26 339109 26 339621 26 340133 28 340645 28 341157 28 341667 2 341671 2 341675 24 342179 2 342183 2 342187 24 342689 34 343201 34 343713 34 344229 2 344237 20 344741 2 344749 20 345253 2 345261 20 345781 10 346293 10
0f1f896d9ae5a04752d3239c690402c022db4d72c0d2c087d73380896f72c466,189197 2 189709 2 190221 2 190693 18 190731 10 191205 18 191243 10 191717 18 191755 10 192225 26 192267 10 192737 26 192779 10 193249 28 193287 12 193761 28 193799 12 194273 28 194311 12 194783 32 194823 16 195295 32 195335 16 195807 32 195847 16 196319 34 196361 18 196831 34 196873 18 197341 36 197385 20 197853 36 197897 20 198365 36 198409 20 198877 38 198921 22 199389 38 199433 22 199901 38 199945 24 200413 38 200457 24 200925 38 200969 24 201437 74 201949 74 202461 74 202973 76 203485 76 203999 74 204511 74 205023 74 205535 72 206047 72 206559 72 207071 72 207583 72 208097 64 208609 64 209121 64 209635 60 210147 60 210659 60 211173 54 211685 54 212187 6 212195 2 212199 48 212699 6 212707 2 212711 48 213211 6 213219 2 213223 48 213721 58 214233 58 214745 58 215257 60 215769 60 216281 60 216793 60 217305 60 217799 82 218311 82 218823 82 219333 84 219845 84 220355 80 220867 80 221379 80 221889 74 222401 74 222913 74 223425 58 223487 8 223937 58 223999 8 224449 62 224961 62 225473 62 225985 64 226497 64 227009 64 227521 64 228033 64 228543 66 229055 66 229567 66 230079 64 230591 64 231103 64 231613 56 232125 56 232637 54 233149 54 233661 54 234173 52 234685 52 235197 52 235709 30 236221 30 236725 38 237237 38 237749 38 238257 42 238769 42 239281 42 239793 46 240305 46 240815 60 241327 60 241839 60 242351 62 242863 62 243347 10 243373 66 243859 10 243885 66 244371 10 244397 66 244879 20 244909 64 245391 20 245421 64 245903 20 245933 64 246415 24 246443 30 246485 26 246927 24 246955 30 246997 26 247439 24 247465 2 247469 28 247509 28 247951 24 247977 2 247981 28 248021 28 248463 24 248489 2 248493 28 248533 28 248975 58 249049 28 249487 58 249561 28 249999 58 250073 28 250511 58 250585 28 251023 58 251097 28 251533 66 251613 26 252045 66 252125 26 252557 66 252637 26 253069 46 253121 16 253157 18 253581 46 253633 16 253669 18 254093 46 254145 16 254181 18 254605 44 254657 16 254695 16 255117 44 255169 16 255207 16 255631 40 255679 20 255721 12 256143 40 256191 20 256233 12 256655 40 256703 20 256745 12 257167 40 257217 20 257259 8 257679 40 257729 20 257771 8 258191 40 258241 20 258283 8 258703 38 258757 20 259215 38 259269 20 259727 34 259783 18 260239 34 260295 18 260751 34 260807 18 261265 22 261319 20 261777 22 261831 20 262289 22 262343 20 262803 20 262853 24 263315 20 263365 24 263831 24 263875 28 264343 24 264387 28 264855 24 264899 28 265369 24 265411 28 265881 24 265923 28 266393 24 266435 28 266907 22 266935 8 266957 20 267419 22 267447 8 267469 20 267933 34 267985 18 268445 34 268497 18 268957 34 269009 18 269473 4 269479 26 269525 16 269985 4 269991 26 270037 16 270497 4 270503 26 270549 16 271017 24 271065 10 271529 24 271577 10 272041 22 272553 22 273065 22 273579 18 274091 18 274603 18 275119 14 275631 14 276145 12 276657 12 277169 12 277681 10 278193 10 278705 10 279217 12 279729 12 280241 12 280753 12 281265 12 281777 12 282289 12 282801 12 283311 16 283823 16 284335 16 284847 16 285359 16 285873 16 286385 16 286883 4 286897 18 287395 4 287409 18 287907 4 287921 18 288419 32 288931 32 289443 32 289959 28 290471 28 290985 26 291497 26 292009 26 292521 26 293033 26 293545 26 294061 22 294573 22 295089 18 295601 18 296113 18 296629 16 297141 16 297653 16 298167 16 298679 16 299193 14 299705 14 300217 14 300731 14 301243 14 301755 14 302269 14 302781 14 303297 14 303809 14 304321 14 304835 14 305347 14 305859 14 306373 16 306885 16 307401 14 307913 14 308425 14 308937 18 309449 18 309961 18 310475 18 310525 6 310987 18 311037 6 311503 16 311545 12 312015 16 312057 12 312527 16 312569 12 313041 18 313077 14 313553 18 313589 14 314065 18 314101 14 314579 20 314611 16 315091 20 315123 16 315605 22 315633 16 316117 22 316145 16 316629 22 316657 16 317145 38 317657 38 318169 38 318683 34 319195 34 319709 30 320221 30 320733 30 321249 6 321257 14 321761 6 321769 14 322273 6 322281 14 322797 2 322801 2 323309 2 323313 2
0f1f896d9ae5a04752d3239c690402c022db4d72c0d2c087d73380896f72c466,1701 14 1735 12 2213 14 2247 12 2707 6 2717 22 2741 6 2755 18 3219 6 3229 22 3253 6 3267 18 3731 6 3741 22 3765 6 3779 18 4241 34 4277 34 4753 34 4789 34 5265 34 5301 34 5775 34 5811 38 6287 34 6323 38 6799 6 6811 64 7311 6 7323 64 7823 6 7835 64 8337 2 8349 70 8849 2 8861 70 9361 2 9373 70 9893 64 10405 64 10933 50 11445 50 11957 50 12467 52 12979 52 13491 52 13981 6 14001 42 14045 8 14493 6 14513 42 14557 8 15005 6 15025 40 15067 8 15517 6 15537 40 15579 8 16029 6 16049 40 16091 8 16541 6 16557 46 16607 2 17053 6 17069 46 17119 2 17565 6 17581 46 17631 2 18077 6 18087 48 18589 6 18599 48 19101 58 19613 58 20125 58 20641 54 21153 54 21673 52 22185 52 22697 52 23211 34 23249 12 23723 34 23761 12 24235 34 24273 12 24749 28 24785 14 25261 28 25297 14 25775 24 25809 14 26287 24 26321 14 26799 24 26833 14 27327 4 27345 12 27839 4 27857 12 28351 4 28369 12 28881 10 29393 10 29905 10 30417 10 30929 10
0f1f896d9ae5a04752d3239c690402c022db4d72c0d2c087d73380896f72c466,164513 14 165025 14 165537 14 166047 20 166559 20 167071 20 167583 22 168095 22 168607 22 169119 22 169631 22 170143 22 170655 22 171167 22 171681 2 171685 14 172193 2 172197 14 172713 14 173225 14 173737 14 174241 2 174249 14 174753 2 174761 14 175265 2 175273 14 175771 10 175785 16 176283 10 176297 16 176793 32 177305 32 177817 32 178327 32 178839 32 179351 32 179861 34 180373 34 180883 36 181395 36 181907 36 182421 34 182933 34 183445 34 183957 12 183977 12 184469 12 184489 12 184983 8 185003 10 185495 8 185515 10 186007 8 186027 10 186541 4 187053 4 187565 4
0f1f896d9ae5a04752d3239c690402c022db4d72c0d2c087d73380896f72c466,50341 2 50853 2 51365 2 51873 6 52385 6 52897 6 53405 8 53917 8 54433 2 54945 2 55457 2
0f1f896d9ae5a04752d3239c690402c022db4d72c0d2c087d73380896f72c466,97963 4 98475 4 98987 4 99495 6 100007 6 100519 6 101029 2 101541 2
0f1f896d9ae5a04752d3239c690402c022db4d72c0d2c087d73380896f72c466,62639 4 63151 4 63663 4 64171 10 64683 10 65195 10 65705 10 66217 10 66729 8 67241 8 67753 8 68265 6 68777 6 69289 2 69801 2 70313 2
0f1f896d9ae5a04752d3239c690402c022db4d72c0d2c087d73380896f72c466,93901 4 93907 2 94413 4 94419 2 94925 4 94931 2 95435 20 95947 20 96459 20 96969 22 97481 22 97993 24 98505 24 99017 24 99523 4 99533 20 100035 4 100045 20 100547 4 100557 20 101055 10 101073 16 101567 10 101585 16 102077 18 102105 8 102589 18 102617 8 103101 18 103129 8 103611 22 103639 8 104123 22 104151 8 104635 22 104663 8 105145 26 105177 2 105657 26 105689 2 106169 32 106681 32 107193 32 107709 26 108221 26 108733 26 109247 24 109759 24 110277 18 110789 18 111301 18 111815 16 112327 16 112841 12 113353 12 113865 12 114379 8 114891 8 115403 8
0f1f896d9ae5a04752d3239c690402c022db4d72c0d2c087d73380896f72c466,259769 4 260281 4 260793 4 261307 2 261819 2 262331 2
0f1f896d9ae5a04752d3239c690402c022db4d72c0d2c087d73380896f72c466,34037 4 34549 4 35061 4 35571 6 36083 6 36595 6 37105 8 37617 8 38129 8 38641 8 39153 8 39665 8 40177 8 40689 8 41203 6 41715 6 42225 8 42737 8 43249 8 43757 6 44269 6 44781 6 45289 8 45801 8 46309 10 46821 10 47333 10 47843 12 48355 12 48867 12 49377 12 49889 12 50399 12 50413 2 50911 12 50925 2 51423 12 51437 2 51935 16 52447 16 52959 16 53471 18 53983 18 54493 20 55005 20 55517 20 56027 22 56539 22 57051 22 57559 26 58071 26 58583 26 59095 26 59607 26 60117 26 60629 26 61141 26 61651 28 62163 28 62673 28 63185 28 63697 28 64207 28 64719 28 65231 28 65741 28 66253 28 66763 26 67275 26 67787 26 68299 24 68811 24 69319 28 69831 28 70343 28 70853 26 71365 26 71877 26 72387 24 72899 24 73409 22 73921 22 74433 22 74947 18 75459 18 75971 18 76481 16 76993 16 77507 12 78019 12 78531 12 79043 12 79555 12 80067 12 80581 8 81093 8
0f1f896d9ae5a04752d3239c690402c022db4d72c0d2c087d73380896f72c466,43729 2 44241 2 44753 2 45261 10 45773 10 46287 8 46799 8 47311 8
0f1f896d9ae5a04752d3239c690402c022db4d72c0d2c087d73380896f72c466,330459 8 330971 8 331483 8 331993 10 332505 10 333017 10 333527 12 334039 12 334549 12 335061 12 335573 12 336087 8 336599 8 337111 8
0f1f896d9ae5a04752d3239c690402c022db4d72c0d2c087d73380896f72c466,5867 2 6379 2 6889 6 7401 6 7913 6 8427 4 8939 4 9451 4 9963 4 10475 4
0f1f896d9ae5a04752d3239c690402c022db4d72c0d2c087d73380896f72c466,1787 8 2299 8 2809 18 3321 18 3833 18 4343 20 4855 20 5367 20 5879 18 6391 18 6901 18 7413 18 7925 18 8437 18 8949 18 9461 18 9971 20 10483 20 10993 20 11505 20 12017 20 12531 18 13043 18 13555 18 14067 16 14579 16 15093 14 15605 14 16117 14 16633 10 17145 10 17657 10 18173 2 18685 2
0f1f896d9ae5a04752d3239c690402c022db4d72c0d2c087d73380896f72c466,157947 14 158459 14 158971 14 159487 10 159999 10 160517 2 161029 2 161541 2
0f1f896d9ae5a04752d3239c690402c022db4d72c0d2c087d73380896f72c466,110335 2 110847 2 111359 2 111869 2 112381 2
0f1f896d9ae5a04752d3239c690402c022db4d72c0d2c087d73380896f72c466,10039 8 10551 8 11057 16 11569 16 12081 16 12589 22 13101 22 13613 22 14123 26 14635 26 15145 28 15657 28 16169 28 16681 28 17193 28 17705 28 18213 30 18725 30 19233 32 19745 32 20257 32 20767 34 21279 34 21779 6 21797 28 22291 6 22309 28 22803 6 22821 28 23311 12 23345 14 23823 12 23857 14 24335 12 24369 14 24845 12 24887 8 25357 12 25399 8 25867 16 25911 12 26379 16 26423 12 26891 16 26935 12 27403 14 27437 28 27915 14 27949 28 28427 14 28461 28 28937 14 28963 40 29449 14 29475 40 29961 10 29985 44 30473 10 30497 44 30985 10 31009 44 31497 10 31521 46 32009 10 32033 46 32521 10 32545 46 33031 16 33057 46 33543 16 33569 46 34055 20 34085 44 34567 20 34597 44 35079 20 35109 44 35589 24 35625 40 36101 24 36137 40 36613 24 36649 40 37127 22 37163 36 37639 22 37675 36 38151 16 38169 54 38663 16 38681 54 39175 16 39193 54 39707 52 40219 52 40731 52 41241 52 41753 52 42265 52 42777 52 43289 52 43799 52 44311 52 44823 52 45335 50 45847 50 46357 26 46389 16 46869 26 46901 16 47381 26 47413 16 47891 24 47929 10 48403 24 48441 10 48915 24 48953 10 49427 20 49469 4 49939 20 49981 4 50447 24 50959 24 51471 24 51981 26 52493 26 53005 26 53515 28 54027 28 54533 34 55045 34 55557 34 56065 38 56577 38 57089 38 57601 36 58113 36 58627 30 59139 30 59651 30 60165 24 60677 24 61189 24 61699 24 62211 24 62723 20 63235 20 63747 20 64259 12 64771 12 65283 12 65797 6 66309 6 66821 2 67333 2 67845 2
0f1f896d9ae5a04752d3239c690402c022db4d72c0d2c087d73380896f72c466,101129 8 101641 8 102149 14 102661 14 103173 14 103685 12 104197 12 104709 12 105221 10 105733 10 106245 8 106757 8 107269 8 107781 4 108293 4 108805 4
0f1f896d9ae5a04752d3239c690402c022db4d72c0d2c087d73380896f72c466,236821 4 237333 4 237845 4 238357 6 238869 6 239381 6 239895 10 240407 10 240925 10 241437 10 241949 10 242463 14 242975 14 243467 2 243487 18 243979 2 243999 18 244491 2 244511 18 244999 24 245027 20 245511 24 245539 20 246023 24 246051 20 246537 22 246567 16 247049 22 247079 16 247565 16 247599 8 248077 16 248111 8 248589 16 248623 8
0f1f896d9ae5a04752d3239c690402c022db4d72c0d2c087d73380896f72c466,230153 4 230665 4 231177 4 231689 6 232201 6
0f1f896d9ae5a04752d3239c690402c022db4d72c0d2c087d73380896f72c466,275 24 787 24 1299 24 1807 34 2319 34 2829 34 3341 34 3853 34 4365 30 4877 30 5389 30 5903 22 6415 22 6929 14 7441 14 7953 14
0f1f896d9ae5a04752d3239c690402c022db4d72c0d2c087d73380896f72c466,76565 4 77077 4 77585 12 78097 12 78609 12 79119 16 79631 16 80143 16 80655 16 81167 16 81677 18 82189 18 82701 18 83213 16 83725 16 84237 16 84749 16 85261 16 85773 14 86285 14 86797 14 87309 12 87821 12 88333 12 88845 10 89357 10 89873 4 90385 4 90897 4
0f1f896d9ae5a04752d3239c690402c022db4d72c0d2c087d73380896f72c466,122699 12 123211 12 123723 12 124235 14 124747 14 125257 20 125769 20 126281 20 126795 20 127307 20 127819 20 128329 26 128841 26 129353 28 129865 28 130377 28 130859 12 130887 30 131371 12 131399 30 131883 12 131911 30 132395 14 132423 32 132907 14 132935 32 133419 16 133445 36 133931 16 133957 36 134443 16 134469 36 134955 18 134981 36 135467 18 135493 36 135979 18 136005 36 136493 60 137005 60 137515 64 138027 64 138539 64 139051 66 139563 66 140075 66 140587 66 141099 66 141611 70 142123 70 142635 70 143149 72 143661 72 144173 72 144685 74 145197 74 145709 74 146221 74 146733 74 147247 74 147759 74 148271 74 148785 72 149297 72 149811 74 150323 74 150835 74 151349 36 151387 36 151861 36 151899 36 152373 36 152411 36 152873 50 152929 34 153385 50 153441 34 153885 4 153897 50 153953 36 154397 4 154409 50 154465 36 154909 4 154921 50 154977 36 155415 72 155489 38 155927 72 156001 38 156437 106 156949 106 157461 106 157973 78 158057 28 158485 78 158569 28 158997 78 159081 28 159507 80 159599 24 160019 80 160111 24 160531 78 160643 8 161043 78 161155 8 161555 78 161667 8 162069 74 162179 8 162581 74 162691 8 163093 74 163203 8 163605 70 163717 6 164117 70 164229 6 164631 60 164739 6 165143 60 165251 6 165655 60 165763 6 166169 58 166275 6 166681 58 166787 6 167193 58 167299 6 167705 56 168217 56 168717 10 168733 54 169229 10 169245 54 169741 10 169757 54 170253 14 170273 52 170765 14 170785 52 171277 14 171297 52 171789 18 171811 54 172301 18 172323 54 172813 18 172839 52 173325 18 173351 52 173837 18 173863 52 174349 20 174377 50 174861 20 174889 50 175373 20 175401 50 175885 22 175913 50 176397 22 176425 50 176911 76 177423 76 177935 76 178447 78 178959 78 179471 78 179983 78 180495 78 181009 78 181521 78 182033 78 182547 80 183059 80 183571 80 184085 80 184597 80 185109 80 185621 80 186133 80 186645 80 187157 80 187669 80 188181 50 188233 28 188693 50 188745 28 189209 48 189267 20 189721 48 189779 20 190233 48 190291 20 190747 46 190805 14 191259 46 191317 14 191771 46 191829 14 192285 46 192343 10 192797 46 192855 10 193309 50 193821 50 194333 50 194849 48 195361 48 195873 48 196387 48 196899 48 197413 48 197925 48 198437 48 198951 46 199463 46 199977 46 200489 46 201001 46 201517 46 202029 46 202541 46 203055 46 203567 46 204081 44 204593 44 205105 44 205621 42 206133 42 206645 42 207161 38 207673 38 208189 36 208701 36 209213 36 209729 32 210241 32 210753 32 211269 28 211781 28 212295 24 212807 24 213319 24 213833 18 214345 18 214857 18 215371 10 215883 10
0f1f896d9ae5a04752d3239c690402c022db4d72c0d2c087d73380896f72c466,193305 2 193817 2 194329 2
0f1f896d9ae5a04752d3239c690402c022db4d72c0d2c087d73380896f72c466,254793 10 255305 10 255793 6 255811 20 256305 6 256323 20 256817 6 256835 20 257307 8 257323 14 257347 22 257819 8 257835 14 257859 22 258331 8 258347 14 258371 22 258841 14 258859 12 258881 24 259353 14 259371 12 259393 24 259867 28 259903 26 260379 28 260415 26 260891 28 260927 26 261403 62 261915 62 262427 62 262939 62 263451 62 263965 60 264477 60 264989 60 265505 54 266017 54 266529 54 267045 50 267557 50 268073 48 268585 48 269097 48 269613 46 270125 46 270637 46 271153 46 271201 4 271665 46 271713 4 272179 52 272691 52 273203 52 273717 42 273761 6 274229 42 274273 6 274741 42 274785 6 275265 26 275301 2 275777 26 275813 2 276291 22 276803 22 277315 22 277829 20 278341 20 278853 20 279359 26 279871 26 280379 28 280891 28 281403 28 281915 14 281939 4 282427 14 282451 4 282939 14 282963 4 283451 12 283963 12 284475 12 284987 12 285499 12 286013 8 286525 8
0f1f896d9ae5a04752d3239c690402c022db4d72c0d2c087d73380896f72c466,207149 2 207661 2 208169 8 208681 8 209193 8 209705 8 210217 8 210729 8 211243 4 211755 4 212267 4 212779 4 213291 4 213793 20 214305 20 214817 20 215327 26 215839 26 216351 26 216863 26 217375 26
0f1f896d9ae5a04752d3239c690402c022db4d72c0d2c087d73380896f72c466,220455 10 220967 10 221479 10 221989 14 222501 14 223013 14 223523 18 224035 18 224545 18 225057 18 225569 18 226079 18 226591 18 227103 18 227615 18 228127 18 228639 16 229151 16 229663 16 230175 14 230687 14 231199 14 231713 8 232225 8
0f1f896d9ae5a04752d3239c690402c022db4d72c0d2c087d73380896f72c466,290107 4 290619 4 291131 8 291643 8 292155 8 292665 10 293177 10 293689 10 294199 12 294711 12 295223 12 295735 12 296247 12 296757 14 297269 14 297781 14 298293 14 298805 14 299297 6 299315 16 299809 6 299827 16 300321 6 300339 16 300833 12 300849 18 300891 2 301345 12 301361 18 301403 2 301857 12 301873 18 301915 2 302369 36 302425 6 302881 36 302937 6 303397 32 303449 6 303909 32 303961 6 304421 32 304473 6 304945 18 304985 8 305457 18 305497 8 305969 18 306009 8 306481 2 306485 14 306521 10 306993 2 306997 14 307033 10 307511 14 307545 10 308023 14 308057 10 308535 14 308569 10 309045 18 309073 20 309557 18 309585 20 310069 18 310097 20 310581 52 311093 52 311605 56 312117 56 312629 56 313145 56 313657 56 314169 56 314693 48 315205 48 315717 52 316229 52 316741 52 317257 2 317261 44 317769 2 317773 44 318281 2 318285 44 318813 28 319325 28 319849 6 320361 6 320873 6
0f1f896d9ae5a04752d3239c690402c022db4d72c0d2c087d73380896f72c466,33117 4 33629 4 34137 10 34649 10 35161 10 35671 12 36183 12 36695 12 37207 14 37719 14 38231 14 38743 14 39255 14 39767 10 40279 10 40791 10 41305 6 41817 6
0f1f896d9ae5a04752d3239c690402c022db4d72c0d2c087d73380896f72c466,45449 14 45961 14 46467 22 46979 22 47491 22 47975 4 48003 24 48487 4 48515 24 48999 4 49027 24 49511 6 49535 28 50023 6 50047 28 50533 10 50559 28 51045 10 51071 28 51557 10 51583 28 52067 20 52089 32 52579 20 52601 32 53091 20 53113 32 53601 56 54113 56 54625 56 55137 56 55649 56 56159 58 56671 58 57183 58 57695 22 57719 34 58207 22 58231 34 58719 22 58745 30 59231 22 59257 30 59743 22 59769 30 60253 24 60279 28 60765 24 60791 28 61277 24 61303 28 61787 24 61815 28 62299 24 62327 28 62813 22 62841 24 62867 2 63325 22 63353 24 63379 2 63837 22 63865 24 63891 2 64347 24 64381 28 64859 24 64893 28 65371 24 65405 28 65885 22 65919 26 66397 22 66431 26 66907 26 66943 24 67419 26 67455 24 67931 26 67967 24 68445 56 68957 56 69467 32 69501 2 69507 18 69979 32 70013 2 70019 18 70491 32 70525 2 70531 18 71001 32 71045 16 71513 32 71557 16 72025 32 72069 16 72539 28 72581 14 73051 28 73093 14 73563 24 73605 16 74075 24 74117 16 74587 24 74629 16 75099 24 75137 24 75611 24 75649 24 76123 24 76161 24 76637 22 76663 4 76671 26 77149 22 77175 4 77183 26 77661 26 77693 26 78173 26 78205 26 78685 26 78717 26 79201 20 79231 22 79713 20 79743 22 80225 20 80255 22 80739 18 80769 18 81251 18 81281 18 81763 18 81797 14 82275 18 82309 14 82787 18 82821 14 83301 16 83333 6 83345 8 83813 16 83845 6 83857 8 84325 16 84357 6 84369 8 84839 12 84869 20 85351 12 85381 20 85863 14 85891 24 86375 14 86403 24 86887 14 86915 24 87401 10 87425 28 87913 10 87937 28 88425 10 88449 28 88941 50 89453 50 89965 50 90477 50 90989 50 91501 52 92013 52 92525 52 93039 54 93551 54 94063 52 94575 52 95087 52 95599 52 96111 52 96623 52 97135 50 97647 50 98159 50 98671 50 99183 50 99695 48 100207 48 100719 48 101231 46 101743 46 102255 44 102767 44 103279 44 103791 42 104303 42 104815 42 105329 36 105841 36 106353 34 106865 34 107377 34 107889 32 108401 32 108913 32 109427 26 109939 26 110453 22 110479 2 110965 22 110991 2 111477 22 111503 2 111991 32 112503 32 113019 30 113531 30 114043 30 114559 26 115071 26 115583 26 116099 22 116611 22 117123 22 117635 22 118147 22 118661 16 119173 16 119685 16 120199 14 120711 14 121225 12 121737 12 122249 12 122765 8 123277 8 123789 8 124305 2 124817 2
0f1f896d9ae5a04752d3239c690402c022db4d72c0d2c087d73380896f72c466,246621 6 247133 6 247643 10 248155 10 248667 10 249179 12 249691 12 250203 12 250717 10 251229 10 251741 12 252253 12 252765 12 253281 8 253793 8 254305 8 254821 6 255333 6 255845 8 256357 8 256869 8 257381 10 257893 10 258405 10 258917 10 259429 10 259943 10 260455 10 260967 10 261481 10 261993 10 262505 10 263017 10 263529 10 264045 8 264557 8 265069 8 265583 10 266095 10 266607 10 267121 8 267633 8 268147 8 268659 8 269171 8 269687 6 270199 6 270711 6 271225 6 271737 6 272249 10 272761 10 273273 10 273785 12 274297 12 274809 12 275325 12 275837 12 276349 14 276861 14 277373 14 277887 14 278399 14 278911 14 279425 12 279937 12 280451 10 280963 10 281475 10 281989 8 282501 8 283013 8 283529 2 284041 2
0f1f896d9ae5a04752d3239c690402c022db4d72c0d2c087d73380896f72c466,117099 4 117611 4 118123 4 118637 4 119149 4 119661 4 120169 4 120681 4 121193 6 121705 6 122217 6 122731 6 123243 6 123755 6 124267 6 124779 6 125293 2 125805 2 126317 2
0f1f896d9ae5a04752d3239c690402c022db4d72c0d2c087d73380896f72c466,311687 10 312199 10 312711 10 313221 12 313733 12 314245 12 314757 6 315269 6
0f1f896d9ae5a04752d3239c690402c022db4d72c0d2c087d73380896f72c466,287121 4 287633 4 288145 4 288657 6 289169 6 289681 6 290193 6 290705 6 291221 2 291733 2 292245 2
0f1f896d9ae5a04752d3239c690402c022db4d72c0d2c087d73380896f72c466,219547 2 220059 2 220567 20 221079 20 221591 20 222105 18 222617 18 223129 18 223641 18 224153 18 224663 24 225175 24 225687 24 226199 28 226711 28 227223 28 227733 2 227737 6 227753 6 228245 2 228249 6 228265 6 228757 8 229269 8 229781 8 230297 4 230809 4 231321 4 231831 6 232343 6 232857 4 233369 4 233881 4 234393 6 234905 6 235417 6 235933 2 236445 2 236957 2 237469 2 237981 2
0f1f896d9ae5a04752d3239c690402c022db4d72c0d2c087d73380896f72c466,277963 8 277973 2 278475 8 278485 2 278987 8 278997 2 279491 20 280003 20 280513 22 281025 22 281537 22 282047 22 282559 22 283071 22 283583 18 284095 18 284607 16 285119 16 285631 16 286121 6 286141 14 286633 6 286653 14 287143 10 287161 14 287655 10 287673 14 288167 10 288185 14 288681 28 289193 28 289705 28 290215 28 290727 28 291239 28 291751 28 292263 28 292773 28 293285 28 293797 28 294297 4 294311 24 294809 4 294823 24 295321 2 295325 2 295335 22 295833 2 295837 2 295847 22 296345 2 296349 2 296359 22 296859 4 296873 18 297371 4 297385 18 297883 4 297897 18 298395 6 298409 18 298907 6 298921 18 299421 8 299433 16 299933 8 299945 16 300445 8 300457 16 300957 26 301469 26 301981 26 302493 22 303005 22 303519 16 304031 16 304543 16 305055 16 305567 16 306079 16 306591 16 307103 16 307613 16 308125 16 308637 16 309147 16 309659 16 310171 16 310685 10 311197 10
0f1f896d9ae5a04752d3239c690402c022db4d72c0d2c087d73380896f72c466,240033 2 240545 2 241059 2 241571 2 242083 2
0f1f896d9ae5a04752d3239c690402c022db4d72c0d2c087d73380896f72c466,4517 8 5029 8 5541 8 6053 6 6565 6
0f1f896d9ae5a04752d3239c690402c022db4d72c0d2c087d73380896f72c466,463 48 975 48 1487 48 1991 58 2503 58 3013 60 3525 60 4037 60 4545 64 5057 64 5569 64 6081 64 6593 64 7107 62 7619 62 8131 62 8641 64 9153 64 9665 64 10177 64 10689 64 11203 62 11715 62 12227 62 12739 62 13251 62 13763 62 14273 64 14785 64 15297 64 15809 64 16321 64 16833 64 17345 64 17857 64 18363 70 18875 70 19385 72 19897 72 20409 72 20921 72 21433 72 21945 72 22457 72 22969 72 23483 70 23995 70 24507 70 25017 72 25529 72 26037 76 26549 76 27061 76 27573 76 28085 76 28597 76 29109 76 29621 76 30131 78 30643 78 31155 78 31667 78 32179 78 32691 78 33199 82 33711 82 34227 78 34739 78 35251 78 35757 84 36269 84 36781 84 37293 84 37805 84 38317 84 38829 84 39341 84 39853 84 40365 84 40877 84 41387 86 41899 86 42411 86 42923 86 43435 86 43947 86 44459 86 44971 86 45483 86 45995 86 46505 88 47017 88 47529 88 48045 84 48557 84 49069 84 49585 80 50097 80 50613 76 51125 76 51637 76 52149 76 52661 76 53173 76 53679 82 54191 82 54701 84 55213 84 55725 84 56237 84 56749 84 57261 84 57775 82 58287 82 58799 82 59311 82 59823 82 60337 80 60849 80 61361 80 61877 76 62389 76 62905 72 63417 72 63929 72 64441 72 64953 72 65465 72 65973 44 66019 30 66485 44 66531 30 66997 20 67025 6 67041 32 67509 20 67537 6 67553 32 68021 20 68049 6 68065 32 68533 14 68575 34 69045 14 69087 34 69559 12 69595 38 70071 12 70107 38 70583 12 70619 38 71095 10 71129 40 71607 10 71641 40 72119 10 72153 40 72635 4 72665 40 73147 4 73177 40 73693 36 74205 36 74717 36 75237 28 75749 28 76261 28 76777 24 77289 24 77803 22 78315 22 78827 22 79313 10 79341 20 79825 10 79853 20 80337 10 80365 20 80847 14 80877 20 81359 14 81389 20 81871 12 81903 18 82383 12 82415 18 82895 12 82927 18 83409 10 83439 18 83921 10 83951 18 84433 10 84463 18 84945 10 84981 12 85457 10 85493 12 85977 2 86005 12 86489 2 86517 12 87001 2 87029 12 87509 6 87543 10 88021 6 88055 10 88533 6 88567 10 89045 10 89077 12 89557 10 89589 12 90059 4 90069 22 90097 2 90103 8 90571 4 90581 22 90609 2 90615 8 91083 4 91093 22 91121 2 91127 8 91593 52 92105 52 92617 52 93131 4 93137 2 93141 42 93643 4 93649 2 93653 42 94173 36 94685 36 95197 36 95717 26 96229 26 96741 26 97255 22 97767 22 98281 2 98289 2 98293 8 98793 2 98801 2 98805 8 99305 2 99313 2 99317 8
0f1f896d9ae5a04752d3239c690402c022db4d72c0d2c087d73380896f72c466,213935 10 214447 10 214959 10 215469 16 215981 16 216491 22 217003 22 217515 22 218029 26 218541 26 219053 26 219571 22 220083 22 220601 20 221113 20 221625 20 222143 16 222655 16 223167 16 223681 18 224193 18 224707 20 225219 20 225731 20 226249 16 226761 16 227273 16 227789 14 228301 14 228817 12 229329 12 229841 12 230349 18 230861 18 231373 18 231891 14 232403 14 232917 12 233429 12 233941 12 234453 4 234461 2 234965 4 234973 2 235477 4 235485 2 235993 2 235997 2 236505 2 236509 2
0f1f896d9ae5a04752d3239c690402c022db4d72c0d2c087d73380896f72c466,251823 4 252335 4 252847 4 253359 4 253871 4 254383 4 254897 2 255409 2
0f1f896d9ae5a04752d3239c690402c022db4d72c0d2c087d73380896f72c466,131027 6 131539 6 132051 6 132555 18 132581 10 133067 18 133093 10 133561 58 134073 58 134585 58 135095 64 135607 64 136119 64 136657 40 137169 40 137685 40 138197 40 138709 40 139225 40 139737 40 140249 40 140765 2 140777 24 141277 2 141289 24 141805 18 142317 18 142829 18 143341 18 143853 18 144365 18 144883 10 145395 10
0f1f896d9ae5a04752d3239c690402c022db4d72c0d2c087d73380896f72c466,156603 6 157115 6 157627 6 158137 8 158649 8 159161 8 159673 2 160185 2
0f1f896d9ae5a04752d3239c690402c022db4d72c0d2c087d73380896f72c466,160711 2 161223 2 161735 2 162245 18 162287 10 162757 18 162799 10 163269 18 163311 10 163781 24 163811 26 164293 24 164323 26 164805 56 165317 56 165829 56 166343 58 166855 58 167367 58 167883 52 168395 52 168909 48 169421 48 169933 48 170445 46 170957 46 171469 46 171983 14 172001 26 172495 14 172513 26 173009 14 173025 26 173521 14 173537 26 174033 14 174049 26 174545 44 175057 44 175569 44 176081 22 176105 18 176593 22 176617 18 177105 22 177131 12 177617 22 177643 12 178129 22 178155 12 178637 24 178675 2 179149 24 179187 2 179661 24 179699 2 180173 24 180685 24 181195 26 181707 26 182219 26 182741 2 182745 2 182749 10 183253 2 183257 2 183261 10 183765 2 183769 2 183773 10 184283 10 184795 10 185311 8 185823 8 186335 8 186827 16 186845 16 187339 16 187357 16 187851 16 187869 16 188363 38 188875 38 189379 50 189891 50 190403 50 190907 64 191419 64 191931 64 192443 32 192483 26 192955 32 192995 26 193469 14 193511 26 193981 14 194023 26 194493 14 194535 26 195005 2 195049 22 195517 2 195561 22 196029 2 196073 22 196589 18 197101 18 197617 12 198129 12 198641 12 199153 14 199665 14 200179 12 200691 12 201203 12 201717 8 202229 8 202741 8 203255 6 203767 6 204281 4 204793 4 205305 4 205817 4 206329 4 206841 4
0f1f896d9ae5a04752d3239c690402c022db4d72c0d2c087d73380896f72c466,114621 2 115133 2 115645 2 116159 2 116671 2
0f1f896d9ae5a04752d3239c690402c022db4d72c0d2c087d73380896f72c466,98241 2 98753 2 99265 2 99777 4 100289 4 100801 4 101313 2 101825 2
0f1f896d9ae5a04752d3239c690402c022db4d72c0d2c087d73380896f72c466,227777 2 228289 2 228801 10 229313 10 229825 10 230339 4 230345 2 230851 4 230857 2 231363 4 231369 2 231877 2 232389 2
0f1f896d9ae5a04752d3239c690402c022db4d72c0d2c087d73380896f72c466,184263 2 184775 2 185285 2 185797 2 186309 2
0f1f896d9ae5a04752d3239c690402c022db4d72c0d2c087d73380896f72c466,257515 4 258027 4 258539 4 259049 4 259561 4 260071 6 260583 6 261095 6 261607 6 262119 6 262631 6 263141 6 263653 6 264165 6 264677 6 265189 6 265699 8 266211 8 266723 8 267233 10 267745 10 268255 10 268767 10 269279 10 269789 12 270301 12 270813 12 271325 10 271837 10 272347 12 272859 12 273371 12 273883 10 274395 10 274907 10 275419 8 275931 8
0f1f896d9ae5a04752d3239c690402c022db4d72c0d2c087d73380896f72c466,147425 10 147937 10 148449 10 148961 18 148987 2 149473 18 149499 2 149985 28 150497 28 151009 28 151525 24 152037 24 152549 24 153069 16 153581 16 154097 10 154609 10 155121 10 155637 2 156149 2
0f1f896d9ae5a04752d3239c690402c022db4d72c0d2c087d73380896f72c466,241133 8 241645 8 242157 8 242669 10 243181 10 243693 10 244205 10 244717 10 245229 10 245741 10 246253 10 246765 12 247277 12 247791 8 248303 8 248815 8 249327 8 249839 8 250351 8 250865 2 251377 2
0f1f896d9ae5a04752d3239c690402c022db4d72c0d2c087d73380896f72c466,347133 2 347645 2 348157 2
df40099c6306ca1f47fcc8a62e2fa39486d4e223177afdc51b2ad189691802d8,36921 4 37181 4 37441 5 37701 6 37961 6 38221 6 38481 7 38741 7 39001 8 39261 8 39521 9 39781 9 40041 9 40301 10 40562 9 40822 9 41082 9 41343 8 41604 7 41866 5 42126 5
df40099c6306ca1f47fcc8a62e2fa39486d4e223177afdc51b2ad189691802d8,58767 5 59027 5 59286 7 59544 10 59804 10 60064 10 60323 11 60582 11 60842 11 61102 11 61361 11 61621 11 61881 11 62141 10 62401 8 62662 6 62922 6
df40099c6306ca1f47fcc8a62e2fa39486d4e223177afdc51b2ad189691802d8,74367 3 74626 5 74886 5 75146 5 75406 5 75667 3 75927 3
df40099c6306ca1f47fcc8a62e2fa39486d4e223177afdc51b2ad189691802d8,15091 4 15351 4 15610 6 15869 8 16129 8 16389 8 16649 8 16910 7 17170 7 17430 7 17690 7 17951 6 18211 6 18471 6 18732 5 18994 2 19254 2
df40099c6306ca1f47fcc8a62e2fa39486d4e223177afdc51b2ad189691802d8,15 3 27 6 273 20 533 20 792 21 1052 21 1312 20 1572 20 1833 17 2094 13 2359 4 2619 4
df40099c6306ca1f47fcc8a62e2fa39486d4e223177afdc51b2ad189691802d8,29917 2 30177 2 30436 9 30695 11 30954 12 31214 12 31473 13 31733 12 31993 12 32253 12 32513 11 32773 10 33034 8 33294 8 33555 6
df40099c6306ca1f47fcc8a62e2fa39486d4e223177afdc51b2ad189691802d8,74380 7 74638 15 74898 15 75156 20 75415 22 75675 23 75935 23 76195 23 76456 21 76717 19 76977 19 77240 12
df40099c6306ca1f47fcc8a62e2fa39486d4e223177afdc51b2ad189691802d8,47602 5 47861 7 48121 7 48380 9 48639 10 48898 12 49158 12 49418 12 49678 12 49938 12 50198 12 50457 13 50717 13 50977 13 51237 13 51497 12 51757 11 52017 11 52278 9 52538 8 52800 3 53060 3
df40099c6306ca1f47fcc8a62e2fa39486d4e223177afdc51b2ad189691802d8,86600 11 86860 11 87118 15 87377 18 87637 18 87897 19 88157 19 88417 19 88677 19 88938 17 89198 15 89459 13 89719 13 89979 12
df40099c6306ca1f47fcc8a62e2fa39486d4e223177afdc51b2ad189691802d8,64521 2 64771 13 65031 13 65287 16 65542 19 65799 20 66059 20 66318 17 66578 12 66838 12 67099 10 67361 5
df40099c6306ca1f47fcc8a62e2fa39486d4e223177afdc51b2ad189691802d8,36948 5 37208 5 37465 15 37723 18 37982 20 38242 20 38501 21 38761 21 39020 21 39280 21 39540 21 39800 20 40060 20 40320 18 40580 17 40840 16 41100 16 41361 12 41622 8
df40099c6306ca1f47fcc8a62e2fa39486d4e223177afdc51b2ad189691802d8,9649 6 9906 10 10164 12 10424 12 10682 14 10941 14 11201 12 11461 12 11721 11 11981 8 12243 2 12503 2
df40099c6306ca1f47fcc8a62e2fa39486d4e223177afdc51b2ad189691802d8,52551 6 52807 13 53067 13 53325 16 53584 18 53844 18 54104 18 54363 19 54623 18 54884 16 55144 16 55405 14 55667 8 55927 8
df40099c6306ca1f47fcc8a62e2fa39486d4e223177afdc51b2ad189691802d8,58799 5 59059 5 59318 7 59576 9 59835 11 60095 11 60352 14 60611 15 60870 15 61130 15 61390 14 61650 12 61910 12 62172 5
df40099c6306ca1f47fcc8a62e2fa39486d4e223177afdc51b2ad189691802d8,28121 5 28381 5 28639 9 28899 9 29159 9 29418 11 29678 11 29938 12 30198 12 30458 12 30718 12 30977 14 31237 14 31497 14 31757 14 32018 13 32278 13 32538 13 32799 11 33060 9 33320 9 33581 7
df40099c6306ca1f47fcc8a62e2fa39486d4e223177afdc51b2ad189691802d8,78303 16 78562 20 78822 20 79081 22 79340 24 79600 24 79860 24 80121 23 80381 23 80643 21 80903 21 81166 17 81429 13 81692 5 81952 5
df40099c6306ca1f47fcc8a62e2fa39486d4e223177afdc51b2ad189691802d8,64275 8 64533 11 64791 13 65051 13 65308 16 65566 18 65825 18 66085 18 66345 15 66604 13 66864 13 67124 11 67385 6
df40099c6306ca1f47fcc8a62e2fa39486d4e223177afdc51b2ad189691802d8,36987 4 37247 4 37506 6 37755 4 37765 8 38013 9 38024 10 38273 9 38284 10 38532 21 38791 22 39050 22 39310 22 39569 16 39586 5 39829 14 40089 14 40349 14 40609 13 40869 12 41129 12 41389 12 41648 12 41908 12 42168 12 42429 10 42689 9
df40099c6306ca1f47fcc8a62e2fa39486d4e223177afdc51b2ad189691802d8,54 4 313 7 573 7 833 8 1094 8 1354 9 1614 9 1875 8 2137 6 2399 3 2659 3
df40099c6306ca1f47fcc8a62e2fa39486d4e223177afdc51b2ad189691802d8,24494 6 24753 9 25013 10 25273 10 25533 11 25793 13 26053 16 26313 16 26573 17 26834 17 27095 16 27355 16 27616 16 27877 14 28138 13 28398 13 28659 11 28921 7 29181 7
df40099c6306ca1f47fcc8a62e2fa39486d4e223177afdc51b2ad189691802d8,51798 3 52058 3 52316 8 52576 9 52836 9 53096 9 53356 9 53615 10 53874 10 54134 10 54393 10 54653 9 54913 8 55173 8 55434 6
df40099c6306ca1f47fcc8a62e2fa39486d4e223177afdc51b2ad189691802d8,30994 2 31254 2 31514 4 31775 6 32036 6 32296 6 32557 5 32818 3
df40099c6306ca1f47fcc8a62e2fa39486d4e223177afdc51b2ad189691802d8,67399 4 67658 6 67918 6 68178 7 68438 7 68699 5 68959 5
df40099c6306ca1f47fcc8a62e2fa39486d4e223177afdc51b2ad189691802d8,67669 6 67929 6 68188 9 68448 10 68708 10 68968 10 69228 11 69488 11 69747 11 70007 11 70268 8 70529 5
df40099c6306ca1f47fcc8a62e2fa39486d4e223177afdc51b2ad189691802d8,83272 2 83530 8 83790 8 84050 10 84310 13 84570 14 84830 14 85091 14 85352 14 85612 14 85872 14 86133 14 86394 13 86655 11 86915 11 87177 9 87440 5 87700 5
df40099c6306ca1f47fcc8a62e2fa39486d4e223177afdc51b2ad189691802d8,24000 2 24260 2 24518 6 24777 8 25036 10 25296 10 25556 10 25816 10 26076 11 26336 11 26596 10 26857 9 27119 6 27379 6
df40099c6306ca1f47fcc8a62e2fa39486d4e223177afdc51b2ad189691802d8,25056 3 25316 3 25574 7 25834 7 26093 9 26353 9 26612 10 26872 11 27131 12 27391 12 27651 13 27910 14 28170 16 28430 16 28690 17 28950 18 29210 18 29470 18 29731 18 29991 17 30251 17 30512 16
df40099c6306ca1f47fcc8a62e2fa39486d4e223177afdc51b2ad189691802d8,17255 10 17515 10 17774 13 18033 15 18293 15 18317 6 18553 15 18577 6 18813 15 18836 9 19073 15 19095 12 19333 15 19355 12 19594 34 19855 34 20119 31 20379 31 20641 30 20903 11 20917 14 21163 10 21178 12 21423 10 21438 12 21684 8 21699 11 21945 5 21962 5
df40099c6306ca1f47fcc8a62e2fa39486d4e223177afdc51b2ad189691802d8,44824 5 45084 5 45342 8 45601 9 45860 9 46120 9 46379 10 46639 9 46897 10 47157 10 47419 7 47681 2
df40099c6306ca1f47fcc8a62e2fa39486d4e223177afdc51b2ad189691802d8,85389 5 85647 8 85907 8 86165 11 86424 12 86682 14 86942 14 87201 14 87460 15 87720 15 87980 14 88239 13 88499 12 88759 12 89020 6
df40099c6306ca1f47fcc8a62e2fa39486d4e223177afdc51b2ad189691802d8,68744 9 69004 9 69263 12 69522 14 69782 15 70042 15 70302 15 70563 13 70824 10 71084 10
df40099c6306ca1f47fcc8a62e2fa39486d4e223177afdc51b2ad189691802d8,76812 5 77072 5 77330 9 77589 12 77849 12 78108 13 78368 14 78628 15 78888 15 79148 15 79407 17 79668 16 79928 16 80188 16 80448 16 80708 15 80968 15 81229 14 81490 12 81753 7 82013 7 82275 5 82535 6 82795 6 83054 10 83314 12 83573 14 83833 14 84094 14 84354 14 84616 12 84876 12 85138 10 85400 5
df40099c6306ca1f47fcc8a62e2fa39486d4e223177afdc51b2ad189691802d8,4271 10 4531 10 4789 16 5049 17 5309 18 5569 18 5829 10 5843 6 6089 9 6104 6 6350 10 6364 7 6610 10 6624 7 6871 11 6885 6 7131 12 7145 6 7392 11 7406 3 7652 11 7666 3 7912 12 8173 10 8433 10 8694 9 8954 9 9214 8 9474 8 9736 3
df40099c6306ca1f47fcc8a62e2fa39486d4e223177afdc51b2ad189691802d8,41460 7 41718 10 41976 13 42236 13 42495 14 42754 15 43014 15 43274 15 43533 15 43793 15 44053 14 44313 14 44573 13 44833 12 45093 12 45353 12 45613 11 45873 10 46133 10 46394 8 46655 4
df40099c6306ca1f47fcc8a62e2fa39486d4e223177afdc51b2ad189691802d8,54728 3 54985 8 55245 8 55503 11 55762 12 56022 12 56280 15 56539 15 56799 15 57059 15 57318 15 57578 15 57838 13 58098 13 58358 12 58619 10 58881 3 59141 3
df40099c6306ca1f47fcc8a62e2fa39486d4e223177afdc51b2ad189691802d8,59928 8 60188 8 60445 14 60704 16 60964 16 61224 16 61484 15 61745 13 62005 13 62267 9 62530 1
df40099c6306ca1f47fcc8a62e2fa39486d4e223177afdc51b2ad189691802d8,1966 3 2221 9 2477 13 2737 13 2994 16 3251 18 3511 18 3770 18 4030 17 4290 17 4550 17 4811 16 5074 13 5336 11 5596 11 5857 10 5869 2 6118 8 6128 3 6376 10 6387 4 6636 10 6647 4 6896 16 7157 15 7418 14 7678 14 7939 13 8200 12 8460 12 8722 9 8984 6
df40099c6306ca1f47fcc8a62e2fa39486d4e223177afdc51b2ad189691802d8,12355 10 12615 10 12872 16 13131 18 13391 18 13650 19 13910 20 14170 19 14430 19 14690 19 14951 17 15212 15 15472 15 15733 13 15994 11 16256 6 16516 6
df40099c6306ca1f47fcc8a62e2fa39486d4e223177afdc51b2ad189691802d8,63326 10 63584 14 63843 16 64103 16 64362 17 64621 18 64880 19 65140 19 65398 20 65657 20 65916 20 66176 20 66436 18 66696 15 66956 15 67214 14 67472 16 67731 19 67991 19 68251 21 68511 22 68771 22 69031 22 69291 21 69553 19 69814 16 70074 16 70334 15 70594 14 70854 13 71114 13 71373 13 71632 14 71892 14 72152 14 72411 15 72671 15 72931 15 73191 15 73451 15 73712 14 73972 14 74232 13 74493 11 74754 9 75014 9 75275 6
df40099c6306ca1f47fcc8a62e2fa39486d4e223177afdc51b2ad189691802d8,46675 4 46933 9 47193 9 47453 12 47713 13 47973 14 48233 14 48494 14 48754 15 49015 14 49275 14 49535 13 49796 11 50057 9 50317 9 50580 1
df40099c6306ca1f47fcc8a62e2fa39486d4e223177afdc51b2ad189691802d8,75805 2 76065 2 76323 5 76581 8 76840 9 77100 9 77358 11 77617 12 77877 12 78135 14 78395 14 78654 14 78914 14 79173 14 79433 15 79449 3 79693 20 79953 20 80213 21 80474 20 80734 10 80745 9 80994 10 81005 9 81257 4 81264 10 81524 10 81784 9 82044 9 82304 9 82565 6 82825 6 83087 2
df40099c6306ca1f47fcc8a62e2fa39486d4e223177afdc51b2ad189691802d8,50853 2 51113 2 51372 4 51632 5 51892 4 52152 4
df40099c6306ca1f47fcc8a62e2fa39486d4e223177afdc51b2ad189691802d8,10816 5 11076 10 11336 12 11596 12 11857 12 12118 12 12379 11 12639 11 12901 9 13164 5 13424 5
df40099c6306ca1f47fcc8a62e2fa39486d4e223177afdc51b2ad189691802d8,30066 3 30326 3 30581 13 30838 19 31097 21 31357 21 31617 22 31877 22 32137 21 32397 21 32658 16 32920 11 33184 5 33444 5
df40099c6306ca1f47fcc8a62e2fa39486d4e223177afdc51b2ad189691802d8,89079 7 89338 10 89598 10 89858 10 90118 9
df40099c6306ca1f47fcc8a62e2fa39486d4e223177afdc51b2ad189691802d8,33203 1 33463 1 33718 9 33974 14 34232 16 34492 16 34752 15 35012 15 35272 15 35531 15 35792 15 36052 19 36312 19 36572 20 36830 22 37088 24 37348 24 37607 25 37866 25 38126 23 38386 23 38646 22 38906 16 39167 12 39427 12 39689 4
df40099c6306ca1f47fcc8a62e2fa39486d4e223177afdc51b2ad189691802d8,53991 9 54251 9 54508 12 54766 14 55026 14 55286 14 55546 14 55807 12 56067 12 56328 7
df40099c6306ca1f47fcc8a62e2fa39486d4e223177afdc51b2ad189691802d8,63877 7 64137 7 64394 11 64652 14 64910 16 65170 16 65428 18 65687 19 65946 20 66206 20 66466 19 66726 18 66986 18 67246 17 67507 14 67770 7 68030 7
df40099c6306ca1f47fcc8a62e2fa39486d4e223177afdc51b2ad189691802d8,75316 6 75575 9 75834 11 76094 11 76353 12 76611 14 76870 14 77130 14 77388 15 77647 15 77907 15 78166 14 78426 12 78686 11 78946 11 79207 7 79468 4
df40099c6306ca1f47fcc8a62e2fa39486d4e223177afdc51b2ad189691802d8,3293 7 3553 7 3811 10 4069 12 4328 14 4588 14 4847 15 5107 14 5367 14 5627 14 5888 13 6148 12 6410 11 6670 11 6931 12 7192 12 7452 13 7712 13 7971 15 8230 16 8490 16 8750 17 9009 19 9269 19 9529 19 9789 19 10050 18 10311 18 10571 18 10832 17 11093 15 11354 14 11614 14 11874 13 12134 12 12395 10 12655 10 12916 7 13177 4 13437 4
df40099c6306ca1f47fcc8a62e2fa39486d4e223177afdc51b2ad189691802d8,19151 2 19411 2 19669 5 19928 6 20188 6 20448 6 20709 4
df40099c6306ca1f47fcc8a62e2fa39486d4e223177afdc51b2ad189691802d8,25141 5 25401 5 25660 7 25918 10 26176 12 26436 12 26695 13 26954 13 27214 12 27474 12 27734 9 27995 5
df40099c6306ca1f47fcc8a62e2fa39486d4e223177afdc51b2ad189691802d8,20986 4 21238 17 21498 17 21757 19 22016 21 22276 21 22536 21 22796 21 23056 21 23318 18 23578 18 23842 13 24109 3 24369 3
df40099c6306ca1f47fcc8a62e2fa39486d4e223177afdc51b2ad189691802d8,3317 3 3577 3 3831 2 3834 7 4088 14 4348 14 4608 14 4867 14 5127 13 5387 10 5647 10 5908 8 6171 2
df40099c6306ca1f47fcc8a62e2fa39486d4e223177afdc51b2ad189691802d8,69355 6 69613 9 69872 11 70132 11 70392 12 70651 13 70910 14 71170 14 71430 14 71690 15 71950 15 72210 14 72470 14 72730 14 72990 14 73250 13 73510 11 73771 9 74031 9 74292 6
df40099c6306ca1f47fcc8a62e2fa39486d4e223177afdc51b2ad189691802d8,60528 1 60787 3 61039 5 61045 7 61299 5 61305 7 61557 15 61815 18 62075 18 62334 19 62593 19 62852 18 63112 18 63372 15 63632 12 63893 8 64153 8
df40099c6306ca1f47fcc8a62e2fa39486d4e223177afdc51b2ad189691802d8,30629 9 30885 14 31138 22 31398 22 31656 24 31915 24 32174 24 32434 24 32694 23 32955 19 33216 12 33476 12 33739 4
df40099c6306ca1f47fcc8a62e2fa39486d4e223177afdc51b2ad189691802d8,11380 4 11640 4 11897 10 12155 16 12415 17 12675 17 12935 17 13196 15 13456 15 13722 1
df40099c6306ca1f47fcc8a62e2fa39486d4e223177afdc51b2ad189691802d8,56618 5 56877 8 57137 8 57396 10 57656 11 57916 11 58176 11 58437 10 58698 8 58960 5 59220 5
df40099c6306ca1f47fcc8a62e2fa39486d4e223177afdc51b2ad189691802d8,51694 1 51950 8 52210 8 52467 12 52725 15 52984 16 53244 16 53503 17 53763 17 54023 17 54283 17 54543 17 54803 17 55065 14 55325 14 55587 11 55848 8 56108 8 56370 2
df40099c6306ca1f47fcc8a62e2fa39486d4e223177afdc51b2ad189691802d8,73528 6 73786 10 74046 10 74304 13 74563 15 74823 15 75083 15 75343 16 75603 16 75865 14 76125 14 76386 12 76646 11 76905 12 76922 1 77165 12 77182 1 77425 12 77439 6 77684 23 77944 23 78204 23 78464 25 78724 25 78984 25 79244 23 79505 21 79766 17 80026 17 80287 13 80549 2
df40099c6306ca1f47fcc8a62e2fa39486d4e223177afdc51b2ad189691802d8,37130 5 37390 5 37648 8 37907 9 37919 3 38167 19 38427 19 38687 20 38947 22 39207 22 39467 22 39727 22 39986 23 40246 23 40506 21 40766 20 41027 17 41287 17 41549 13 41811 8
df40099c6306ca1f47fcc8a62e2fa39486d4e223177afdc51b2ad189691802d8,56386 5 56643 10 56901 13 57161 13 57418 16 57677 17 57936 17 58196 17 58455 18 58715 16 58974 16 59234 16 59494 13 59754 11 60015 8 60275 8 60537 3
df40099c6306ca1f47fcc8a62e2fa39486d4e223177afdc51b2ad189691802d8,6465 7 6725 7 6984 9 7244 9 7504 8 7764 8 8024 8 8284 5 8544 5
df40099c6306ca1f47fcc8a62e2fa39486d4e223177afdc51b2ad189691802d8,45474 3 45732 9 45991 12 46251 12 46510 14 46770 14 47030 14 47290 14 47549 16 47809 16 48070 15 48330 15 48590 15 48850 15 49111 14 49371 14 49631 13 49892 12 50153 10 50413 10 50674 8
df40099c6306ca1f47fcc8a62e2fa39486d4e223177afdc51b2ad189691802d8,31710 4 31964 14 32221 18 32481 18 32740 18 33000 16 33260 14 33520 14 33780 11 34039 8 34296 7 34556 7 34814 9 35073 10 35333 10 35593 9 35853 6 36114 1 36374 1
df40099c6306ca1f47fcc8a62e2fa39486d4e223177afdc51b2ad189691802d8,88383 6 88638 12 88898 12 89157 13 89416 13 89676 12 89936 12 90197 3
df40099c6306ca1f47fcc8a62e2fa39486d4e223177afdc51b2ad189691802d8,37680 4 37938 7 38197 9 38457 9 38717 10 38977 10 39237 10 39497 10 39757 10 40017 10 40277 10 40537 9 40797 7 41059 2 41319 2
df40099c6306ca1f47fcc8a62e2fa39486d4e223177afdc51b2ad189691802d8,51987 8 52247 8 52504 12 52761 15 53020 16 53280 16 53539 17 53799 16 54059 14 54319 14 54580 8
df40099c6306ca1f47fcc8a62e2fa39486d4e223177afdc51b2ad189691802d8,68889 10 69149 10 69407 13 69665 15 69925 16 70185 16 70444 17 70704 16 70964 16 71224 16 71484 15 71745 11 72005 11
df40099c6306ca1f47fcc8a62e2fa39486d4e223177afdc51b2ad189691802d8,19753 7 20011 10 20270 11 20530 11 20790 11 21050 11 21311 10 21571 10 21832 9 22094 7
df40099c6306ca1f47fcc8a62e2fa39486d4e223177afdc51b2ad189691802d8,27817 3 28076 5 28334 7 28594 7 28854 7 29113 8 29373 8 29633 8 29894 7 30155 6 30415 6
df40099c6306ca1f47fcc8a62e2fa39486d4e223177afdc51b2ad189691802d8,60578 3 60836 5 61095 6 61355 6 61615 6 61875 6 62135 6 62395 6 62659 1
df40099c6306ca1f47fcc8a62e2fa39486d4e223177afdc51b2ad189691802d8,65518 3 65777 4 66037 4 66297 4 66558 3
df40099c6306ca1f47fcc8a62e2fa39486d4e223177afdc51b2ad189691802d8,88657 3 88917 3 89177 3 89437 3
df40099c6306ca1f47fcc8a62e2fa39486d4e223177afdc51b2ad189691802d8,79558 3 79818 3 80078 3 80338 3 80599 2
4f949bd8d914bbfa06f40d6a0e2b5b75c38bf53dbcbafc48c97f105bee4f8fac,24 12 414 20 804 17 1194 11 1585 6
4f949bd8d914bbfa06f40d6a0e2b5b75c38bf53dbcbafc48c97f105bee4f8fac,10959 3 11348 6 11738 6 12129 6 12521 3
4f949bd8d914bbfa06f40d6a0e2b5b75c38bf53dbcbafc48c97f105bee4f8fac,3554 1 3941 6 4331 3
4f949bd8d914bbfa06f40d6a0e2b5b75c38bf53dbcbafc48c97f105bee4f8fac,19547 1 19935 5 20325 5 20717 1
4f949bd8d914bbfa06f40d6a0e2b5b75c38bf53dbcbafc48c97f105bee4f8fac,26178 17 26567 18 26957 18 27347 16 27740 12 28133 7
4f949bd8d914bbfa06f40d6a0e2b5b75c38bf53dbcbafc48c97f105bee4f8fac,30084 3 30471 8 30860 9 31250 7 31640 6
4f949bd8d914bbfa06f40d6a0e2b5b75c38bf53dbcbafc48c97f105bee4f8fac,23451 3
4f949bd8d914bbfa06f40d6a0e2b5b75c38bf53dbcbafc48c97f105bee4f8fac,41790 5 42179 6 42569 8 42959 8 43349 8 43740 5 44130 5
4f949bd8d914bbfa06f40d6a0e2b5b75c38bf53dbcbafc48c97f105bee4f8fac,52710 2
4f949bd8d914bbfa06f40d6a0e2b5b75c38bf53dbcbafc48c97f105bee4f8fac,31666 1 32053 7 32443 7 32833 7 33224 3
4f949bd8d914bbfa06f40d6a0e2b5b75c38bf53dbcbafc48c97f105bee4f8fac,50785 9 51163 4 51172 12 51553 4 51562 12 51943 6 51950 15 52333 21 52724 5 52732 10 53114 5 53128 4
4f949bd8d914bbfa06f40d6a0e2b5b75c38bf53dbcbafc48c97f105bee4f8fac,46099 6 46486 9 46876 9 47267 8 47659 6 48052 1
4f949bd8d914bbfa06f40d6a0e2b5b75c38bf53dbcbafc48c97f105bee4f8fac,58187 3 58576 4 58967 3
4f949bd8d914bbfa06f40d6a0e2b5b75c38bf53dbcbafc48c97f105bee4f8fac,53911 1 54301 3 54689 5 55079 5 55468 6 55858 6 56248 6 56636 8 57026 8 57416 8 57806 6 58198 1
4f949bd8d914bbfa06f40d6a0e2b5b75c38bf53dbcbafc48c97f105bee4f8fac,65221 3 65609 6 65999 8 66388 9 66778 9 67169 6 67561 3
4f949bd8d914bbfa06f40d6a0e2b5b75c38bf53dbcbafc48c97f105bee4f8fac,54703 3 55093 5 55483 5 55872 4 56262 4 56652 6 57040 8 57430 8 57820 8 58209 9 58599 7 58989 7 59379 6 59770 5
4f949bd8d914bbfa06f40d6a0e2b5b75c38bf53dbcbafc48c97f105bee4f8fac,69139 5 69528 7 69916 11 70305 12 70693 15 71083 15 71473 14 71863 14 72255 12 72645 12 73036 9 73428 6
4f949bd8d914bbfa06f40d6a0e2b5b75c38bf53dbcbafc48c97f105bee4f8fac,50418 1 50806 3 51195 4 51586 3
4f949bd8d914bbfa06f40d6a0e2b5b75c38bf53dbcbafc48c97f105bee4f8fac,57832 8 58222 9 58612 11 59001 12 59391 12 59781 12 60171 13 60561 13 60951 13 61341 13 61731 13 62121 13 62511 13 62901 13 63289 17 63679 17 64069 6 64080 6 64459 6 64470 6 64849 5 64860 6 65251 5 65641 5 66031 5 66421 3
4f949bd8d914bbfa06f40d6a0e2b5b75c38bf53dbcbafc48c97f105bee4f8fac,54730 5 55119 8 55509 8 55899 8 56289 9 56679 9 57069 9 57459 11 57849 11 58239 11 58629 11 59019 11 59410 8 59800 8
4f949bd8d914bbfa06f40d6a0e2b5b75c38bf53dbcbafc48c97f105bee4f8fac,62538 3 62927 7 63315 12 63704 15 64094 16 64484 16 64874 16 65264 18 65654 18 66044 18 66434 19 66827 1 66833 10 67226 7 67617 6 68009 4 68399 3 68786 9 69173 15 69563 16 69951 20 70341 20 70731 21 71123 19 71513 19 71903 19 72294 18 72686 15 73077 14 73467 14 73859 10 74252 6
4f949bd8d914bbfa06f40d6a0e2b5b75c38bf53dbcbafc48c97f105bee4f8fac,75807 8 76193 12 76581 15 76971 15 77361 15 77751 15 78143 12 78533 12 78924 9 79316 6
4f949bd8d914bbfa06f40d6a0e2b5b75c38bf53dbcbafc48c97f105bee4f8fac,44603 4 44993 6 45383 7 45773 6 46164 3
4f949bd8d914bbfa06f40d6a0e2b5b75c38bf53dbcbafc48c97f105bee4f8fac,83619 3 84008 4 84396 8 84786 8 85176 6 85568 3
4f949bd8d914bbfa06f40d6a0e2b5b75c38bf53dbcbafc48c97f105bee4f8fac,41506 1
4f949bd8d914bbfa06f40d6a0e2b5b75c38bf53dbcbafc48c97f105bee4f8fac,69203 3 69593 5 69982 7 70372 7 70762 7 71152 7 71542 7 71930 9 72319 12 72707 14 73096 15 73486 15 73876 15 74266 7 74656 6 75046 4
4f949bd8d914bbfa06f40d6a0e2b5b75c38bf53dbcbafc48c97f105bee4f8fac,75836 2 76223 8 76612 9 77000 11 77389 12 77779 12 78169 12 78557 14 78947 14 79337 14 79727 17 80117 20 80509 9 80519 8 80911 7 81301 7 81691 7 82082 6 82474 3
4f949bd8d914bbfa06f40d6a0e2b5b75c38bf53dbcbafc48c97f105bee4f8fac,64148 6 64535 11 64924 14 65312 16 65702 16 66092 16 66482 16 66872 14 67264 10 67654 7
4f949bd8d914bbfa06f40d6a0e2b5b75c38bf53dbcbafc48c97f105bee4f8fac,68451 1 68836 11 69224 13 69613 15 70003 17 70391 20 70780 23 71168 25 71557 26 71947 26 72337 24 72728 23 73120 20 73513 15 73904 16 74293 18 74681 20 75071 20 75461 19 75851 20 76241 20 76631 20 77021 20 77411 20 77801 20 78193 17 78584 14 78978 9 79371 4
4f949bd8d914bbfa06f40d6a0e2b5b75c38bf53dbcbafc48c97f105bee4f8fac,58312 3 58699 8 59088 10 59476 12 59864 14 60254 14 60644 14 61034 14 61424 14 61816 11 62208 7 62601 1
4f949bd8d914bbfa06f40d6a0e2b5b75c38bf53dbcbafc48c97f105bee4f8fac,62230 3 62616 10 63004 14 63390 20 63780 20 64170 20 64560 18 64951 17 65343 13 65733 13 66123 15 66513 15 66904 12 67294 12 67686 7 68077 3
4f949bd8d914bbfa06f40d6a0e2b5b75c38bf53dbcbafc48c97f105bee4f8fac,55995 1 56382 8 56772 9 57160 11 57550 13 57940 14 58330 14 58719 15 59109 15 59499 15 59890 14 60280 13 60672 11
4f949bd8d914bbfa06f40d6a0e2b5b75c38bf53dbcbafc48c97f105bee4f8fac,49763 4 50151 9 50540 12 50930 13 51320 15 51711 14 52101 14 52493 12 52883 12 53274 11 53664 9 54056 7 54446 6 54837 3
4f949bd8d914bbfa06f40d6a0e2b5b75c38bf53dbcbafc48c97f105bee4f8fac,67706 4 68094 8 68484 6 68876 4 69266 3 69656 3 70044 5 70434 6 70823 7 71211 9 71601 9 71991 9 72381 9 72771 9 73163 6 73554 3
4f949bd8d914bbfa06f40d6a0e2b5b75c38bf53dbcbafc48c97f105bee4f8fac,55638 4 56018 4 56025 8 56406 17 56796 19 57185 20 57575 20 57963 23 58353 23 58743 12 58757 9 59133 12 59148 7 59523 11 59913 11 60303 11 60693 11 61085 7 61475 6 61866 5 62255 6 62645 6 63035 6 63425 7 63816 6 64206 6 64596 6 64986 6 65378 3
4f949bd8d914bbfa06f40d6a0e2b5b75c38bf53dbcbafc48c97f105bee4f8fac,44316 3 44706 5 45096 5 45488 3 45876 8 46266 9 46656 12 47048 10 47439 11 47831 9 48221 11 48611 11 49001 11 49391 11 49781 11 50171 9 50561 9 50952 8 51344 6 51735 5
4f949bd8d914bbfa06f40d6a0e2b5b75c38bf53dbcbafc48c97f105bee4f8fac,63437 6 63827 8 64217 8 64607 8 64997 8 65387 8 65778 7 66168 7 66558 5 66948 5
4f949bd8d914bbfa06f40d6a0e2b5b75c38bf53dbcbafc48c97f105bee4f8fac,35750 6 36138 8 36528 8 36920 5
4f949bd8d914bbfa06f40d6a0e2b5b75c38bf53dbcbafc48c97f105bee4f8fac,52921 6 53311 7 53701 7 54091 9 54479 11 54869 11 55259 12 55649 11 56039 11 56431 9 56822 6 57212 6 57604 1 57991 6 58379 9 58769 9 59159 9 59549 11 59939 11 60329 11 60719 11 61109 9 61501 7 61892 5
4f949bd8d914bbfa06f40d6a0e2b5b75c38bf53dbcbafc48c97f105bee4f8fac,47854 1 48241 6 48631 7 49021 7 49411 7 49801 9 50192 8 50582 8 50974 4
4f949bd8d914bbfa06f40d6a0e2b5b75c38bf53dbcbafc48c97f105bee4f8fac,44353 4 44741 8 45131 9 45520 10 45911 9 46301 9 46693 7 47084 6 47474 8 47864 8 48254 8 48646 4 49037 3
4f949bd8d914bbfa06f40d6a0e2b5b75c38bf53dbcbafc48c97f105bee4f8fac,56056 1 56443 7 56833 9 57223 9 57614 8 58006 6 58397 5
4f949bd8d914bbfa06f40d6a0e2b5b75c38bf53dbcbafc48c97f105bee4f8fac,51377 8 51766 11 52156 12 52546 14 52936 14 53326 15 53717 13 54107 13 54499 11 54890 8
4f949bd8d914bbfa06f40d6a0e2b5b75c38bf53dbcbafc48c97f105bee4f8fac,44761 5 45150 6 45540 7 45930 7 46320 7 46711 5
4f949bd8d914bbfa06f40d6a0e2b5b75c38bf53dbcbafc48c97f105bee4f8fac,49057 2 49444 8 49834 9 50224 9 50616 7 51006 6
4f949bd8d914bbfa06f40d6a0e2b5b75c38bf53dbcbafc48c97f105bee4f8fac,36190 2 36579 4 36969 4 37357 6 37747 8 38139 6 38529 6 38919 6 39309 6 39699 6 40090 3
4f949bd8d914bbfa06f40d6a0e2b5b75c38bf53dbcbafc48c97f105bee4f8fac,43999 2 44386 6 44776 8 45165 9 45555 9 45945 9 46335 10 46725 9 47115 9 47506 8 47898 4
4f949bd8d914bbfa06f40d6a0e2b5b75c38bf53dbcbafc48c97f105bee4f8fac,24892 5 25282 7 25672 7 26062 8 26454 6 26844 6 27235 5 27625 4
4f949bd8d914bbfa06f40d6a0e2b5b75c38bf53dbcbafc48c97f105bee4f8fac,15537 3 15925 5 16315 7 16705 7 17095 5
4f949bd8d914bbfa06f40d6a0e2b5b75c38bf53dbcbafc48c97f105bee4f8fac,31527 5 31915 8 32305 10 32695 11 33087 9 33477 11 33867 11 34259 9 34649 9 35040 6 35432 4
4f949bd8d914bbfa06f40d6a0e2b5b75c38bf53dbcbafc48c97f105bee4f8fac,40505 3 40893 6 41282 7 41670 9 42060 9 42450 9 42840 8 43229 9 43619 7 44009 7 44399 6 44790 3
4f949bd8d914bbfa06f40d6a0e2b5b75c38bf53dbcbafc48c97f105bee4f8fac,350 11 365 12 738 16 755 12 1128 16 1145 12 1517 17 1535 12 1908 29 2298 29 2688 31 3083 26 3459 3 3476 21 3848 9 3869 18 4236 15 4259 8 4274 2 4626 18 4651 4 5018 16 5042 3 5409 17 5432 3 5801 16 5821 6 6194 23 6587 20 6980 9 6992 3 7371 6 7763 3
4f949bd8d914bbfa06f40d6a0e2b5b75c38bf53dbcbafc48c97f105bee4f8fac,8921 7 9309 11 9698 13 10088 13 10476 17 10866 17 11256 17 11646 18 12036 17 12426 17 12818 15 13208 13 13599 12 13991 7
4f949bd8d914bbfa06f40d6a0e2b5b75c38bf53dbcbafc48c97f105bee4f8fac,23736 5 24126 6 24516 6 24906 6 25296 6 25688 3
4f949bd8d914bbfa06f40d6a0e2b5b75c38bf53dbcbafc48c97f105bee4f8fac,18291 6 18681 6 19071 6 19461 5
eea70a7948d25a9a791dbcb39228af4ea4049fe5ebdee9c04884be8cca3da835,3 16 520 18 1039 16 1558 12 2079 6
eea70a7948d25a9a791dbcb39228af4ea4049fe5ebdee9c04884be8cca3da835,10383 10 10900 14 11419 18 11938 20 12457 20 12976 22 13495 24 14014 24 14533 26 15052 28 15571 28 16090 28 16609 30 17128 30 17647 30 18166 30 18685 32 19204 32 19723 32 20242 32 20763 30 21284 28 21809 20 22332 14 22857 4
eea70a7948d25a9a791dbcb39228af4ea4049fe5ebdee9c04884be8cca3da835,62814 2 63325 14 63842 20 64359 24 64876 26 65395 28 65914 30 66433 30 66952 30 67471 30 67990 30 68509 30 69028 30 69547 30 70066 30 70585 30 71104 30 71623 28 72142 28 72661 26 73180 26 73699 24 74218 24 74737 22 75256 20 75775 16 76296 10
eea70a7948d25a9a791dbcb39228af4ea4049fe5ebdee9c04884be8cca3da835,45687 10 46202 16 46721 18 47238 22 47755 26 48274 28 48791 30 49310 30 49829 30 50348 30 50867 30 51386 30 51905 28 52424 28 52943 28 53464 24 53983 24 54504 20 55023 16 55546 8
eea70a7948d25a9a791dbcb39228af4ea4049fe5ebdee9c04884be8cca3da835,24416 10 24933 14 25450 18 25967 23 26486 25 27005 27 27524 29 28041 31 28560 33 29079 35 29598 35 30119 35 30638 35 31157 35 31676 37 32195 37 32716 35 33235 35 33756 33 34277 31 34798 29 35319 27 35840 25 36361 23 36884 17 37405 13 37931 2
eea70a7948d25a9a791dbcb39228af4ea4049fe5ebdee9c04884be8cca3da835,111622 9 112139 13 112656 15 113173 19 113692 19 114211 21 114730 21 115247 23 115766 25 116285 25 116804 27 117323 27 117844 25 118363 25 118882 25 119401 25 119920 27 120441 25 120960 25 121479 25 122000 23 122519 23 123040 21 123559 21 124081 16 124602 14 125125 8
eea70a7948d25a9a791dbcb39228af4ea4049fe5ebdee9c04884be8cca3da835,47297 10 47814 12 48331 16 48848 18 49365 20 49882 22 50401 22 50918 24 51435 26 51954 26 52471 28 52990 28 53509 26 54026 28 54545 28 55064 28 55577 32 56094 34 56611 34 57127 37 57646 35 58163 35 58682 33 59199 33 59718 29 60235 31 60754 31 61273 31 61792 31 62313 27 62832 27 63353 25 63874 21 64400 14 64923 8
eea70a7948d25a9a791dbcb39228af4ea4049fe5ebdee9c04884be8cca3da835,48 24 565 26 1084 26 1603 28 2122 28 2641 28 3160 28 3679 36 4198 40 4717 40 5236 40 5755 42 6274 42 6793 42 7314 40 7833 40 8354 38 8873 40 9394 12 9408 24 9917 4 9927 24 10446 24 10965 24 11484 24 12003 22 12522 22 13043 20 13562 20 14081 20 14600 20 15121 18 15640 16 16161 14 16680 14 17201 10
eea70a7948d25a9a791dbcb39228af4ea4049fe5ebdee9c04884be8cca3da835,80525 2 81038 12 81555 16 82070 22 82587 24 83104 28 83621 30 84138 32 84655 34 85172 36 85691 36 86208 38 86727 38 87244 40 87763 38 88282 38 88801 38 89320 36 89837 38 90356 36 90877 34 91396 32 91915 28 92436 22 92955 12 93478 4
eea70a7948d25a9a791dbcb39228af4ea4049fe5ebdee9c04884be8cca3da835,79536 6 80053 10 80570 14 81087 16 81604 20 82123 20 82640 24 83159 24 83678 24 84197 24 84714 26 85233 26 85752 26 86271 26 86790 26 87309 26 87828 26 88347 26 88866 24 89385 18 89904 16 90423 16 90944 14 91463 12 91982 12 92501 12 93001 6 93020 12 93516 12 93539 12 94035 12 94058 14 94552 16 94577 14 95071 16 95094 18 95588 21 95613 18 96107 21 96132 20 96626 21 96651 20 97145 23 97170 22 97662 49 98181 49 98698 51 99217 53 99736 53 100255 27 100284 24 100772 29 100805 22 101291 27 101324 22 101810 27 101843 22 102331 22 102362 22 102850 20 102881 20 103369 18 103402 18 103890 14 103921 18 104411 10 104442 14 104963 12 105484 8
eea70a7948d25a9a791dbcb39228af4ea4049fe5ebdee9c04884be8cca3da835,113761 4 114276 10 114795 12 115312 14 115829 18 116348 18 116867 21 117384 23 117903 23 118422 23 118941 25 119460 25 119979 25 120498 25 121017 25 121536 25 122055 25 122574 25 123093 25 123612 25 124131 25 124650 23 125169 23 125690 21 126209 21 126728 18 127249 14 127770 12 128293 6
eea70a7948d25a9a791dbcb39228af4ea4049fe5ebdee9c04884be8cca3da835,8958 6 9475 12 9994 12 10511 16 11030 16 11549 18 12068 18 12585 22 13104 22 13623 24 14142 24 14661 24 15182 24 15701 24 16220 24 16739 26 17258 26 17777 26 18298 24 18817 24 19336 24 19857 24 20376 22 20897 20 21389 9 21416 20 21904 17 21929 26 22423 17 22446 26 22942 17 22965 26 23461 19 23484 14 23500 10 23980 19 24003 14 24019 8 24499 19 24522 14 24542 2 25018 19 25041 14 25537 21 25560 14 26056 21 26079 14 26575 21 26598 14 27094 21 27117 14 27613 21 27636 14 28132 21 28155 14 28651 21 28674 14 29170 21 29193 14 29689 21 29712 14 30208 37 30729 19 30750 12 31248 19 31269 12 31767 19 31790 10 32286 19 32309 8 32805 19 32832 4 33326 17 33845 17 34367 14 34886 14 35407 12 35928 10 36449 6
eea70a7948d25a9a791dbcb39228af4ea4049fe5ebdee9c04884be8cca3da835,50460 6 50977 10 51494 14 52013 14 52532 16 53048 19 53567 19 54086 21 54605 21 55124 21 55643 23 56162 23 56681 23 57200 23 57719 23 58238 23 58757 23 59276 23 59795 23 60317 20 60836 20 61355 20 61876 18 62395 18 62914 18 63433 18 63954 16 64473 16 64992 16 65513 12 66034 10 66555 6
eea70a7948d25a9a791dbcb39228af4ea4049fe5ebdee9c04884be8cca3da835,126250 8 126767 12 127284 14 127803 16 128322 16 128839 20 129358 20 129877 20 130396 20 130915 20
eea70a7948d25a9a791dbcb39228af4ea4049fe5ebdee9c04884be8cca3da835,112259 10 112774 16 113291 20 113810 22 114327 24 114846 26 115365 28 115882 30 116401 30 116920 32 117439 32 117958 32 118477 32 118996 32 119515 34 120034 34 120553 34 121072 32 121591 32 122112 30 122631 30 123152 26 123673 24 124192 22 124713 18 125236 12 125759 2
eea70a7948d25a9a791dbcb39228af4ea4049fe5ebdee9c04884be8cca3da835,55165 6 55682 10 55743 4 56201 12 56260 8 56720 12 56779 10 57239 14 57296 14 57758 14 57815 14 58275 16 58334 16 58794 16 58853 16 59313 18 59372 18 59832 18 59889 20 60351 18 60408 22 60870 20 60894 6 60927 24 61389 32 61446 24 61908 32 61965 24 62427 34 62470 8 62482 28 62946 34 62987 42 63467 32 63503 45 63986 34 64022 47 64505 83 65024 83 65545 81 66064 81 66585 79 67104 79 67625 77 68144 75 68663 73 69182 53 69237 10 69703 24 69731 21 70222 24 70250 21 70743 22 70769 21 71262 22 71288 21 71785 16 71807 21 72306 14 72329 18 72827 12 72848 18 73346 10 73367 18 73867 6 73886 18 74405 18 74926 16 75445 16 75966 14 76485 14 77006 12 77525 10 78046 8 78567 2
eea70a7948d25a9a791dbcb39228af4ea4049fe5ebdee9c04884be8cca3da835,175 17 692 19 1209 21 1728 23 2245 25 2764 25 3283 25 3802 25 4319 27 4838 27 5357 27 5876 27 6395 27 6914 27 7431 29 7950 29 8469 29 8988 27 9507 27 10028 25 10547 25 11066 23 11585 23 12106 19 12625 19 13146 14 13667 10 14188 4
eea70a7948d25a9a791dbcb39228af4ea4049fe5ebdee9c04884be8cca3da835,22500 7 23017 11 23534 15 24053 17 24572 17 25089 21 25608 21 26127 23 26646 23 27167 21 27686 23 28205 23 28724 25 29243 25 29762 25 30281 27 30800 27 31319 27 31840 25 32359 25 32878 27 33399 25 33918 25 34437 25 34958 23 35477 23 35999 20 36518 20 37039 18 37558 16 38077 16 38598 14 39119 12 39638 10 40159 8
eea70a7948d25a9a791dbcb39228af4ea4049fe5ebdee9c04884be8cca3da835,98291 10 98808 14 99325 20 99844 22 100361 26 100880 26 101399 28 101918 30 102435 32 102954 32 103473 34 103992 34 104511 34 105030 34 105551 32 106070 32 106589 32 107108 32 107629 30 108148 30 108669 26 109190 24 109713 18 110236 14 110759 6
eea70a7948d25a9a791dbcb39228af4ea4049fe5ebdee9c04884be8cca3da835,83785 8 84302 10 84819 14 85338 14 85857 14 86374 16 86893 16 87412 18 87931 18 88450 18 88969 18 89486 20 90005 20 90524 20 91043 18 91562 18 92081 18 92600 18 93119 18 93638 18 94159 14 94678 14 95197 14 95718 10 96237 8
eea70a7948d25a9a791dbcb39228af4ea4049fe5ebdee9c04884be8cca3da835,53188 6 53705 10 54222 14 54741 17 55258 21 55777 21 56296 23 56815 23 57334 23 57853 23 58372 25 58891 25 59410 25 59929 25 60448 25 60967 25 61486 25 62005 25 62526 23 63045 23 63564 21 64083 21 64602 21 65121 21 65642 17 66161 17 66682 13 67201 13 67722 8 68243 6
eea70a7948d25a9a791dbcb39228af4ea4049fe5ebdee9c04884be8cca3da835,129494 4 130010 9 130529 9 131048 9
eea70a7948d25a9a791dbcb39228af4ea4049fe5ebdee9c04884be8cca3da835,263 4 782 4
eea70a7948d25a9a791dbcb39228af4ea4049fe5ebdee9c04884be8cca3da835,15338 6 15855 10 16372 12 16889 16 17408 16 17925 18 18442 20 18961 20 19478 22 19995 24 20514 24 21031 26 21550 26 22069 24 22586 26 23105 24 23624 24 24143 22 24662 22 25181 22 25700 22 26219 20 26738 20 27257 20 27776 18 28297 16 28816 14 29337 10
eea70a7948d25a9a791dbcb39228af4ea4049fe5ebdee9c04884be8cca3da835,95769 4 96286 10 96803 12 97322 14 97841 16 98360 16 98879 16 99398 18 99917 18 100436 18 100955 20 101474 20 101993 20 102512 20 103031 22 103550 22 104069 22 104588 22 105107 22 105626 22 106145 22 106666 20 107185 20 107704 18 108225 16 108746 14 109265 14
eea70a7948d25a9a791dbcb39228af4ea4049fe5ebdee9c04884be8cca3da835,57387 6 57904 10 58421 14 58938 16 59457 18 59976 18 60493 20 61012 20 61531 20 62050 20 62567 22 63086 22 63605 22 64124 22 64643 22 65162 22 65681 22 66200 22 66719 22 67238 22 67757 22 68276 22 68795 22 69316 20 69835 20 70354 18 70873 18 71390 20 71909 18 72426 20 72943 22 73460 22 73979 22 74496 22 75015 18 75534 18 76053 18 76572 18 77091 18 77610 18 78129 20 78648 20 79167 20 79686 20 80205 22 80724 22 81245 20 81764 20 82283 20 82802 20 83323 18 83842 18 84363 16 84882 16 85403 14 85922 12 86445 6
eea70a7948d25a9a791dbcb39228af4ea4049fe5ebdee9c04884be8cca3da835,20049 4 20564 10 21081 12 21598 14 22115 16 22634 16 23153 16 23670 18 24189 18 24708 18 25225 20 25744 20 26263 18 26782 18 27301 18 27820 18 28339 16 28856 18 29375 18 29894 16 30403 26 30922 26 31439 28 31958 26 32477 26 32996 24 33515 24 34032 24 34551 20 35070 20 35589 20 36108 20 36627 20 37146 20 37665 20 38184 20 38703 18 39222 18 39741 18 40260 18 40779 18 41300 16 41819 14 42338 14 42857 14 43376 12 43897 8 44416 6
eea70a7948d25a9a791dbcb39228af4ea4049fe5ebdee9c04884be8cca3da835,112934 6 113451 10 113970 10 114487 14 115006 14 115525 14 116044 16 116561 18 117080 18 117599 18 118116 22 118635 22 119154 22 119673 22 120190 24 120709 24 121228 24 121747 24 122266 24 122785 24 123304 24 123823 24 124344 22 124863 22 125382 22 125901 22 126422 20 126941 20 127460 20 127979 18 128500 16 129019 16 129538 16 130059 12 130580 8 131101 4
eea70a7948d25a9a791dbcb39228af4ea4049fe5ebdee9c04884be8cca3da835,67274 6 67791 8 68308 10 68827 12 69344 14 69863 14 70382 16 70901 16 71420 14 71939 14 72458 14 72975 16 73494 16 74013 16 74532 16 75051 16 75570 16 76089 16 76608 16 77127 16 77646 18 78165 21 78684 21 79205 19 79724 21 80243 21 80762 21 81281 21 81800 21 82319 21 82838 21 83357 21 83876 21 84395 21 84914 21 85433 21 85952 21 86471 21 86990 21 87509 21 88028 21 88549 17 89068 17 89587 14 90106 14 90627 10 91148 6
eea70a7948d25a9a791dbcb39228af4ea4049fe5ebdee9c04884be8cca3da835,52236 6 52752 11 53271 11 53790 13 54309 13 54826 15 55345 15 55864 15 56383 15 56902 17 57421 17 57940 17 58459 17 58978 17 59497 17 60018 15 60537 17 61056 17 61575 17 62094 17 62613 17 63132 17 63651 17 64170 17 64692 14 65211 14 65730 12 66251 10 66770 10 67291 6
eea70a7948d25a9a791dbcb39228af4ea4049fe5ebdee9c04884be8cca3da835,73012 6 73529 10 74048 10 74565 14 75084 14 75601 16 76120 18 76639 18 77158 18 77677 18 78196 18 78715 18 79234 18 79753 18 80272 18 80791 18 81310 18 81829 18 82348 18 82867 18 83386 18 83905 18 84426 16 84945 16 85464 16 85983 16 86504 14 87023 12 87542 12 88063 10 88582 8 89103 4
eea70a7948d25a9a791dbcb39228af4ea4049fe5ebdee9c04884be8cca3da835,105717 2 106232 10 106749 16 107268 18 107785 20 108304 22 108823 22 109342 24 109861 26 110378 28 110899 26 111418 26 111937 26 112456 28 112975 28 113496 26 114015 26 114536 24 115055 24 115576 22 116097 18 116616 18 117139 14 117660 10 118181 6
eea70a7948d25a9a791dbcb39228af4ea4049fe5ebdee9c04884be8cca3da835,18529 6 19046 8 19565 8 20084 8 20603 8 21122 8 21639 10 22158 10 22677 10 23196 10 23715 10 24234 8 24755 6 25274 6 25795 2
eea70a7948d25a9a791dbcb39228af4ea4049fe5ebdee9c04884be8cca3da835,71495 6 72010 12 72529 12 73046 16 73565 16 74082 18 74601 18 75120 18 75637 20 76156 20 76675 20 77194 20 77713 20 78232 20 78751 20 79270 20 79789 20 80308 20 80827 20 81346 20 81865 20 82386 16 82905 16 83424 16 83945 14 84464 12 84985 10 85504 8 86025 4
eea70a7948d25a9a791dbcb39228af4ea4049fe5ebdee9c04884be8cca3da835,125483 4 125998 11 126515 15 127030 21 127547 23 128064 25 128581 27 129098 29 129615 31 130132 33 130651 33 131172 31
eea70a7948d25a9a791dbcb39228af4ea4049fe5ebdee9c04884be8cca3da835,4554 4 5071 6 5590 8 6107 10 6624 15 7143 15 7662 15 8179 17 8698 19 9217 19 9736 19 10255 19 10774 19 11291 21 11810 21 12329 21 12848 21 13367 21 13886 19 14405 19 14926 17 15445 14 15964 12 16485 8
eea70a7948d25a9a791dbcb39228af4ea4049fe5ebdee9c04884be8cca3da835,55412 13 55929 19 56446 23 56965 25 57482 29 58001 29 58520 31 59039 31 59558 31 60077 31 60596 31 61115 31 61634 31 62155 29 62674 29 63193 27 63714 25 64235 21 64756 19 65279 11
eea70a7948d25a9a791dbcb39228af4ea4049fe5ebdee9c04884be8cca3da835,81900 6 82415 14 82932 16 83451 18 83967 23 84486 23 85003 25 85522 25 86039 29 86558 29 87075 31 87594 31 88113 31 88630 33 89149 31 89668 31 90185 33 90704 33 91223 31 91742 31 92261 29 92780 27 93299 25 93820 21 94339 19 94858 17 95379 13 95900 11 96421 5
eea70a7948d25a9a791dbcb39228af4ea4049fe5ebdee9c04884be8cca3da835,413 36 930 40 978 6 1449 42 1497 8 1968 44 2016 8 2489 42 2535 8 3010 40 3054 8 3529 42 3573 8 4048 52 4567 52 5086 52 5605 52 6126 50 6647 48 7166 46 7685 46 8206 44 8725 44 9246 42 9765 42 10286 40 10807 38 11326 38 11847 36 12366 36 12887 34 13406 34 13925 34 14444 34 14963 34 15482 36 16003 34 16522 34 17041 34 17560 34 18079 34 18600 32 19119 32 19638 34 20159 32 20678 32 21199 32 21718 32 22239 30 22758 32 23277 32 23798 32 24317 32 24838 30 25357 32 25878 30 26397 32 26916 32 27435 32 27956 32 28475 32 28994 35 29513 35 30032 37 30553 35 31074 35 31593 35 32112 37 32631 37 33150 39 33669 39 34188 41 34707 43 35226 45 35745 47 36264 49 36785 47 37304 49 37823 49 38342 51 38861 51 39380 51 39899 53 40418 53 40937 53 41456 55 41975 55 42494 55 43013 57 43532 57 44053 57 44574 55 45095 55 45618 51 46139 49 46660 47 47179 47 47698 49 48219 47 48738 47 49259 45 49778 45 50299 43 50818 43 51339 41 51858 41 52377 41 52898 39 53417 39 53938 37 54457 37 54979 34 55498 34 56019 32 56538 32 57059 30 57578 30 58099 28 58620 26 59139 26 59658 26 60179 24 60698 24 61217 24 61736 24 62257 22 62776 22 63295 22 63816 20 64335 22 64854 22 65375 20 65894 20 66413 20 66934 18 67453 18 67972 18 68493 16 69012 16 69531 16 70052 14 70571 14 71092 12 71611 12 72132 10 72651 10 73170 10 73689 10 74210 8 74729 8 75250 6 75769 6 76290 4 76809 4
eea70a7948d25a9a791dbcb39228af4ea4049fe5ebdee9c04884be8cca3da835,29503 4 30020 6 30539 8 31056 10 31575 10 32092 12 32611 12 33130 12 33649 12 34168 12 34687 12 35206 12 35723 14 36242 14 36761 14 37280 14 37799 14 38318 14 38837 14 39356 14 39875 14 40394 12 40913 12 41432 12 41951 10 42470 10 42989 8 43510 4
eea70a7948d25a9a791dbcb39228af4ea4049fe5ebdee9c04884be8cca3da835,102216 4 102733 10 103250 14 103769 14 104288 16 104805 18 105324 18 105843 20 106362 20 106881 20 107400 22 107919 22 108438 22 108957 22 109476 24 109995 24 110514 24 111035 22 111554 22 112073 24 112592 24 113113 22 113632 22 114151 24 114661 3 114670 26 115172 15 115191 26 115687 21 115710 26 116204 23 116229 28 116721 27 116752 24 117238 29 117275 20 117755 31 117796 18 118274 31 118315 18 118791 33 118834 18 119310 33 119353 18 119829 33 119872 18 120348 31 120391 18 120867 31 120910 18 121386 31 121431 16 121907 27 121950 16 122426 27 122469 16 122947 23 122988 16 123468 14 123509 14 124028 14 124549 12 125068 12 125589 10 126108 10 126627 10 127148 8 127667 8 128188 6 128707 6 129226 6 129747 4
eea70a7948d25a9a791dbcb39228af4ea4049fe5ebdee9c04884be8cca3da835,62234 6 62751 10 63270 13 63787 15 64306 15 64825 17 65344 17 65863 17 66380 21 66899 21 67418 21 67937 21 68456 21 68973 25 69492 25 70011 25 70530 25 71049 25 71570 23 72089 23 72608 23 73127 23 73646 23 74165 23 74684 23 75203 21 75722 21 76243 19 76762 17 77281 17 77802 13 78321 10 78842 6
eea70a7948d25a9a791dbcb39228af4ea4049fe5ebdee9c04884be8cca3da835,13998 2 14515 6 15034 8 15551 10 16070 12 16589 12 17106 14 17625 16 18144 16 18663 16 19182 16 19701 16 20220 16 20739 16 21258 16 21777 14 22296 14 22815 14 23334 14 23855 12 24374 10 24893 10 25414 6 25935 2
eea70a7948d25a9a791dbcb39228af4ea4049fe5ebdee9c04884be8cca3da835,81999 4 82516 6 83033 8 83550 10 84067 12 84584 14 85103 14 85620 16 86139 16 86658 16 87177 16 87696 16 88215 16 88734 16 89253 16 89772 16 90291 16 90810 16 91329 16 91848 16 92369 14 92888 14 93407 14 93926 14 94447 12 94966 12 95487 10 96006 10 96525 10 97046 6
0ed3555a4bd48046d3b63d8baf03a5aa97e523aa483aaa07459e7afa39fb96c6,34309 2 34563 6 34818 7 35073 9 35329 10 35585 10 35841 9 36097 9 36353 8 36609 7 36866 3
0ed3555a4bd48046d3b63d8baf03a5aa97e523aa483aaa07459e7afa39fb96c6,58125 5 58379 8 58634 10 58890 11 59145 12 59401 12 59657 11 59913 11 60169 11 60425 10 60682 9 60939 7 61197 2
0ed3555a4bd48046d3b63d8baf03a5aa97e523aa483aaa07459e7afa39fb96c6,28530 5 28785 7 29040 8 29296 8 29552 8 29809 7 30066 5 30324 2
0ed3555a4bd48046d3b63d8baf03a5aa97e523aa483aaa07459e7afa39fb96c6,31354 5 31609 7 31865 8 32120 9 32376 9 32633 8 32889 7 33146 5
0ed3555a4bd48046d3b63d8baf03a5aa97e523aa483aaa07459e7afa39fb96c6,38080 3 38334 7 38589 8 38845 8 39101 8 39356 9 39608 12 39863 12 40118 8 40374 8 40630 8 40886 7 41142 7 41399 5
0ed3555a4bd48046d3b63d8baf03a5aa97e523aa483aaa07459e7afa39fb96c6,37841 6 38096 12 38351 14 38607 14 38863 15 39119 15 39375 15 39632 14 39889 12 40144 12 40399 11 40654 14 40910 15 41166 16 41422 16 41678 16 41934 16 42192 13 42449 11 42706 9 42963 6
0ed3555a4bd48046d3b63d8baf03a5aa97e523aa483aaa07459e7afa39fb96c6,44244 6 44499 8 44754 9 45009 10 45265 10 45521 10 45777 10 46033 11 46289 11 46546 10 46803 8 47060 6
0ed3555a4bd48046d3b63d8baf03a5aa97e523aa483aaa07459e7afa39fb96c6,43753 5 44003 12 44258 13 44513 15 44768 17 45023 18 45279 18 45535 18 45792 17 46048 5 46057 8 46313 8 46570 7 46826 6 47084 3
0ed3555a4bd48046d3b63d8baf03a5aa97e523aa483aaa07459e7afa39fb96c6,39910 5 40165 6 40420 8 40675 9 40931 8 41187 8 41443 7 41699 6 41957 1
0ed3555a4bd48046d3b63d8baf03a5aa97e523aa483aaa07459e7afa39fb96c6,34795 2 35049 5 35058 4 35304 7 35313 6 35560 7 35569 7 35815 8 35825 7 36072 7 36081 8 36328 7 36338 7 36585 6 36594 7 36843 14 37099 14 37354 15 37610 15 37866 14 38123 11 38380 8 38637 6 38895 3
0ed3555a4bd48046d3b63d8baf03a5aa97e523aa483aaa07459e7afa39fb96c6,19455 2 19711 2
0ed3555a4bd48046d3b63d8baf03a5aa97e523aa483aaa07459e7afa39fb96c6,20992 1 21247 2 21503 2 21759 2 22015 2 22271 2 22527 2
7bdb668e6127b7eafc837a883f0648002bd063c736f55a4f673e787250a3fb04,32259 4 32771 4 33281 8 33793 8 34305 8 34817 10 35329 10 35841 10 36353 10 36865 10 37377 10 37889 10 38401 10 38913 10 39425 10 39937 12 40449 12 40961 12 41473 12 41985 12 42497 14 43009 14 43521 14 44033 14 44545 14 45057 14 45569 14 46081 14 46593 14 47105 14 47617 12 48129 12 48641 12 49153 12 49665 12 50177 12 50689 12 51201 12 51713 12 52225 12 52737 10 53249 10 53761 10 54273 10 54785 10 55297 10 55809 10 56321 10 56833 10 57345 10 57857 10 58369 10 58881 8 59393 8 59905 8 60419 2 60931 2
7bdb668e6127b7eafc837a883f0648002bd063c736f55a4f673e787250a3fb04,87045 4 87557 4 88069 4 88577 14 89089 14 89601 22 90113 22 90625 22 91137 24 91649 24 92161 28 92673 28 93185 28 93697 32 94209 32 94721 34 95233 34 95745 36 96257 36 96769 36 97281 38 97793 38 98305 40 98817 40 99329 40 99841 40 100353 40 100865 40 101377 40 101889 40 102401 40 102913 40 103425 40 103937 40 104449 40 104961 38 105473 38 105985 38 106497 38 107009 38 107521 36 108033 36 108545 34 109057 34 109569 34 110081 32 110593 32 111105 28 111617 28 112129 28 112641 26 113153 26 113665 24 114177 24 114689 24 115201 22 115713 22 116225 20 116737 20 117249 20 117761 18 118273 18 118787 14 119299 14 119811 14
7bdb668e6127b7eafc837a883f0648002bd063c736f55a4f673e787250a3fb04,176645 12 177157 12 177667 18 178179 18 178691 18 179201 24 179713 24 180225 24 180737 24 181249 24 181761 24 182273 24 182785 24 183297 24 183809 24 184321 24 184833 24 185345 22 185857 22 186369 22 186881 20 187393 20 187905 18 188417 18 188929 18 189441 18 189953 18 190465 18 190977 18 191489 18 192001 20 192513 20 193025 20 193537 20 194049 20 194561 20 195073 20 195585 18 196097 18 196609 18 197121 18 197633 18 198145 16 198657 16 199169 16 199681 14 200193 14 200705 10 201217 10 201729 10 202241 10 202753 10 203265 8 203777 8 204289 8 204801 8 205313 8 205825 8 206337 8 206849 8 207365 2 207877 2
7bdb668e6127b7eafc837a883f0648002bd063c736f55a4f673e787250a3fb04,210951 2 211463 2 211975 2 212483 10 212995 10 213505 12 214017 12 214529 12 215041 14 215553 14 216065 14 216577 14 217089 14 217601 14 218113 14 218625 12 219137 12 219649 12 220161 10 220673 10 221185 8 221697 8 222209 8 222723 6 223235 6 223747 6 224259 6 224771 6 225285 2 225797 2 226309 4 226821 4 227333 4 227845 6 228357 6 228871 6 229383 6 229895 6 230407 6 230919 6 231431 6 231943 6 232455 6 232965 10 233477 10 233985 14 234497 14 235009 14 235521 16 236033 16 236545 16 237057 16 237569 16 238085 12 238597 12 239115 2 239627 2 240139 2
7bdb668e6127b7eafc837a883f0648002bd063c736f55a4f673e787250a3fb04,62979 2 63491 2 64003 4 64515 4 65027 4 65539 2 66051 2
7bdb668e6127b7eafc837a883f0648002bd063c736f55a4f673e787250a3fb04,250903 22 251415 22 251923 30 252435 30 252947 30 253457 36 253969 36 254479 40 254991 40 255503 40 256013 44 256525 44 257037 44 257549 44 258061 44 258571 48 259083 48 259595 50 260107 50 260619 50 261131 50 261643 50 262155 52 262667 52 263179 52 263691 52 264203 52 264715 52 265227 52 265739 52 266253 50 266765 50 267279 46 267791 46 268303 46 268815 44 269327 44 269841 40 270353 40 270865 40 271381 28 271893 28 272407 22 272919 22 273431 22 273947 12 274459 12
7bdb668e6127b7eafc837a883f0648002bd063c736f55a4f673e787250a3fb04,125495 14 126007 14 126515 22 127027 22 127539 22 128047 28 128559 28 129069 32 129581 32 130093 32 130605 34 131117 34 131627 38 132139 38 132651 38 133161 40 133673 40 134185 42 134697 42 135209 42 135721 42 136233 42 136745 44 137257 44 137769 44 138279 46 138791 46 139305 42 139817 42 140329 42 140843 40 141355 40 141869 36 142381 36 142893 36 143409 30 143921 30 144435 26 144947 26 145459 26 145973 22 146485 22 147001 16 147513 16 148025 16 148539 4 149051 4
7bdb668e6127b7eafc837a883f0648002bd063c736f55a4f673e787250a3fb04,182853 6 183365 6 183877 6 184381 20 184893 20 185401 28 185913 28 186425 28 186937 28 187449 28 187959 32 188471 32 188983 32 189495 34 190007 34 190519 34 191031 34 191543 34 192055 34 192567 34 193079 32 193591 32 194103 32 194615 30 195127 30 195639 28 196151 28 196663 28 197177 22 197689 22 198203 16 198715 16 199227 16
7bdb668e6127b7eafc837a883f0648002bd063c736f55a4f673e787250a3fb04,20549 14 21061 14 21569 24 22081 24 22593 24 23103 30 23615 30 24125 34 24637 34 25149 34 25661 36 25699 8 26173 36 26211 8 26685 36 26723 8 27195 54 27707 54 28219 58 28731 58 29243 58 29755 62 30267 62 30779 66 31291 66 31803 66 32315 70 32827 70 33341 70 33853 70 34365 70 34879 70 35391 70 35905 70 36417 70 36929 70 37443 70 37955 70 38469 68 38981 68 39493 68 40013 60 40525 60 41039 60 41551 60 42063 60 42577 58 43089 58 43601 58 44113 58 44625 58 45137 58 45649 58 46163 56 46675 56 47187 56 47699 56 48211 56 48725 52 49237 52 49749 52 50263 50 50775 50 51289 48 51801 48 52313 48 52829 42 53341 42 53855 38 54367 38 54879 38 55393 32 55905 32 56421 20 56933 20 57445 20 57961 8 58473 8
7bdb668e6127b7eafc837a883f0648002bd063c736f55a4f673e787250a3fb04,300633 20 301145 20 301657 20 302165 30 302677 30 303185 36 303697 36 304209 36 304719 40 305231 40 305743 42 306255 42 306767 42 307279 42 307791 42 308303 44 308815 44 309327 44 309839 44 310351 44 310863 44 311375 44 311887 44 312401 42 312913 42 313425 40 313937 40 314449 40 314963 38 315475 38 315987 36 316499 36 317011 36 317527 30 318039 30 318555 16 319067 16 319579 16
7bdb668e6127b7eafc837a883f0648002bd063c736f55a4f673e787250a3fb04,200829 2 201341 2 201853 2 202361 12 202873 12 203383 16 203895 16 204407 16 204919 18 205431 18 205943 20 206455 20 206967 20 207479 20 207991 20 208503 20 209015 20 209527 20 210041 18 210553 18 211067 16 211579 16 212091 16 212603 16 213115 16 213629 12 214141 12 214653 12 215167 8 215679 8 216193 4 216705 4 217217 4
7bdb668e6127b7eafc837a883f0648002bd063c736f55a4f673e787250a3fb04,76013 4 76525 4 77035 8 77547 8 78059 8 78571 16 79083 16 79595 16 80107 16 80619 16 81133 16 81645 16 82163 10 82675 10 83187 10 83701 6 84213 6 84725 4 85237 4 85749 4
7bdb668e6127b7eafc837a883f0648002bd063c736f55a4f673e787250a3fb04,121621 2 122133 2 122645 2 123149 16 123661 16 124169 22 124681 22 125193 22 125701 28 126213 28 126725 32 127237 32 127749 32 128259 36 128771 36 129283 38 129795 38 130307 38 130819 40 131331 40 131843 42 132355 42 132867 42 133377 46 133889 46 134403 48 134915 48 135427 48 135939 50 136451 50 136965 50 137477 50 137989 50 138501 52 139013 52 139527 52 140039 52 140551 52 141063 52 141575 52 142089 50 142601 50 143113 50 143627 46 144139 46 144653 42 145165 42 145677 42 146193 34 146705 34
7bdb668e6127b7eafc837a883f0648002bd063c736f55a4f673e787250a3fb04,300827 2 301339 2 301851 2 302361 6 302873 6 303385 6 303897 6 304409 6 304919 8 305431 8 305943 8 306455 8 306967 8 307479 8 307991 8 308503 6 309015 6 309527 6 310039 6 310551 6 311063 6 311575 6 312087 6 312597 6 313109 6 313621 4 314133 4 314645 4 315155 6 315667 6 316181 2 316693 2 317205 2
7bdb668e6127b7eafc837a883f0648002bd063c736f55a4f673e787250a3fb04,307491 2 308003 2 308515 2 309027 2 309539 2
7bdb668e6127b7eafc837a883f0648002bd063c736f55a4f673e787250a3fb04,152385 20 152897 20 153409 20 153917 28 154429 28 154941 32 155453 32 155965 32 156477 34 156989 34 157501 36 158013 36 158525 36 159037 36 159549 36 160063 34 160575 34 161087 34 161599 34 162111 34 162625 30 163137 30 163649 30 164163 24 164675 24 165191 18 165703 18 166215 18
7bdb668e6127b7eafc837a883f0648002bd063c736f55a4f673e787250a3fb04,269127 2 269639 2 270147 12 270659 12 271171 12 271681 20 272193 20 272703 22 273215 22 273727 22 274239 24 274751 24 275263 24 275775 24 276287 24 276801 24 277313 24 277827 22 278339 22 278851 22 279365 18 279877 18 280393 10 280905 10 281417 10
7bdb668e6127b7eafc837a883f0648002bd063c736f55a4f673e787250a3fb04,4501 18 5013 18 5521 30 6033 30 6541 36 7053 36 7565 36 8077 40 8589 40 9099 46 9611 46 10123 46 10635 46 11147 46 11657 50 12169 50 12681 50 13193 50 13705 50 14217 52 14729 52 15241 52 15751 54 16263 54 16773 56 17285 56 17797 56 18309 56 18821 56 19333 54 19845 54 20357 54 20867 56 21379 56 21891 56 22403 56 22915 56 23429 52 23941 52 24453 52 24965 52 25477 52 25991 48 26503 48 27015 48 27527 46 28039 46 28553 40 29065 40 29577 40 30091 26 30603 26 31119 16 31631 16 32143 16 32659 10 33171 10
7bdb668e6127b7eafc837a883f0648002bd063c736f55a4f673e787250a3fb04,241059 4 241571 4 242075 18 242587 18 243099 18 243609 22 244121 22 244633 28 245145 28 245657 28 246165 36 246677 36 247181 46 247693 46 248205 46 248713 52 249225 52 249735 54 250247 54 250759 54 251271 56 251783 56 252295 56 252807 56 253319 56 253831 56 254343 56 254855 56 255367 56 255879 56 256391 56 256903 56 257415 56 257927 56 258439 56 258949 56 259013 14 259461 56 259525 14 259973 56 260033 20 260485 56 260545 20 260997 56 261057 20 261509 84 262021 84 262535 84 263047 84 263559 84 264071 86 264583 86 265097 84 265609 84 266121 84 266633 86 267145 86 267659 50 267711 32 268171 50 268223 32 268683 50 268735 32 269195 48 269249 30 269707 48 269761 30 270219 48 270275 26 270731 48 270787 26 271243 48 271299 26 271757 46 271815 22 272269 46 272327 22 272783 46 272843 16 273295 46 273355 16 273807 46 273867 16 274321 42 274833 42 275349 38 275861 38 276373 38 276889 32 277401 32 277919 2 277927 16 278431 2 278439 16 278943 2 278951 16 279471 6 279983 6
7bdb668e6127b7eafc837a883f0648002bd063c736f55a4f673e787250a3fb04,177059 2 177571 2 178071 22 178583 22 179095 22 179603 28 180115 28 180625 44 181137 44 181649 44 182159 50 182671 50 183181 54 183693 54 184205 54 184715 58 185227 58 185737 60 186249 60 186761 60 187273 62 187785 62 188297 62 188809 62 189321 62 189835 62 190347 62 190861 60 191373 60 191885 60 192397 60 192909 60 193421 58 193933 58 194445 58 194957 58 195469 58 195979 58 196491 58 197003 58 197517 56 198029 56 198541 54 199053 54 199565 54 200079 52 200591 52 201103 50 201615 50 202127 50 202643 44 203155 44 203669 40 204181 40 204693 40 205207 36 205719 36 206235 30 206747 30 207259 30 207773 24 208285 24 208797 22 209309 22 209821 22 210337 14 210849 14
7bdb668e6127b7eafc837a883f0648002bd063c736f55a4f673e787250a3fb04,318881 6 319393 6 319905 6 320413 16 320925 16 321435 20 321947 20 322459 20 322969 24 323481 24 323993 24 324505 24 325017 24 325529 24 326041 24 326553 24 327065 24 327577 24
7bdb668e6127b7eafc837a883f0648002bd063c736f55a4f673e787250a3fb04,288163 4 288675 4 289187 4 289699 4 290211 4
7bdb668e6127b7eafc837a883f0648002bd063c736f55a4f673e787250a3fb04,18387 18 18407 2 18411 2 18415 2 18899 18 18919 2 18923 2 18927 2 19407 40 19919 40 20431 40 20939 48 21451 48 21963 50 22475 50 22987 50 23497 52 24009 52 24521 54 25033 54 25545 54 26057 54 26569 54 27081 54 27593 54 28105 54 28619 52 29131 52 29643 52 30155 52 30667 52 31179 50 31691 50 32203 50 32717 48 33229 48 33743 44 34255 44 34767 44 35281 42 35793 42 36309 34 36821 34 37333 34 37849 28 38361 28 38879 16 39391 16 39903 16
7bdb668e6127b7eafc837a883f0648002bd063c736f55a4f673e787250a3fb04,233465 8 233977 8 234485 12 234997 12 235509 12 236019 14 236531 14 237041 16 237553 16 238065 16 238573 20 239085 20 239595 22 240107 22 240619 22 241129 24 241641 24 242153 24 242665 24 243177 24 243689 24 244201 24 244715 8 245227 8 245739 8
a984e7fb886aa02e29d112766d3ce26a4f78eac540ce7bbdbd42af2761928f6d,5 10 522 14 1041 14 1560 12 2079 12 2598 12 3117 12 3634 14 4153 14 4672 14 5191 14 5710 12 6229 12 6748 12 7267 12 7786 12 8305 10 8824 10 9343 10 9862 8 10383 6
a984e7fb886aa02e29d112766d3ce26a4f78eac540ce7bbdbd42af2761928f6d,41006 6 41523 10 42042 10 42561 10 43080 10 43599 10 44120 8 44639 6 45158 6 45677 6 46196 6 46715 4 47234 6 47751 8 48270 10 48787 12 49306 12 49825 12 50344 10 50863 10 51382 10 51901 10 52422 8 52943 6 53462 8 53981 10 54500 10 55019 10 55538 10 56057 8 56578 6 57097 4
a984e7fb886aa02e29d112766d3ce26a4f78eac540ce7bbdbd42af2761928f6d,60213 8 60732 10 61249 14 61766 18 62285 18 62804 18 63323 18 63842 18 64361 18 64880 18 65399 20 65918 22 66437 22 66954 26 67473 28 67994 26 68513 28 69032 28 69551 28 70070 30 70589 30 71108 30 71627 30 72146 30 72665 30 73184 30 73703 30 73738 6 74222 41 74741 41 75260 43 75779 43 76300 43 76819 43 77338 43 77857 43 78378 41 78897 41 79416 41 79935 41 80456 39 80977 35 81496 31 82017 27 82536 25 83057 18
a984e7fb886aa02e29d112766d3ce26a4f78eac540ce7bbdbd42af2761928f6d,82005 6 82524 6
a984e7fb886aa02e29d112766d3ce26a4f78eac540ce7bbdbd42af2761928f6d,27520 4 28039 6 28556 10 29075 12 29594 12 30113 12 30632 12 31153 10 31672 10 32191 12 32710 12 33229 12 33750 8 34269 8 34788 8 35307 8 35828 6
a984e7fb886aa02e29d112766d3ce26a4f78eac540ce7bbdbd42af2761928f6d,25 8 48 16 542 12 565 20 1061 12 1084 18 1580 12 1605 16 2101 10 2124 16 2620 10 2643 14 3137 12 3162 14 3656 12 3681 14 4177 10 4198 18 4696 10 4717 18 5215 12 5236 16 5734 12 5757 14 6253 12 6276 14 6770 14 6795 14 7287 16 7314 14 7804 18 7833 14 8323 18 8352 14 8842 18 8871 12 9363 19 9392 10 9882 19 9913 6 10401 19 10432 6 10922 17 10949 8 11441 19 11462 14 11962 35 12483 33 13002 33 13523 31 14042 31 14563 29 15082 27 15601 21 16122 17 16641 17 17164 13 17683 13 18205 10
a984e7fb886aa02e29d112766d3ce26a4f78eac540ce7bbdbd42af2761928f6d,39469 4 39986 8 40505 8 41024 8 41543 10 42062 10 42581 10 43100 10 43619 10 44138 10 44657 10 45178 8 45697 8
a984e7fb886aa02e29d112766d3ce26a4f78eac540ce7bbdbd42af2761928f6d,49849 6 50366 17 50887 15 51406 17 51925 17 52444 17 52965 15 53484 15 54005 13 54524 13 55043 13 55562 13 56083 13 56602 13 57121 13 57640 13 58159 13 58678 13 59199 11 59718 11 60239 9 60760 5
a984e7fb886aa02e29d112766d3ce26a4f78eac540ce7bbdbd42af2761928f6d,23903 8 24422 8 24939 8 25458 10 25977 13 26496 15 27015 15 27542 7 28063 5 28582 5 29101 5
a984e7fb886aa02e29d112766d3ce26a4f78eac540ce7bbdbd42af2761928f6d,31709 4 32224 12 32743 14 33260 16 33779 16 34298 18 34817 18 35336 18 35853 20 36372 20 36891 20 37410 20 37929 20 38448 20 38967 18 39486 18 40007 16 40526 16 41047 14 41570 10 42089 10 42608 10 43129 10 43650 8 44167 10 44686 10 45205 10 45724 10 46243 10 46760 12 47279 12 47794 16 48313 16 48830 16 49351 14 49870 14 50393 10 50912 10 51435 4
a984e7fb886aa02e29d112766d3ce26a4f78eac540ce7bbdbd42af2761928f6d,54034 8 54054 4 54551 12 54573 4 55070 12 55092 4 55589 12 55609 6 56106 16 56126 8 56625 30 57144 30 57663 30 58182 30 58701 30 59220 30 59739 30 60258 30 60777 30 61296 30 61813 32 62332 32 62851 32 63370 32 63887 34 64406 22 64430 10 64925 20 64949 10 65444 20 65468 10 65963 16 65987 10 66482 14 66506 10 67001 14 67025 8 67520 14 67546 6 68039 14 68065 6 68558 14 68584 6 69077 14 69101 10 69596 14 69620 10 70115 14 70141 6 70636 12 70660 6 71155 12 71181 4 71674 12 72193 12 72714 10 73233 10 73754 6
a984e7fb886aa02e29d112766d3ce26a4f78eac540ce7bbdbd42af2761928f6d,6833 6 7350 10 7869 12 8388 12 8907 12 9424 14 9943 14 10462 16 10981 16 11500 16 12019 16 12538 16 13057 16 13576 16 14095 16 14612 18 15131 18 15650 18 16169 18 16688 18 17207 18 17726 18 18245 18 18764 18 19283 18 19802 18 20321 18 20840 18 21359 18 21878 18 22397 18 22916 18 23437 16 23956 16 24475 16 24994 16 25513 16 26030 16 26549 16 27058 26 27575 28 28092 32 28611 6 28623 20 29128 8 29144 18 29647 6 29663 18 30164 6 30182 16 30683 4 30701 16 31200 6 31220 14 31721 2 31739 14 32258 14 32777 14 33296 14 33815 14 34334 14 34853 12 35374 10 35893 8 36414 4
a984e7fb886aa02e29d112766d3ce26a4f78eac540ce7bbdbd42af2761928f6d,72726 8 72740 2 73247 8 73257 4 73766 14 74283 16 74800 18 75319 18 75838 18 76357 18 76876 16 77395 16 77914 16 78433 16 78952 18 79471 18 79990 18 80509 18 81028 18 81547 18 82066 18 82585 18 83106 16
a984e7fb886aa02e29d112766d3ce26a4f78eac540ce7bbdbd42af2761928f6d,49922 4 50439 8 50956 10 51475 12 51994 12 52513 12 53032 12 53551 12 54070 12 54587 14 55106 14 55625 14 56144 14 56663 14 57182 14 57701 14 58220 14 58739 14 59258 14 59777 14 60296 12 60815 12 61334 12 61853 12 62372 12 62891 14 63410 14 63929 12 64448 12 64967 12 65486 14 66005 14 66524 14 67043 14 67562 14 68081 14 68600 14 69119 14 69638 14 70157 14 70676 14 71195 12 71714 12 72233 12 72752 12 73271 12 73790 12 74309 14 74828 12 75347 12 75866 14 76385 12 76906 10 77425 8 77944 6 78465 2
a984e7fb886aa02e29d112766d3ce26a4f78eac540ce7bbdbd42af2761928f6d,30210 9 30727 11 31244 15 31763 15 32282 15 32299 4 32801 21 33320 23 33839 23 34358 23 34877 25 35396 25 35917 23 36440 21 36959 21 37478 21 38000 16 38519 18 39038 18 39557 16 40076 16 40595 16 41114 18 41633 18 42152 18 42671 16 43190 16 43709 16 44228 16 44747 16 45266 16 45785 16 46304 14 46823 14 47342 14 47863 10 48382 10 48901 10 49420 8 49941 4
a984e7fb886aa02e29d112766d3ce26a4f78eac540ce7bbdbd42af2761928f6d,11022 4 11539 8 12056 12 12575 12 13092 16 13611 16 14130 18 14649 18 15168 18 15687 20 16206 20 16725 20 17244 22 17763 22 18282 22 18801 24 19318 26 19835 28 20354 28 20873 28 21389 31 21908 31 22427 29 22946 11 22959 16 23465 11 23480 14 23984 11 23999 16 24503 31 25025 30 25544 28 26063 26 26584 24 27105 22 27624 22 28145 20 28664 20 29187 16 29710 12 30229 12 30748 12 31267 4
a984e7fb886aa02e29d112766d3ce26a4f78eac540ce7bbdbd42af2761928f6d,119 10 636 14 1155 14 1674 14 2193 16 2712 16 3231 16 3750 16 4269 16 4788 16 5307 16 5826 16 6345 14 6866 12 7387 8 7908 6
a984e7fb886aa02e29d112766d3ce26a4f78eac540ce7bbdbd42af2761928f6d,61359 2
a984e7fb886aa02e29d112766d3ce26a4f78eac540ce7bbdbd42af2761928f6d,74873 4 75390 10 75909 12 76428 16 76947 20 77466 22 77985 22 78504 24 79023 24 79540 28 80059 28 80578 28 81097 28 81616 28 82135 28 82654 28 83175 24
a984e7fb886aa02e29d112766d3ce26a4f78eac540ce7bbdbd42af2761928f6d,32832 4 33351 4 33870 4 34391 2
a984e7fb886aa02e29d112766d3ce26a4f78eac540ce7bbdbd42af2761928f6d,18833 6 19350 8 19869 10 20388 10 20907 10 21426 10 21945 10 22462 12 22981 12 23500 12 24019 12 24538 12 25057 14 25578 12 26097 12 26616 12 27135 12 27656 10 28175 10 28696 8 29215 6 29736 4 30255 4 30774 6 31293 6 31812 6 32331 8 32850 8 33371 8 33888 10 34405 12 34924 10 35441 12 35960 12 36479 12 36998 12 37517 14 38036 14 38553 16 39072 14 39591 14 40110 16 40631 14 41150 14 41669 14 42188 14 42707 14 43228 12 43747 12 44266 12 44785 12 45304 12 45823 12 46342 12 46861 12 47380 12 47899 12 48418 12 48935 14 49454 14 49973 14 50492 14 51011 14 51532 12 52051 12 52570 12 53091 12 53610 12 54133 8 54652 8 55173 4
a984e7fb886aa02e29d112766d3ce26a4f78eac540ce7bbdbd42af2761928f6d,161 8 678 14 1195 16 1714 16 2233 16 2752 16 3271 14 3788 16 4307 16 4826 18 5345 18 5862 18 6381 18 6900 18 7419 18 7938 18 8457 16 8976 16 9495 14 10014 14 10533 14 11052 12 11571 12 12090 12 12609 12 13128 12 13647 10 14166 10 14685 10 15204 10 15723 8 16244 6 16763 4
a984e7fb886aa02e29d112766d3ce26a4f78eac540ce7bbdbd42af2761928f6d,27676 6 28195 6 28714 8 29233 6
a984e7fb886aa02e29d112766d3ce26a4f78eac540ce7bbdbd42af2761928f6d,30273 8 30792 10 31311 12 31830 12 32349 12 32868 12 33387 12 33906 14 34427 12 34948 10 35463 14 35982 14 36501 17 37020 17 37539 17 38058 17 38577 17 39096 17 39615 17 40134 17 40653 17 41174 17 41693 15 41714 4 42212 15 42233 6 42733 13 42752 8 43252 13 43271 8 43773 11 43792 8 44292 11 44311 8 44817 5 44832 6 45334 9 45351 8 45853 11 45870 8 46372 25 46891 25 47410 27 47929 11 47944 12 48448 11 48463 12 48967 13 48982 14 49486 13 49501 14 50007 11 50022 12 50531 2 50541 14 51050 2 51060 14 51569 4 51577 16 52088 6 52096 16 52607 24 53126 24 53645 24 54164 24 54683 24 55204 22 55723 22 56246 18 56767 14 57286 14
a984e7fb886aa02e29d112766d3ce26a4f78eac540ce7bbdbd42af2761928f6d,185 35 702 39 1221 39 1740 37 2259 37 2778 37 3297 37 3816 37 4335 35 4856 33 5378 30 5899 28 6418 28 6939 24 7462 18 7987 12 8508 8 9025 10 9540 16 10057 18 10574 20 11091 22 11610 24 12127 26 12646 26 13163 28 13679 31 14196 33 14715 33 15232 35 15751 35 16268 35 16787 35 16838 6 17306 33 17355 8 17825 35 17872 10 18344 35 18389 14 18863 37 18908 14 19380 39 19427 14 19899 39 19946 14 20418 39 20465 14 20937 39 20982 14 21456 39 21501 14 21977 39 22018 16 22496 57 23015 57 23534 57 24053 57 24572 57 25091 57 25610 55 26129 55 26648 55 27169 51 27690 49 28209 47 28728 47 29249 45 29768 45 30292 40 30811 40 31330 40 31849 38 32368 38 32887 38 33408 36 33927 34 34446 34 34967 28 35486 28 36007 24 36526 24 37045 24 37564 22 38083 22 38602 22 39121 20 39642 18 40161 16 40682 14 41205 8
a984e7fb886aa02e29d112766d3ce26a4f78eac540ce7bbdbd42af2761928f6d,46940 2 47455 8 47972 10 48491 10 49012 6 49531 6
a984e7fb886aa02e29d112766d3ce26a4f78eac540ce7bbdbd42af2761928f6d,75491 2 76010 2 76529 4 77046 6 77565 6 78084 6 78603 6 79122 4
a984e7fb886aa02e29d112766d3ce26a4f78eac540ce7bbdbd42af2761928f6d,41259 13 41774 19 42293 19 42810 23 43329 23 43848 25 44365 29 44884 29 45403 29 45922 31 46439 33 46958 33 47477 33 47996 35 48515 35 49034 35 49553 35 50072 37 50591 35 51110 35 51629 37 52148 37 52667 37 53188 35 53707 35 54226 35 54745 35 55264 17 55283 16 55783 15 55802 16 56302 15 56319 16 56821 13 56836 18 57340 13 57355 18 57861 8 57874 18 58380 8 58393 18 58901 27 59420 27 59939 27 60458 27 60977 27 61498 27 62015 31 62534 31 63053 31 63574 31 64089 35 64606 37 65123 39 65642 37 66161 37 66680 35 67197 37 67716 37 68233 29 68264 6 68752 27 68783 6 69271 29 69304 6 69788 31 69823 6 70307 31 70342 6 70824 33 70863 4 71343 35 71382 4 71860 37 71899 8 72379 47 72896 49 73415 39 73456 8 73936 35 73975 8 74455 4 74461 27 74496 2 74980 27 75013 4 75499 25 75532 2 76020 25 76541 23 77062 21 77583 21 78106 17 78625 17 79144 15 79665 13 80184 11 80705 7 81224 7
a984e7fb886aa02e29d112766d3ce26a4f78eac540ce7bbdbd42af2761928f6d,285 24 757 4 802 26 1276 6 1321 26 1795 6 1840 26 2316 6 2359 26 2835 14 2880 22 3354 16 3399 22 3873 18 3918 22 4392 20 4437 20 4913 21 4954 20 5432 23 5473 20 5953 29 5990 22 6472 57 6993 55 7514 51 8033 51 8554 47 9073 31 9112 4 9596 27 10124 18 10636 2 10643 18 11151 37 11668 39 12187 39 12706 39 13223 41 13740 41 14259 41 14778 37 15297 37 15816 37 16335 37 16854 37 17373 37 17892 21 17915 14 18411 19 18434 14 18930 19 18955 12 19449 19 19474 14 19968 17 19993 14 20487 17 20512 14 21008 15 21033 10 21527 15 21552 8 22048 13 22569 8 23088 6
a984e7fb886aa02e29d112766d3ce26a4f78eac540ce7bbdbd42af2761928f6d,78617 2 79134 6 79653 6 80172 6 80689 8 81208 8 81723 10 82242 10 82761 10 83282 6
a984e7fb886aa02e29d112766d3ce26a4f78eac540ce7bbdbd42af2761928f6d,66725 6 67242 8 67759 12 68278 14 68797 14 69318 12 69837 12 70358 8 70877 6 71396 6 71915 6 72434 6 72953 4 73472 4 73989 4 74506 6 75023 8 75542 8 76059 10 76574 14 77093 16 77612 16 78131 16 78650 16 79171 14 79692 10 80211 10 80734 2
a984e7fb886aa02e29d112766d3ce26a4f78eac540ce7bbdbd42af2761928f6d,18985 8 19504 8 20021 12 20540 12 21059 12 21578 14 22097 14 22616 14 23135 14 23654 14 24173 14 24692 14 25213 12 25732 12 26251 12 26770 12 27289 14 27808 14 28327 14 28846 14 29365 14 29884 14 30403 14 30922 14 31441 14 31960 14 32479 16 32998 16 33517 14 34034 16 34553 18 35072 18 35591 18 36110 16 36629 16 37148 16 37667 14 38186 12 38705 12 39224 12 39741 14 40260 14 40779 12 41298 12 41819 10 42338 10 42859 6 43378 4
a984e7fb886aa02e29d112766d3ce26a4f78eac540ce7bbdbd42af2761928f6d,49612 2 50129 8 50646 10 51165 10 51684 10 52203 10 52722 10 53241 10 53760 10 54279 10 54798 10 55319 8 55838 8 56357 8 56876 10 57395 16 57916 14 58435 12 58954 12 59473 14 59992 14 60511 14 61030 14 61549 14 62070 12 62589 12 63108 12 63627 12 64148 12 64667 12 65186 16 65705 16 66226 14 66745 12 67264 12 67783 12 68302 12 68821 12 69340 12 69859 14 70378 14 70895 16 71414 16 71931 18 72450 18 72969 16 73488 16 74007 14 74526 14 75045 14 75566 12 76085 12 76604 12 77125 12 77644 12 78163 12 78682 12 79203 12 79722 12 80241 12 80762 12 81281 12 81802 10 82321 12 82840 12 83361 10
a984e7fb886aa02e29d112766d3ce26a4f78eac540ce7bbdbd42af2761928f6d,81792 4 82309 10 82828 10 83347 8
a984e7fb886aa02e29d112766d3ce26a4f78eac540ce7bbdbd42af2761928f6d,19530 6 20047 13 20564 15 21083 17 21602 17 22119 21 22636 23 23155 23 23674 25 24193 25 24712 27 25231 12 25245 15 25750 12 25764 15 26267 14 26286 12 26786 14 26805 12 27305 14 27324 14 27826 12 27843 14 28345 10 28362 14 28866 10 28881 16 29385 10 29400 16 29904 10 29921 14 30423 10 30438 18 30944 6 30957 18 31473 21 31992 21 32503 27 33020 29 33539 31 34060 29 34579 29 35098 29 35617 29 36134 29 36653 29 37172 29 37691 27 38212 23 38729 23 39242 27 39759 27 40280 25 40799 25 41320 23 41841 23 42360 23 42877 25 43396 25 43913 27 44432 27 44953 25 45472 25 45993 23 46510 25 46567 8 47029 25 47084 14 47550 23 47603 16 48069 12 48084 8 48120 20 48588 12 48603 8 48639 20 49109 21 49156 24 49628 21 49673 24 50147 21 50192 24 50668 21 50711 24 51187 21 51230 16 51248 8 51706 21 51749 12 51767 8 52227 19 52268 12 52286 8 52748 21 52787 12 52805 8 53269 19 53306 12 53324 8 53797 12 53825 12 53843 8 54314 14 54344 14 54362 8 54818 29 54865 12 54879 10 55335 33 55386 10 55400 6 55856 31 55905 10 55919 6 56377 31 56424 10 56440 4 56904 23 56943 12 56959 4 57423 23 57462 12 57480 2 57942 23 57981 12 57995 6 58461 23 58502 18 58980 5 58991 14 59023 18 59499 5 59510 14 59542 16 60016 9 60029 14 60061 16 60531 15 60550 12 60582 12 61052 13 61069 12 61103 10 61575 9 61588 12 61610 6 61620 12 62097 6 62107 10 62127 26 62616 6 62624 12 62644 26 63132 23 63163 26 63651 21 63682 26 64173 8 64183 6 64201 16 64692 6 64704 4 64718 18 65221 8 65237 20 65736 14 65754 14 65772 4 66255 14 66275 12 66291 4 66772 16 66796 8 66810 6 67291 16 67315 8 67329 6 67810 16 67846 10 68329 16 68365 10 68848 14 68884 10 69369 12 69403 10 69888 14 69922 10 70407 14 70435 18 70926 18 70946 26 71445 46 71964 46 72483 48 73002 16 73024 26 73521 16 73543 26 74040 16 74062 26 74559 16 74583 24 75078 16 75102 24 75599 12 75623 22 76118 12 76142 22 76639 10 76663 20 77160 4 77182 6 77190 10 77701 4 77709 10 78220 6 78230 8 78741 4 78749 8 79260 16 79779 16 80300 14 80819 14 81340 10
a984e7fb886aa02e29d112766d3ce26a4f78eac540ce7bbdbd42af2761928f6d,321 12 838 17 1357 17 1876 17 2393 19 2912 19 3431 19 3950 19 4469 19 4988 16 5507 16 6026 16 6545 16 7064 16 7583 16 8104 14 8623 14 9142 14 9663 10 10182 8 10703 4
a984e7fb886aa02e29d112766d3ce26a4f78eac540ce7bbdbd42af2761928f6d,362 32 879 36 1398 36 1919 32 2428 4 2434 36 2945 44 3464 42 3981 44 4500 42 5017 40 5534 38 6053 36 6572 36 7091 36 7610 38 8129 38 8650 38 9169 38 9688 38 10209 38 10728 38 11247 38 11768 36 12287 38 12806 38 13323 40 13840 44 14357 46 14876 48 15395 52 15914 56 16435 56 16954 58 17473 20 17497 36 17992 6 18004 8 18018 34 18511 6 18523 10 18537 22 18563 10 19030 6 19040 12 19058 20 19084 11 19549 8 19559 12 19577 20 19603 11 20070 6 20078 14 20098 18 20122 13 20589 6 20597 14 20619 16 20641 13 21110 20 21144 10 21162 13 21627 22 21667 6 21681 13 22148 22 22186 6 22198 17 22667 22 22707 29 23186 22 23226 29 23707 28 23747 29 24226 20 24248 6 24268 29 24745 22 24787 31 25266 20 25306 31 25785 20 25827 31 26306 18 26346 31 26825 18 26867 29 27344 18 27386 31 27863 18 27905 31 28384 16 28426 31 28903 16 28947 29 29424 14 29466 29 29943 16 29987 27 30464 14 30508 27 30983 14 31027 27 31502 14 31546 27 32021 14 32067 25 32542 12 32586 27 33061 12 33105 27 33580 10 33627 24 34099 10 34146 24 34616 12 34665 26 35137 10 35186 24 35656 10 35707 22 36175 10 36226 22 36694 8 36747 18 37213 8 37268 16 37728 10 37789 14 38243 14 38310 12 38762 14 38831 8 39277 18 39796 18 40313 20 40834 18 41353 18 41872 18 42391 18 42912 14 43433 12 43954 10 44473 8
a984e7fb886aa02e29d112766d3ce26a4f78eac540ce7bbdbd42af2761928f6d,81837 4 82352 20 82871 20 83390 18
a984e7fb886aa02e29d112766d3ce26a4f78eac540ce7bbdbd42af2761928f6d,68347 6 68866 6
a984e7fb886aa02e29d112766d3ce26a4f78eac540ce7bbdbd42af2761928f6d,76691 8 77210 10 77727 12 78248 13 78767 13 79286 13 79803 17 80322 17 80841 17 81360 17 81877 19 82394 21 82913 21 83434 19
a984e7fb886aa02e29d112766d3ce26a4f78eac540ce7bbdbd42af2761928f6d,52834 6 53351 10 53868 12 54387 12 54903 15 55422 15 55941 13 56460 13 56979 13 57501 10 58022 8 58541 8 59062 4
a984e7fb886aa02e29d112766d3ce26a4f78eac540ce7bbdbd42af2761928f6d,41947 10 42464 14 42983 14 43502 14 44019 18 44538 18 45055 22 45574 22 46093 24 46612 24 47131 24 47650 26 48169 28 48690 26 49209 26 49728 26 50247 28 50766 28 51285 28 51806 26 52325 26 52846 24 53365 24 53884 24 54405 22 54924 22 55443 22 55962 22 56483 20 57002 22 57521 22 58042 20 58561 20 59082 20 59601 20 60122 18 60645 12 61166 8
a984e7fb886aa02e29d112766d3ce26a4f78eac540ce7bbdbd42af2761928f6d,65853 6 66370 8 66887 12 67406 12 67923 16 68442 16 68961 16 69482 14 70001 14 70520 16 71039 16 71558 16 72077 16 72596 16 73115 16 73634 16 74153 16 74672 16 75191 16 75710 18 76229 18 76750 16 77269 16 77788 16 78307 16 78826 16 79347 14 79866 14 80385 14 80904 14 81425 12 81944 12 82463 14 82982 14 83503 10
a984e7fb886aa02e29d112766d3ce26a4f78eac540ce7bbdbd42af2761928f6d,6689 2 7204 10 7723 12 8242 14 8761 14 9280 16 9801 16 10320 18 10839 18 11360 18 11879 18 12400 16 12919 16 13442 12 13965 4
a984e7fb886aa02e29d112766d3ce26a4f78eac540ce7bbdbd42af2761928f6d,34723 4 35240 8 35759 8 36278 8 36797 8 37318 6 37839 4 38358 6 38879 4 39398 6 39917 6 40438 4
a984e7fb886aa02e29d112766d3ce26a4f78eac540ce7bbdbd42af2761928f6d,72138 4 72655 6 73172 8 73691 8 74210 8 74727 10 75246 10 75763 12 76282 12 76799 14 77318 14 77835 16 78354 16 78873 14 79390 16 79909 14 80426 16 80945 16 81464 16 81983 16 82500 16 83019 16 83538 14
a984e7fb886aa02e29d112766d3ce26a4f78eac540ce7bbdbd42af2761928f6d,53969 8 54484 12 55003 12 55520 14 56037 16 56556 16 57073 18 57592 18 58111 18 58630 18 59149 18 59666 20 60185 20 60704 20 61223 20 61742 20 62261 20 62780 20 63299 20 63818 20 64337 20 64856 20 65375 20 65896 18 66415 18 66936 16 67457 14 67982 8
a984e7fb886aa02e29d112766d3ce26a4f78eac540ce7bbdbd42af2761928f6d,504 8 1023 8 1544 4
a984e7fb886aa02e29d112766d3ce26a4f78eac540ce7bbdbd42af2761928f6d,9850 4 10367 8 10886 10 11403 12 11922 12 12441 12 12960 14 13479 14 13998 14 14517 16 15036 16 15555 16 16074 16 16593 16 17112 16 17631 16 18150 16 18669 16 19190 14 19709 14 20230 12 20749 12 21268 12 21789 10 22308 10 22827 10 23346 10 23865 10 24384 10 24905 8 25424 8 25943 8 26462 8 26981 8 27502 6 28023 4 28544 2
a984e7fb886aa02e29d112766d3ce26a4f78eac540ce7bbdbd42af2761928f6d,33732 4 34251 4 34770 4 35289 4 35808 4 36327 4
697a05c6fe4a07c601d46da80885645ad574ea19b47ee795ccff216c9f1f1808,42255 8 42509 12 42764 15 43018 19 43273 20 43528 22 43783 23 44038 25 44293 26 44549 26 44804 28 45060 28 45315 30 45571 30 45827 31 46083 31 46339 31 46595 31 46851 30 47107 30 47362 33 47618 3 47623 29 47873 4 47880 29 48129 4 48136 30 48385 4 48393 29 48641 3 48650 28 48897 3 48907 28 49153 3 49164 27 49409 3 49420 27 49665 3 49678 25 49921 2 49939 20 50177 1 50196 19 50433 1 50452 19 50708 19 50964 19 51220 19 51476 18 51732 18 51988 17 52245 16 52502 14 52760 10
697a05c6fe4a07c601d46da80885645ad574ea19b47ee795ccff216c9f1f1808,52232 3 52485 10 52740 12 52995 14 53251 14 53506 16 53761 18 54017 18 54273 18 54529 18 54785 18 55041 17 55297 17 55553 15 55809 13 56065 12 56321 12 56577 12 56833 13 57089 13 57345 13 57601 13 57857 13 58113 13 58369 13 58625 12 58881 11 59137 11 59393 10 59649 10 59905 10 60161 10 60417 9 60673 9 60929 7
697a05c6fe4a07c601d46da80885645ad574ea19b47ee795ccff216c9f1f1808,63243 6 63496 12 63751 14 64006 16 64261 18 64516 19 64772 20 65027 20 65283 20
697a05c6fe4a07c601d46da80885645ad574ea19b47ee795ccff216c9f1f1808,21018 3 21268 11 21520 17 21775 19 22031 20 22287 20 22543 20 22799 21 23055 21 23311 21 23566 22 23822 22 24078 22 24333 23 24589 23 24845 23 25102 21 25359 20 25615 18 25872 14 26129 11
697a05c6fe4a07c601d46da80885645ad574ea19b47ee795ccff216c9f1f1808,55837 3 56091 8 56347 9 56602 10 56858 9 57113 10 57369 8 57390 5 57625 7 57643 8 57877 11 57897 11 58132 12 58152 12 58388 12 58407 13 58644 13 58663 14 58900 14 58918 16 59155 16 59174 17 59411 16 59429 18 59666 37 59921 39 60177 39 60433 39 60689 40 60945 18 60965 20 61201 17 61222 18 61458 16 61479 17 61714 16 61735 17 61971 14 61992 15 62229 12 62249 12 62487 10 62506 9 62745 7 62764 4
697a05c6fe4a07c601d46da80885645ad574ea19b47ee795ccff216c9f1f1808,26655 5 26909 9 27164 12 27414 19 27669 22 27924 23 28180 24 28436 25 28692 25 28948 25 29205 24 29461 24 29717 23 29973 23 30229 23 30485 22 30741 22 30997 21 31253 20 31510 19 31766 18 32023 16 32279 15
697a05c6fe4a07c601d46da80885645ad574ea19b47ee795ccff216c9f1f1808,42025 7 42280 12 42535 14 42790 15 43046 16 43300 18 43556 18 43811 19 44068 18 44324 18 44581 17 44838 16 45095 14 45352 12 45609 10 45867 6
697a05c6fe4a07c601d46da80885645ad574ea19b47ee795ccff216c9f1f1808,63528 3 63539 4 63782 18 64037 20 64292 22 64548 22 64803 24 65059 24 65316 22
697a05c6fe4a07c601d46da80885645ad574ea19b47ee795ccff216c9f1f1808,47671 4 47925 7 48178 11 48433 12 48687 18 48943 19 49198 21 49454 22 49710 22 49966 21 50221 22 50477 22 50733 22 50989 21 51245 21 51500 22 51756 21 52012 20 52268 19 52524 18 52781 16 53037 15 53294 12 53550 11 53808 6
697a05c6fe4a07c601d46da80885645ad574ea19b47ee795ccff216c9f1f1808,53057 4 53311 7 53567 9 53822 11 54077 13 54333 13 54588 15 54843 16 55098 18 55354 18 55610 19 55866 19 56122 19 56378 20 56634 20 56890 20 57147 18 57403 18 57659 17 57915 16 58172 15 58193 2 58428 14 58448 6 58684 13 58703 8 58941 10 58955 13 59197 9 59207 17 59454 27 59712 25 59970 24 60226 24 60482 24 60738 24 60994 24 61250 23 61507 22 61763 21 62020 18 62276 17 62533 9 62790 6
697a05c6fe4a07c601d46da80885645ad574ea19b47ee795ccff216c9f1f1808,42320 2 42575 4 42831 4 43087 4 43343 4 43600 2
697a05c6fe4a07c601d46da80885645ad574ea19b47ee795ccff216c9f1f1808,64600 4 64853 8 65108 9 65364 9
697a05c6fe4a07c601d46da80885645ad574ea19b47ee795ccff216c9f1f1808,22630 3 22884 5 23136 10 23391 13 23645 17 23900 19 24155 20 24411 21 24666 22 24922 22 25178 22 25434 23 25690 24 25945 26 26202 24 26458 24 26715 23 26971 22 27228 20 27484 19 27741 17 27998 16 28255 13 28513 10 28776 2 29032 2 29287 4 29543 4 29799 3
697a05c6fe4a07c601d46da80885645ad574ea19b47ee795ccff216c9f1f1808,42587 7 42842 11 43097 13 43353 13 43609 13 43865 13 44121 14 44377 16 44633 16 44889 16 45145 16 45401 17 45657 17 45913 17 46169 17 46425 17 46448 2 46681 16 46701 6 46937 16 46955 9 47193 15 47211 9 47449 14 47466 10 47705 13 47721 12 47961 13 47977 12 48218 12 48232 13 48474 27 48731 26 48988 25 49245 23 49503 21 49760 19 50015 19 50270 19 50526 20 50782 20 51038 20 51294 20 51551 19 51807 18 52063 12 52320 9 52576 9 52833 7 53090 5
697a05c6fe4a07c601d46da80885645ad574ea19b47ee795ccff216c9f1f1808,55913 7 56168 9 56422 11 56678 11 56933 13 57188 14 57442 18 57694 23 57950 23 58206 23 58462 24 58721 22 58978 22 59234 22 59490 22 59746 22 60002 22 60258 21 60514 21 60771 20 61027 19 61284 18 61542 15 61799 12
697a05c6fe4a07c601d46da80885645ad574ea19b47ee795ccff216c9f1f1808,33643 9 33898 13 34153 16 34408 18 34663 20 34919 20 35175 20 35430 21 35686 22 35942 22 36198 22 36454 22 36711 21 36967 21 37223 20 37479 20 37736 18 37992 17 38249 15 38506 13 38763 11 39021 5
697a05c6fe4a07c601d46da80885645ad574ea19b47ee795ccff216c9f1f1808,62596 8 62851 10 63106 12 63361 14 63617 16 63872 17 64128 18 64384 18 64639 19 64896 18 65152 17 65408 17
697a05c6fe4a07c601d46da80885645ad574ea19b47ee795ccff216c9f1f1808,45703 6 45958 9 46213 12 46469 19 46492 5 46725 29 46981 29 47236 30 47490 31 47746 30 48002 30 48258 30 48514 30 48770 30 49026 31 49282 31 49538 32 49795 31 50051 32 50308 32 50565 31 50822 31 51079 30 51342 23 51599 22 51856 21 52113 20 52370 19 52632 12 52888 11 53145 9 53402 5
697a05c6fe4a07c601d46da80885645ad574ea19b47ee795ccff216c9f1f1808,20878 6 21132 10 21387 13 21642 15 21896 18 22152 18 22408 19 22663 21 22919 21 23175 21 23431 22 23688 21 23944 21 24200 21 24457 20 24712 21 24965 24 25220 24 25476 23 25732 22 25988 9 25999 10 26244 9 26256 8 26501 8 26513 6 26757 8 26770 5 27014 7 27026 4 27271 4 27283 2
697a05c6fe4a07c601d46da80885645ad574ea19b47ee795ccff216c9f1f1808,37785 5 38034 17 38286 24 38538 29 38792 32 39047 34 39303 35 39559 35 39814 36 40070 36 40326 37 40583 35 40839 35 41095 34 41352 33 41608 32 41864 32 42120 32 42377 30 42634 29 42890 29 43147 27 43405 24 43663 21 43920 17 44178 11
697a05c6fe4a07c601d46da80885645ad574ea19b47ee795ccff216c9f1f1808,58260 4 58513 9 58768 11 59024 12 59279 14 59534 16 59790 16 60045 17 60301 17 60557 17 60813 17 61069 17 61325 17 61582 15 61838 15 62096 12 62353 10 62611 7
697a05c6fe4a07c601d46da80885645ad574ea19b47ee795ccff216c9f1f1808,30628 3 30882 7 31137 9 31392 11 31647 13 31902 16 32158 17 32414 18 32669 20 32925 21 33181 21 33437 24 33693 26 33949 26 34205 26 34462 24 34718 20 34739 2 34975 17 35232 16 35488 15 35745 13 36002 11 36264 3
697a05c6fe4a07c601d46da80885645ad574ea19b47ee795ccff216c9f1f1808,54439 5 54693 10 54948 12 55203 14 55459 15 55714 16 55970 16 56226 16 56482 16 56738 17 56995 16 57251 15 57508 14 57765 12 58022 10 58279 6
697a05c6fe4a07c601d46da80885645ad574ea19b47ee795ccff216c9f1f1808,58799 4 59054 6 59306 11 59561 13 59816 14 60072 15 60327 16 60583 16 60839 16 61095 16 61351 16 61608 15 61865 14 62122 12 62379 10 62636 8 62894 4
697a05c6fe4a07c601d46da80885645ad574ea19b47ee795ccff216c9f1f1808,39090 3 39344 13 39599 14 39854 16 40109 17 40364 19 40620 19 40875 21 41131 21 41387 21 41643 20 41899 20 42156 19 42412 18 42669 17 42925 16 43182 14 43438 13 43695 11 43952 4
697a05c6fe4a07c601d46da80885645ad574ea19b47ee795ccff216c9f1f1808,49077 6 49333 8 49589 10 49845 11 50101 11 50357 12 50613 13 50868 14 51124 15 51379 16 51634 17 51890 18 52146 18 52403 16 52661 14 52918 13 53175 11 53432 10 53688 9 53946 6
697a05c6fe4a07c601d46da80885645ad574ea19b47ee795ccff216c9f1f1808,23999 3 24253 7 24507 10 24762 13 25017 14 25273 15 25528 16 25779 21 26035 21 26292 20 26549 19 26805 19 27061 20 27317 20 27573 20 27829 19 28086 17 28343 15 28600 12 28857 9 29114 6
697a05c6fe4a07c601d46da80885645ad574ea19b47ee795ccff216c9f1f1808,64184 7 64439 10 64694 13 64950 15 65206 15 65462 15
697a05c6fe4a07c601d46da80885645ad574ea19b47ee795ccff216c9f1f1808,51151 5 51404 10 51658 13 51913 15 52168 18 52424 22 52450 3 52680 24 52705 6 52936 31 53191 32 53448 31 53704 31 53960 31 54215 33 54470 35 54725 36 54979 38 55232 41 55486 43 55741 44 55997 44 56253 44 56509 44 56764 45 57020 45 57276 44 57532 44 57788 43 58045 41 58301 40 58558 25 58588 8 58814 25 59072 22 59330 19 59587 17 59844 15 60102 12 60360 9 60618 5
697a05c6fe4a07c601d46da80885645ad574ea19b47ee795ccff216c9f1f1808,43223 5 43477 9 43729 14 43977 1 43984 15 44227 9 44239 16 44482 11 44495 16 44737 12 44751 16 44993 13 45007 16 45248 14 45263 16 45503 31 45759 31 46015 16 46032 14 46271 15 46289 12 46526 17 46546 10 46783 15 46802 8 47039 16 47059 6 47295 16 47552 15 47808 15 48064 15 48320 15 48576 15 48833 13 49090 12 49347 10 49604 8
697a05c6fe4a07c601d46da80885645ad574ea19b47ee795ccff216c9f1f1808,36039 6 36293 10 36548 12 36803 14 37059 15 37314 17 37570 18 37826 18 38082 19 38338 19 38594 19 38851 18 39107 18 39363 18 39620 17 39876 17 40133 15 40390 14 40647 12 40904 10 41162 7
697a05c6fe4a07c601d46da80885645ad574ea19b47ee795ccff216c9f1f1808,16842 10 17096 14 17351 16 17606 18 17862 18 18117 20 18373 20 18628 22 18884 22 19140 22 19396 23 19652 24 19907 25 20163 21 20419 20 20675 19 20932 18 21188 17 21446 15 21705 11 21963 8 22222 1
697a05c6fe4a07c601d46da80885645ad574ea19b47ee795ccff216c9f1f1808,27856 3 28110 7 28365 10 28620 11 28875 13 29130 15 29384 17 29639 18 29894 18 30149 20 30405 20 30660 21 30916 22 31171 23 31427 23 31683 23 31939 23 32196 22 32452 22 32708 21 32965 20 33222 17 33479 15 33736 12 33995 8
697a05c6fe4a07c601d46da80885645ad574ea19b47ee795ccff216c9f1f1808,3529 3 3784 4 4039 7 4048 1 4295 14 4551 15 4807 16 5063 16 5319 17 5575 17 5831 18 6087 18 6343 18 6600 17 6856 17 7112 17 7368 17 7624 17 7881 16 8137 16 8393 15 8649 15 8906 13 9163 11 9421 6
697a05c6fe4a07c601d46da80885645ad574ea19b47ee795ccff216c9f1f1808,61397 3 61649 14 61902 18 62157 20 62412 21 62667 23 62923 23 63179 23 63434 24 63690 24 63946 24 64203 23 64459 24 64715 23 64972 22 65228 21 65485 20
697a05c6fe4a07c601d46da80885645ad574ea19b47ee795ccff216c9f1f1808,1263 3 1518 6 1534 1 1773 7 1785 7 2028 9 2040 9 2283 22 2538 23 2794 23 3037 5 3050 23 3291 7 3307 22 3546 9 3564 21 3803 9 3820 21 4059 12 4076 21 4315 13 4332 21 4570 15 4588 21 4826 16 4844 21 5082 16 5099 22 5338 16 5355 22 5594 39 5850 39 6106 39 6362 16 6379 22 6618 16 6636 21 6875 15 6892 21 7131 15 7149 4 7154 3 7158 1 7162 7 7387 14 7644 13 7901 11 8157 8 8416 2
697a05c6fe4a07c601d46da80885645ad574ea19b47ee795ccff216c9f1f1808,37602 3 37855 8 38110 10 38365 12 38621 12 38876 14 39132 14 39388 15 39643 16 39899 17 40155 17 40411 17 40667 17 40923 16 41180 15 41437 13 41694 11 41951 8 42209 3
697a05c6fe4a07c601d46da80885645ad574ea19b47ee795ccff216c9f1f1808,48352 4 48605 9 48860 11 49115 13 49371 14 49627 14 49883 14 50139 14 50396 13 50652 12 50910 9 51169 5 51427 1
697a05c6fe4a07c601d46da80885645ad574ea19b47ee795ccff216c9f1f1808,21732 4 21987 7 22242 10 22498 10 22754 11 23010 11 23266 11 23522 11 23778 11 24035 9 24291 9 24548 7 24806 3
697a05c6fe4a07c601d46da80885645ad574ea19b47ee795ccff216c9f1f1808,43498 7 43753 9 44007 11 44262 12 44517 13 44773 14 45029 14 45285 13 45541 12 45798 10
697a05c6fe4a07c601d46da80885645ad574ea19b47ee795ccff216c9f1f1808,11249 5 11502 11 11757 13 11774 1 12012 15 12029 3 12267 21 12523 21 12778 23 13033 24 13289 24 13545 24 13800 25 14056 25 14312 25 14568 25 14824 25 15080 25 15336 25 15593 24 15849 24 16105 24 16361 24 16617 24 16873 24 17129 24 17386 23 17641 24 17897 24 18153 24 18409 4 18416 17 18666 3 18672 17 18929 16 19187 14 19448 9 19705 8 19962 7 20219 1 20221 3 20477 3
697a05c6fe4a07c601d46da80885645ad574ea19b47ee795ccff216c9f1f1808,35055 4 35309 8 35565 8 35820 10 36076 10 36332 10 36588 10 36844 10 37101 9 37357 8 37614 6 37872 3
697a05c6fe4a07c601d46da80885645ad574ea19b47ee795ccff216c9f1f1808,50415 2 50670 4 50926 4 51182 4 51438 4
697a05c6fe4a07c601d46da80885645ad574ea19b47ee795ccff216c9f1f1808,51445 3 51699 7 51954 10 52209 12 52464 14 52720 15 52975 16 53231 17 53487 17 53742 18 53998 18 54254 18 54510 18 54766 18 55023 17 55279 16 55535 17 55791 17 56047 17 56303 17 56560 17 56816 17 57073 16 57329 16 57586 15 57842 15 58099 14 58357 12 58615 8
697a05c6fe4a07c601d46da80885645ad574ea19b47ee795ccff216c9f1f1808,59898 6 60151 10 60405 12 60659 14 60914 15 61170 15 61425 16 61680 16 61935 17 62191 17 62447 16 62703 17 62960 16 63217 16 63474 15 63731 14 63987 13 64243 14 64499 14 64755 14 65011 14 65268 13 65525 12
697a05c6fe4a07c601d46da80885645ad574ea19b47ee795ccff216c9f1f1808,43766 2 44021 3 44278 2
697a05c6fe4a07c601d46da80885645ad574ea19b47ee795ccff216c9f1f1808,33533 3 33786 6 34038 11 34294 11 34550 11 34807 10 35064 9 35320 9 35576 9 35832 9 36088 9 36344 9 36600 9 36856 9 37112 9 37368 9 37624 9 37881 8 38138 6 38396 4
697a05c6fe4a07c601d46da80885645ad574ea19b47ee795ccff216c9f1f1808,43516 5 43772 5 44028 5 44285 4 44541 4 44797 4 45053 4 45309 4 45566 3
f0d0ab13ff53adc3c4d57e95a5f83d80b06f2cbc0bf002b52cf7b496612e0ce4,318263 15 318783 15 319301 21 319821 21 320341 21 320859 25 321379 25 321899 25 322417 29 322937 29 323457 29 323977 31 324497 31 325015 35 325535 35 326055 35 326575 35 327095 35 327615 35 328135 35 328655 35 329175 35 329695 35 330215 35 330735 35 331255 35 331775 35 332295 35 332815 35 333335 35 333855 35 334375 35 334895 33 335415 33 335935 33 336457 31 336977 31 337497 31 338017 31 338537 31 339057 31 339579 29 340099 29 340619 29 341139 29 341659 29 342179 29 342699 29 343219 29 343741 25 344261 25 344783 23 345303 23 345823 23 346345 19 346865 19 347385 19 347907 15 348427 15 348947 15
f0d0ab13ff53adc3c4d57e95a5f83d80b06f2cbc0bf002b52cf7b496612e0ce4,60908 10 61428 10 61948 10 62466 14 62986 14 63504 18 64024 18 64544 18 65064 30 65584 30 66104 30 66626 37 67146 37 67666 39 68186 39 68706 39 69226 43 69746 43 70266 43 70788 43 71308 43 71828 43 72348 45 72868 45 73390 43 73910 43 74430 43 74952 43 75472 43 75992 43 76514 43 77034 43 77554 43 78074 43 78594 43 79116 41 79636 41 80156 41 80678 41 81198 41 81718 41 82242 35 82762 35 83284 33 83804 33 84324 33 84846 29 85366 29 85886 29 86410 23 86930 23 87450 23 87981 4 88501 4
f0d0ab13ff53adc3c4d57e95a5f83d80b06f2cbc0bf002b52cf7b496612e0ce4,247629 20 248149 20 248669 20 249183 30 249703 30 250216 39 250736 39 251256 39 251770 45 252290 45 252810 45 253326 49 253846 49 254364 51 254884 51 255404 51 255922 53 256442 53 256962 53 257480 53 258000 53 258520 53 259038 55 259558 55 260076 53 260596 53 261116 53 261634 53 262154 53 262674 53 263194 49 263714 49 264234 45 264754 45 265274 45 265796 37 266316 37 266836 37 267358 25 267878 25 268398 25
f0d0ab13ff53adc3c4d57e95a5f83d80b06f2cbc0bf002b52cf7b496612e0ce4,233654 18 234174 18 234692 24 235212 24 235732 24 236248 30 236768 30 237288 30 237806 36 238326 36 238846 38 239366 38 239886 38 240406 40 240926 40 241446 40 241966 42 242486 42 243006 42 243528 40 244048 40 244570 40 245090 40 245610 40 246132 38 246652 38 247172 38 247692 38 248212 38 248732 38 249252 36 249772 36 250294 34 250814 34 251334 34 251854 32 252374 32 252894 32 253416 28 253936 28 254458 24 254978 24 255498 24 256020 22 256540 22 257060 22 257584 14 258104 14 258624 14 259146 8 259666 8
f0d0ab13ff53adc3c4d57e95a5f83d80b06f2cbc0bf002b52cf7b496612e0ce4,195218 11 195738 11 196258 11 196776 15 197296 15 197816 15 198322 29 198842 29 199358 33 199401 12 199878 33 199921 12 200398 33 200441 12 200914 35 200959 16 201434 35 201479 16 201954 35 201999 16 202472 32 202515 22 202992 32 203035 22 203510 30 203551 26 204030 30 204071 26 204550 30 204591 26 205070 30 205106 31 205590 30 205626 31 206110 30 206146 31 206628 69 207148 69 207668 69 208188 69 208708 69 209228 69 209748 69 210268 69 210788 67 211308 67 211828 67 212350 65 212870 65 213390 65 213910 63 214430 63 214952 59 215472 59 215992 59 216514 55 217034 55 217554 55 218074 53 218594 53 219112 51 219632 51 220152 51 220670 51 221190 51 221710 51 222230 51 222750 51 223270 51 223790 51 224310 51 224830 49 225350 49 225870 49 226390 49 226910 49 227430 49 227952 47 228472 47 228994 43 229514 43 230034 43 230556 41 231076 41 231596 41 232120 35 232640 35 233160 35 233682 31 234202 31 234724 27 235244 27 235764 27 236284 25 236804 25 237324 25 237848 16 238368 16
f0d0ab13ff53adc3c4d57e95a5f83d80b06f2cbc0bf002b52cf7b496612e0ce4,261847 13 262367 13 262887 13 263405 17 263925 17 264443 19 264963 19 265483 19 266001 23 266521 23 267041 23 267559 25 268079 25 268599 25 269117 27 269637 27 270157 27 270677 27 271197 27 271715 27 272235 27 272755 27 273275 25 273795 25 274301 2 274315 16 274821 2 274835 16 275341 2 275355 16 275857 12 275873 12 276377 12 276393 12 276897 12 276913 12 277415 28 277935 28 278455 28 278973 30 279493 30 280013 30 280533 30 281053 30 281573 30 282093 30 282613 30 283133 30 283653 30 284175 28 284695 28 285215 28 285741 10 285753 10 286261 10 286273 10 286781 10 286793 10 287317 2 287837 2 288357 2
f0d0ab13ff53adc3c4d57e95a5f83d80b06f2cbc0bf002b52cf7b496612e0ce4,295645 9 296165 9 296685 9 297183 8 297203 13 297703 8 297723 13 298223 8 298243 13 298739 12 298763 15 299259 12 299283 15 299777 14 299805 13 300297 14 300325 13 300817 14 300845 13 301337 14 301365 15 301857 14 301885 15 302377 14 302405 15 302895 18 302923 17 303415 18 303443 17 303935 18 303963 17 304455 20 304483 17 304975 20 305003 17 305495 45 306015 45 306535 45 307057 41 307577 41 308097 41 308617 41 309137 41 309657 39 310177 39 310697 39 311217 37 311737 37 312257 37 312777 34 313297 34 313817 34 314339 28 314859 28 315379 26 315899 26 316419 26 316941 20 317461 20 317981 20 318503 16 319023 16 319547 8 320067 8 320587 8
f0d0ab13ff53adc3c4d57e95a5f83d80b06f2cbc0bf002b52cf7b496612e0ce4,294 26 814 26 1334 26 1847 33 2367 33 2881 37 3401 37 3921 37 4439 39 4959 39 5479 39 5995 39 6515 39 7035 39 7553 39 8073 39 8591 41 9111 41 9631 41 10151 39 10671 39 11191 39 11709 39 12229 39 12749 37 13269 37 13789 37 14307 35 14827 35 15347 35 15867 33 16387 33 16907 33 17429 29 17949 29 18469 25 18989 25 19509 25 20031 18 20551 18 21071 18 21593 10 22113 10 22633 10
f0d0ab13ff53adc3c4d57e95a5f83d80b06f2cbc0bf002b52cf7b496612e0ce4,222352 12 222872 12 223392 12 223910 16 224430 16 224948 18 225468 18 225988 18 226506 22 227026 22 227546 22 228064 24 228584 24 229102 26 229622 26 230142 26 230660 28 231180 28 231700 28 232218 30 232738 30 233258 30 233778 30 234298 30 234816 32 235336 32 235856 32 236376 32 236896 32 237416 32 237936 32 238456 32 238978 28 239498 28 240018 28 240542 24 241062 24 241582 24 242106 20 242626 20 243146 20 243668 18 244188 18 244708 18 245228 18 245748 18 246268 18 246788 18 247308 18 247828 16 248348 16 248868 16 249386 18 249906 18 250426 16 250946 16 251466 16 251986 16 252506 16 253026 16 253546 14 254066 14 254586 12 255106 12 255626 12 256150 4 256670 4 257190 4
f0d0ab13ff53adc3c4d57e95a5f83d80b06f2cbc0bf002b52cf7b496612e0ce4,291575 4 292095 4 292615 4 293131 24 293651 24 294171 24 294689 32 295209 32 295727 36 296247 36 296767 36 297289 38 297329 12 297809 38 297849 12 298329 38 298369 12 298849 59 299369 59 299891 61 300411 61 300931 61 301451 63 301971 63 302491 63 303011 67 303531 67 304051 67 304573 67 305093 67 305613 67 306133 67 306653 67 307179 59 307699 59 308219 59 308749 49 309269 49 309793 43 310313 43 310833 43 311357 33 311877 33 312397 33 312921 27 313441 27 313961 27 314491 15 315011 15
f0d0ab13ff53adc3c4d57e95a5f83d80b06f2cbc0bf002b52cf7b496612e0ce4,155889 15 156409 15 156929 15 157441 31 157961 31 158477 37 158997 37 159517 37 160037 39 160557 39 161077 39 161597 39 162117 39 162637 39 163155 43 163675 43 164197 41 164717 41 165237 41 165757 41 166277 41 166797 41 167319 39 167839 39 168359 39 168879 39 169399 39 169921 35 170441 35 170961 35 171481 35 172001 35 172521 35 173043 31 173563 31 174085 21 174605 21 175125 21 175651 4 176171 4 176691 4
f0d0ab13ff53adc3c4d57e95a5f83d80b06f2cbc0bf002b52cf7b496612e0ce4,184000 6 184520 6 185040 6 185558 10 186078 10 186598 10 187118 10 187638 10 188158 10 188680 8 189200 8 189722 4 190242 4 190762 4
f0d0ab13ff53adc3c4d57e95a5f83d80b06f2cbc0bf002b52cf7b496612e0ce4,164244 10 164764 10 165284 10 165802 16 166322 16 166842 16 167362 18 167882 18 168402 18 168924 22 169444 22 169966 24 170486 24 171006 24 171532 20 172052 20 172572 20 173090 24 173610 24 174128 26 174648 26 175168 26 175688 28 176208 28 176728 28 177248 28 177768 28 178288 28 178808 26 179328 26 179846 28 180366 28 180886 28 181408 24 181928 24 182448 24 182970 18 183490 18
f0d0ab13ff53adc3c4d57e95a5f83d80b06f2cbc0bf002b52cf7b496612e0ce4,318700 12 319220 12 319738 20 320258 20 320778 20 321296 24 321816 24 322336 24 322854 26 323374 26 323894 26 324414 28 324934 28 325454 30 325974 30 326494 30 327014 30 327534 30 328054 30 328574 30 329094 30 329616 28 330136 28 330656 28 331178 24 331698 24 332218 24 332740 18 333260 18 333780 18 334306 6 334826 6
f0d0ab13ff53adc3c4d57e95a5f83d80b06f2cbc0bf002b52cf7b496612e0ce4,21821 10 22341 10 22861 10 23377 20 23897 20 24413 26 24933 26 25453 26 25973 26 26493 26 27013 26 27531 30 28051 30 28569 32 29089 32 29609 32 30129 32 30649 32 31169 32 31689 32 32209 32 32729 32 33249 32 33769 32 34291 30 34811 30 35331 30 35853 26 36373 26 36893 26 37415 24 37935 24 38459 16 38979 16 39499 16
f0d0ab13ff53adc3c4d57e95a5f83d80b06f2cbc0bf002b52cf7b496612e0ce4,105031 10 105551 10 106071 10 106589 12 107109 12 107629 12 108145 16 108665 16 109183 18 109703 18 110223 18 110743 18 111263 18 111783 18 112301 20 112821 20 113341 20 113861 20 114381 20 114901 20 115421 20 115941 20 116461 20 116981 20 117501 20 118021 20 118541 20 119063 18 119583 18 120103 18 120625 16 121145 16 121665 16 122185 16 122705 16 123225 16 123749 12 124269 12
f0d0ab13ff53adc3c4d57e95a5f83d80b06f2cbc0bf002b52cf7b496612e0ce4,160147 2 160667 2 161187 2 161703 10 162223 10 162743 10 163263 18 163783 18 164303 18 164823 18 165343 18 165865 16 166385 16 166905 16 167427 14 167947 14 168467 14 168987 14 169507 14 170027 14 170547 14 171067 14 171587 14 172107 14 172627 14 173151 10 173671 10
f0d0ab13ff53adc3c4d57e95a5f83d80b06f2cbc0bf002b52cf7b496612e0ce4,181469 8 181989 8 182509 8 183027 12 183547 12 184067 14 184587 14 185107 14 185629 12 186149 12 186669 12 187191 8 187711 8 188231 8
f0d0ab13ff53adc3c4d57e95a5f83d80b06f2cbc0bf002b52cf7b496612e0ce4,236597 4 237117 4 237637 4 238155 6 238675 6 239195 6 239715 6 240235 6 240755 6 241275 6 241795 6 242317 4 242837 4 243357 4
f0d0ab13ff53adc3c4d57e95a5f83d80b06f2cbc0bf002b52cf7b496612e0ce4,270399 2 270919 2 271439 2 271957 4 272477 4 272997 4 273517 4 274037 4 274557 4 275077 4 275597 4 276119 2 276639 2 277159 2
d616d323a9eeb9da1b66f8d5df671d63c092c9919cb2c0b223e29c63257c944d,6752 8 7271 10 7790 10 8309 10 8828 10 9347 10 9866 10 10385 10 10904 10 11423 10 11944 6 12463 6 12980 8 13497 12 14016 12 14535 14 15054 12 15575 6
d616d323a9eeb9da1b66f8d5df671d63c092c9919cb2c0b223e29c63257c944d,3119 2 3123 2 3638 6 4157 6 4676 6 5195 2
d616d323a9eeb9da1b66f8d5df671d63c092c9919cb2c0b223e29c63257c944d,49314 2 49831 6 50348 10 50867 10 51386 10 51905 12 52424 12 52943 12 53462 14 53981 14 54500 14 55019 18 55538 18 56057 20 56576 18 57097 16 57616 16 58135 16 58654 16 59173 16 59692 16 60211 16 60732 14 61251 14 61770 14 62289 12 62808 12 63329 10 63848 10 64367 10 64888 8 65407 6 65928 2
d616d323a9eeb9da1b66f8d5df671d63c092c9919cb2c0b223e29c63257c944d,17659 6 18176 14 18695 14 19212 16 19733 14 20252 14 20769 16 21288 16 21809 14 22328 14 22847 14 23368 12 23887 12 24408 10 24927 10 25448 8 25969 4
d616d323a9eeb9da1b66f8d5df671d63c092c9919cb2c0b223e29c63257c944d,72681 4 73198 6 73715 10 74234 10 74753 12 75272 12 75791 12 76310 12 76829 12 77348 12 77867 12 78386 12 78905 12 79424 12 79943 10 80462 12 80981 12 81500 12 82019 12 82536 16 83053 18 83574 16
d616d323a9eeb9da1b66f8d5df671d63c092c9919cb2c0b223e29c63257c944d,23 10 540 14 1059 14 1578 14 2097 14 2616 16 3135 19 3654 19 4173 19 4694 17 5213 17 5732 17 6251 17 6772 15 7291 15 7812 15 8331 15 8852 13 9371 13 9892 11 10415 7 10934 9 11453 9 11972 11 12491 11 13010 11 13529 11 14048 11 14567 11 15086 9 15605 9 16124 9 16643 11 17162 11 17681 11 18200 11 18719 9 19238 9 19757 9 20278 7
d616d323a9eeb9da1b66f8d5df671d63c092c9919cb2c0b223e29c63257c944d,11960 2 12479 2 12998 2
d616d323a9eeb9da1b66f8d5df671d63c092c9919cb2c0b223e29c63257c944d,54032 6 54549 10 55064 14 55583 14 56098 18 56615 20 57134 22 57653 22 58172 22 58691 24 59210 24 59727 26 60248 24 60767 24 61286 24 61805 24 62324 24 62843 26 63360 28 63879 28 64398 28 64919 26 65438 26 65957 26 66476 26 66995 26 67516 24 68035 24 68556 22 69077 20 69600 16 70121 14 70640 14 71157 14 71676 12 72193 12 72695 7 72712 10 73214 7 73229 12 73733 7 73748 12 74252 7 74267 10 74771 7 74786 8 75290 7 75305 8 75811 5 75822 10 76333 18 76852 18 77368 21 77887 21 78404 23 78923 23 79440 25 79959 25 80476 27 80995 27 81516 25 82035 25 82561 16 83082 12 83603 8
d616d323a9eeb9da1b66f8d5df671d63c092c9919cb2c0b223e29c63257c944d,15107 2 15626 2
d616d323a9eeb9da1b66f8d5df671d63c092c9919cb2c0b223e29c63257c944d,68 14 587 16 1104 18 1625 16 2144 16 2665 14 3184 14 3703 14 4222 14 4741 14 5262 12 5781 12 6300 12 6819 12 7338 14 7857 14 8374 16 8893 16 9412 16 9929 18 10448 16 10967 16 11486 18 12005 16 12524 16 13043 16 13562 16 14081 16 14600 14 15117 16 15636 14 16155 12 16676 8 17197 6
d616d323a9eeb9da1b66f8d5df671d63c092c9919cb2c0b223e29c63257c944d,35913 6 36430 13 36949 15 37466 17 37985 17 38504 17 39023 17 39542 17 40061 17 40580 19 41099 19 41618 19 42137 19 42656 19 43173 21 43692 19 44209 21 44728 21 45245 23 45764 23 46285 21 46806 19 47325 19 47846 19 48363 23 48880 25 49399 27 49920 25 50439 27 50960 25 51481 25 51998 27 52515 29 53034 29 53555 27 54074 27 54593 27 55114 25 55633 25 56154 25 56673 25 57192 25 57713 21 58232 21 58751 19 59270 19 59791 17 60310 17 60831 15 61352 11
d616d323a9eeb9da1b66f8d5df671d63c092c9919cb2c0b223e29c63257c944d,4279 6 4798 10 5317 10 5836 12 6353 14 6872 14 7391 14 7910 12 8429 12 8948 12 9467 12 9986 12 10505 14 11024 14 11543 14 12062 14 12575 20 13092 22 13609 24 14128 24 14647 24 15166 24 15685 24 16204 24 16723 24 17242 24 17761 22 18280 22 18799 22 19318 22 19835 24 20354 24 20870 27 21389 27 21908 27 22427 27 22946 27 23465 27 23984 27 24503 27 25022 17 25041 8 25541 17 25560 8 26060 17 26081 4 26579 17 27098 17 27617 17 28136 17 28655 15 29174 15 29693 15 30212 15 30734 12 31253 12 31772 10 32293 6
d616d323a9eeb9da1b66f8d5df671d63c092c9919cb2c0b223e29c63257c944d,39058 4 39575 8 40094 10 40611 12 41130 12 41647 14 42166 14 42685 14 43204 14 43723 14 44242 14 44761 14 45280 14 45799 14 46320 12 46839 14 47360 12 47879 10 48398 10 48917 10 49438 8 49959 6 50478 6 50999 4
d616d323a9eeb9da1b66f8d5df671d63c092c9919cb2c0b223e29c63257c944d,65525 4 66044 4
d616d323a9eeb9da1b66f8d5df671d63c092c9919cb2c0b223e29c63257c944d,137 22 654 26 1173 26 1694 24 2213 24 2732 24 3253 22 3772 22 4293 20 4814 18 5333 20 5854 18 6373 18 6894 14 7413 14 7934 12 8453 12 8974 8
d616d323a9eeb9da1b66f8d5df671d63c092c9919cb2c0b223e29c63257c944d,30243 2 30762 4 31281 4 31800 4 32319 6 32838 8 33357 8 33874 12 34393 14 34912 14 35431 14 35950 16 36469 18 36990 16 37511 16 38030 18 38549 18 39070 16 39589 18 40108 18 40629 18 41148 18 41669 16 42188 16 42709 14 43228 14 43749 12 44270 6
d616d323a9eeb9da1b66f8d5df671d63c092c9919cb2c0b223e29c63257c944d,50492 6 51011 8 51530 10 52049 10 52566 12 53085 10 53602 10 54121 12 54640 12 55161 10 55680 10 56199 10 56716 14 57235 14 57754 14 58273 14 58790 16 59309 16 59828 16 60347 16 60866 18 60904 2 61385 26 61419 6 61904 26 61938 6 62425 38 62944 36 63463 36 63982 36 64501 36 65022 18 65042 16 65541 16 65561 16 66060 16 66082 14 66579 16 66601 14 67100 14 67120 14 67619 16 67641 14 68140 14 68160 14 68663 10 68679 14 69186 6 69198 14 69717 17 70234 19 70753 19 71270 21 71789 21 72308 18 72827 18 73346 18 73867 12 74390 6
d616d323a9eeb9da1b66f8d5df671d63c092c9919cb2c0b223e29c63257c944d,43767 6 44286 6 44805 6 45322 10 45841 10 46362 8 46885 4 47404 6 47923 6 48440 10 48951 6 48959 10 49472 16 49991 16 50510 16 51031 14 51550 14 52069 14 52588 14 53107 14 53624 8 53636 4 54145 6 54153 6 54664 4 54672 8 55191 8 55710 8 56227 10 56740 16 57259 16 57778 19 58297 19 58816 16 59335 16 59856 14
d616d323a9eeb9da1b66f8d5df671d63c092c9919cb2c0b223e29c63257c944d,18859 2 19376 6 19895 6 20414 6
d616d323a9eeb9da1b66f8d5df671d63c092c9919cb2c0b223e29c63257c944d,46385 8 46904 10 47423 10 47942 10 48459 12 48978 12 49497 12 50018 12 50537 12 51056 12 51573 14 52094 12 52613 12 53132 12 53651 14 54170 14 54689 14 55208 14 55727 16 56246 16 56765 16 57284 16 57803 16 58322 16 58841 16 59360 16 59879 16 60398 16 60917 18 61438 16 61957 16 62476 16 62993 18 63512 18 64031 18 64550 18 65069 18 65588 18 66107 18 66626 18 67145 18 67666 16 68185 16 68704 16 69223 16 69742 16 70261 16 70780 14 71299 14 71818 14 72339 10
d616d323a9eeb9da1b66f8d5df671d63c092c9919cb2c0b223e29c63257c944d,204 8 721 18 1240 18 1763 2
d616d323a9eeb9da1b66f8d5df671d63c092c9919cb2c0b223e29c63257c944d,5921 8 6438 10 6957 14 7474 16 7993 18 8512 20 9029 22 9548 24 10067 24 10584 26 11103 28 11622 28 12141 28 12660 28 13179 30 13698 30 14219 30 14738 32 15257 32 15776 34 15826 11 16295 34 16345 11 16816 34 16862 15 17335 34 17381 15 17854 36 17900 15 18375 34 18419 15 18894 34 18938 15 19415 32 19455 17 19934 32 19976 17 20455 32 20493 19 20974 32 21012 19 21495 30 21531 19 22014 30 22050 19 22535 28 22569 19 23054 28 23088 19 23573 28 23605 21 24096 24 24124 21 24617 22 24643 21 25136 10 25148 10 25162 21 25657 6 25667 10 25681 21 26176 6 26186 10 26198 23 26705 35 27224 35 27743 35 28262 35 28779 37 29298 37 29817 37 30334 37 30853 37 31372 37 31889 39 32408 39 32927 39 33446 39 33965 39 34484 37 35003 37 35520 39 36039 14 36055 23 36558 14 36574 23 37077 14 37093 23 37594 14 37612 21 38113 14 38131 21 38630 16 38650 21 39149 16 39169 19 39668 16 39688 19 40187 16 40205 21 40706 16 40724 18 41225 16 41243 18 41742 18 41762 18 42261 18 42281 16 42780 18 42800 16 43299 36 43818 18 43838 14 44337 18 44359 12 44856 18 44878 10 45375 16 45399 2 45892 18 46413 14 46932 12 47451 12 47974 6
d616d323a9eeb9da1b66f8d5df671d63c092c9919cb2c0b223e29c63257c944d,82222 12 82739 16 83258 16 83777 16
d616d323a9eeb9da1b66f8d5df671d63c092c9919cb2c0b223e29c63257c944d,238 12 759 10 1278 8
d616d323a9eeb9da1b66f8d5df671d63c092c9919cb2c0b223e29c63257c944d,41799 6 42316 10 42835 12 42855 10 43352 14 43372 12 43871 14 43889 16 44390 14 44406 18 44907 36 45426 38 45945 38 46464 38 46981 40 47500 40 48019 38 48538 22 48562 14 48586 8 49057 22 49083 12 49099 16 49576 20 49602 12 49618 18 50095 20 50121 36 50614 20 50638 38 51131 20 51157 41 51650 20 51676 41 52169 22 52195 41 52688 22 52712 43 53207 67 53726 67 54245 67 54764 67 55281 26 55311 39 55800 26 55830 39 56319 24 56347 41 56840 20 56866 41 57359 20 57385 38 57878 20 57904 38 58397 20 58423 36 58916 18 58942 32 59435 18 59461 30 59956 16 59980 30 60473 6 60483 8 60499 30 60992 6 61002 6 61018 30 61511 8 61521 6 61539 26 62030 16 62058 26 62549 12 62577 24 62611 5 63068 12 63096 22 63122 19 63587 12 63615 22 63641 19 64108 10 64134 20 64158 23 64627 10 64653 20 64677 23 65148 10 65172 20 65194 27 65667 10 65693 18 65713 27 66188 10 66212 47 66709 12 66727 51 67228 36 67266 31 67749 26 67789 27 68270 20 68314 21 68791 12 68835 19 69314 2 69348 4 69354 19 69865 25 70382 27 70901 25 71410 35 71929 33 72446 35 72965 33 73484 31 74003 24 74520 24 75039 22 75558 22 76077 22 76596 22 77115 20 77634 20 78153 20 78672 20 79191 20 79712 16 80233 10 80754 4
d616d323a9eeb9da1b66f8d5df671d63c092c9919cb2c0b223e29c63257c944d,4942 10 5459 12 5978 14 6497 14 7016 18 7535 18 8054 22 8573 22 9092 22 9613 18 10132 18 10651 16 11172 12 11693 8
d616d323a9eeb9da1b66f8d5df671d63c092c9919cb2c0b223e29c63257c944d,77606 4 78123 6 78640 10 79159 10 79678 10 80197 10 80716 10 81235 10 81754 10 82273 10 82794 8 83313 6
d616d323a9eeb9da1b66f8d5df671d63c092c9919cb2c0b223e29c63257c944d,323 10 842 10 1361 13 1882 11 2403 11 2922 11 3443 9 3962 9 4481 9 5000 9 5521 7 6040 7 6561 7 7080 7 7599 7 8106 6 8118 7 8623 23 9140 25 9659 23 10178 23 10697 23 11216 23 11735 23 12254 23 12773 23 13292 23 13811 23 14330 23 14849 23 15366 25 15885 23 16404 23 16917 27 17434 29 17951 31 18470 31 18987 33 19506 30 20025 30 20544 30 21063 18 21582 18 22101 18 22620 18 23139 18 23658 18 24177 18 24696 18 25215 18 25734 18 26253 16 26772 16 27291 16 27810 16 28329 18 28848 18 29367 18 29886 18 30405 18 30922 20 31441 20 31960 18 32477 20 32996 18 33515 16 34032 14 34549 14 35068 14 35587 14 36106 14 36623 14 37142 14 37663 10 38182 8 38703 4
d616d323a9eeb9da1b66f8d5df671d63c092c9919cb2c0b223e29c63257c944d,305 12 822 14 1341 14 1860 12 2379 12 2900 10 3419 6
d616d323a9eeb9da1b66f8d5df671d63c092c9919cb2c0b223e29c63257c944d,82844 4 83361 8 83880 8
d616d323a9eeb9da1b66f8d5df671d63c092c9919cb2c0b223e29c63257c944d,18511 2 19028 6 19545 10 20064 10 20581 12 21102 12 21619 14 22138 14 22657 14 23176 14 23695 14 24212 16 24731 16 25250 16 25769 16 26288 16 26807 16 27324 18 27843 18 28362 18 28881 18 29400 20 29919 18 30438 18 30957 18 31473 21 31992 19 32511 19 33030 19 33549 17 34068 17 34587 17 35106 17 35625 17 36144 17 36663 17 37182 17 37701 17 38223 14 38742 14 39258 17 39777 17 40299 14 40820 12 41339 12 41858 12 42379 10 42898 8 43417 6
d616d323a9eeb9da1b66f8d5df671d63c092c9919cb2c0b223e29c63257c944d,80270 2 80787 6 81304 8 81823 8 82340 10 82859 10 83378 10 83897 10
d616d323a9eeb9da1b66f8d5df671d63c092c9919cb2c0b223e29c63257c944d,346 26 865 26 1384 26 1903 26 2422 24 2941 24 3460 22 3979 20 4500 16 5019 16 5538 14 6061 6
d616d323a9eeb9da1b66f8d5df671d63c092c9919cb2c0b223e29c63257c944d,48645 4 49160 12 49679 12 50198 12 50715 14 51232 16 51751 16 52270 16 52789 16 53308 16 53827 16 54344 16 54863 16 55380 18 55899 18 56418 16 56937 16 57456 16 57975 14 58492 16 59011 16 59530 16 60049 16 60568 14 61087 14 61604 14 61620 2 62123 14 62642 14 62658 2 63159 14 63175 6 63678 22 64197 22 64716 22 65233 24 65752 22 66271 22 66788 14 66804 8 67307 12 67323 6 67826 10 67842 6 68345 10 68361 6 68862 10 69383 8 69900 10 70421 8 70940 6
d616d323a9eeb9da1b66f8d5df671d63c092c9919cb2c0b223e29c63257c944d,71479 4 71998 4 72517 4 73034 6 73553 6 74070 6 74589 6 75110 4
d616d323a9eeb9da1b66f8d5df671d63c092c9919cb2c0b223e29c63257c944d,5603 4 6120 8 6636 11 7155 13 7672 15 8191 15 8710 15 9229 15 9748 15 10267 15 10784 17 11303 17 11822 25 12335 33 12852 35 13369 39 13888 39 14405 41 14922 43 15441 43 15958 45 16477 45 16994 45 17513 45 18030 47 18549 47 19068 47 19587 45 20106 45 20623 45 21142 43 21661 43 22178 43 22697 43 23216 39 23735 39 24254 37 24773 35 25292 35 25811 33 26330 33 26849 31 27366 30 27885 30 28404 28 28923 28 29444 24 29965 14 29983 2 30484 12 31007 4
d616d323a9eeb9da1b66f8d5df671d63c092c9919cb2c0b223e29c63257c944d,32568 4 33083 10 33602 10 34119 12 34636 14 35155 14 35672 16 36191 16 36710 16 37227 18 37746 18 38267 16 38786 14 39305 14 39824 14 40343 14 40862 14 41381 14 41900 12 42419 12 42938 12 43457 12 43976 12 44495 12 45014 12 45535 8 46054 8
d616d323a9eeb9da1b66f8d5df671d63c092c9919cb2c0b223e29c63257c944d,71495 6 72012 8 72531 8 73050 8 73567 10 74086 10 74605 10 75124 10 75641 12 76160 12 76679 12 77198 12 77717 10 78234 12 78753 12 79272 12 79793 10 80312 8 80831 8 81350 8 81869 8 82390 4
d616d323a9eeb9da1b66f8d5df671d63c092c9919cb2c0b223e29c63257c944d,392 23 909 25 1428 23 1947 23 2466 21 2985 21 3504 18 4023 18 4544 12 5065 8
d616d323a9eeb9da1b66f8d5df671d63c092c9919cb2c0b223e29c63257c944d,58005 6 58017 7 58524 19 59043 17 59562 15 60083 13 60604 8 61123 4 61640 4 62157 6 62676 8 63193 10 63712 12 64231 12 64750 12 65267 14 65786 14 66305 12 66822 14 67341 12 67860 10 68379 8 68898 8 69417 8 69938 6
d616d323a9eeb9da1b66f8d5df671d63c092c9919cb2c0b223e29c63257c944d,77227 2 77746 4 78265 6 78784 6 79303 6 79824 16 80343 18 80862 20 81381 30 81900 30 82419 32 82923 9 82936 30 83442 43 83961 11 83974 14 83994 8
d616d323a9eeb9da1b66f8d5df671d63c092c9919cb2c0b223e29c63257c944d,35700 3 36219 3 36738 5 37257 7 37776 9 38295 9 38817 8 39338 4 39857 2
d616d323a9eeb9da1b66f8d5df671d63c092c9919cb2c0b223e29c63257c944d,63238 6 63755 10 64272 12 64791 14 65310 14 65829 14 66334 2 66348 14 66851 6 66865 16 67370 8 67384 16 67889 8 67901 18 68408 8 68420 18 68925 10 68939 18 69444 10 69458 18 69961 34 70480 24 70508 6 70997 26 71029 2 71516 26 72035 26 72552 26 73071 20 73590 20 74106 23 74628 20 75147 20 75666 20 76189 6
d616d323a9eeb9da1b66f8d5df671d63c092c9919cb2c0b223e29c63257c944d,59066 4 59583 6 60102 10 60621 12 61140 12 61663 8 62184 6 62703 4 63222 4 63741 4
d616d323a9eeb9da1b66f8d5df671d63c092c9919cb2c0b223e29c63257c944d,22225 6 22742 10 23261 10 23778 12 24295 14 24814 16 25333 16 25852 16 26369 18 26888 18 27407 18 27926 16 28445 16 28485 4 28491 2 28964 16 29002 14 29483 16 29519 20 30004 14 30036 24 30523 14 30553 28 31042 14 31064 8 31074 26 31561 14 31583 8 31597 22 32082 12 32100 8 32116 24 32601 12 32619 6 32635 24 33120 22 33152 29 33639 22 33669 33 34160 18 34186 37 34679 16 34703 43 35198 16 35222 45 35719 12 35741 35 35778 8 36238 12 36258 34 36297 8 36759 10 36777 34 36818 6 37278 10 37296 34 37337 6 37799 8 37815 32 37856 6 38318 8 38332 34 38837 8 38851 34 39358 8 39368 34 39877 44 40396 42 40917 40 41436 38 41955 38 42476 34 42995 34 43516 30 44037 26 44556 26 45075 24 45594 24 46113 22 46630 22 46654 8 47149 18 47171 10 47668 18 47690 12 48189 10 48211 8 48708 6 48730 8
d616d323a9eeb9da1b66f8d5df671d63c092c9919cb2c0b223e29c63257c944d,425 18 942 22 1463 20 1982 18 2501 16 3020 16 3537 18 4056 18 4575 16 5094 16 5619 10 6138 8 6659 6 7180 2
d616d323a9eeb9da1b66f8d5df671d63c092c9919cb2c0b223e29c63257c944d,57010 12 57527 14 58038 22 58557 22 59076 8 59090 8 59599 2 59611 6 60128 8 60647 6 61164 8 61683 6 62202 6
d616d323a9eeb9da1b66f8d5df671d63c092c9919cb2c0b223e29c63257c944d,54930 2 55447 6 55966 4
d616d323a9eeb9da1b66f8d5df671d63c092c9919cb2c0b223e29c63257c944d,73107 8 73622 12 74137 18 74656 18 75181 12 75702 10 76221 12 76734 2 76740 12 77253 2 77259 12 77772 20 78291 18 78812 16 79331 4 79337 10 79858 8 80377 8 80898 6 81417 4 81936 2 82453 8 82972 10 83491 10 84012 8
d616d323a9eeb9da1b66f8d5df671d63c092c9919cb2c0b223e29c63257c944d,71043 6 71560 10 72081 10 72602 8 73123 8 73642 8 74163 8 74682 8 75201 10 75720 10 76239 10 76760 8 77279 10 77800 8 78319 8 78842 4 79363 2 79882 2 80399 8 80422 6 80436 4 80918 13 80941 6 80955 6 81437 17 81460 8 81472 8 81956 17 81979 8 81991 8 82473 21 82500 4 82510 8 82992 25 83021 2 83027 12 83511 47 84032 29 84063 14
d616d323a9eeb9da1b66f8d5df671d63c092c9919cb2c0b223e29c63257c944d,463 14 496 20 982 16 1013 24 1501 16 1532 24 2020 16 2049 20 2537 18 2564 22 3056 18 3083 22 3575 18 3602 22 4094 18 4121 20 4613 18 4640 20 5130 20 5157 26 5649 20 5676 28 6168 22 6195 16 6213 10 6687 20 6714 14 6732 10 7206 20 7233 14 7251 12 7725 20 7752 14 7770 12 8244 20 8271 14 8291 10 8763 20 8790 14 8812 8 9284 18 9309 14 9331 6 9803 18 9828 14 10324 16 10347 14 10845 12 10864 18 11364 12 11383 18 11883 12 11899 23 12402 8 12416 25 12921 8 12935 27 13440 8 13454 29 13959 6 13973 29 14478 8 14490 33 14997 45 15516 45 16035 47 16554 47 17077 43 17598 43 18119 43 18638 43 19157 43 19676 15 19693 28 20197 13 20212 28 20720 39 21239 41 21758 41 22277 41 22796 17 22815 22 23315 17 23336 20 23834 17 23857 18 24353 19 24376 18 24872 19 24897 16 25391 21 25418 14 25912 19 25941 10 26431 19 26462 6 26950 19 27469 19 27991 16 28512 12 29033 10 29552 10 30073 8 30592 10 31113 10 31632 10
d616d323a9eeb9da1b66f8d5df671d63c092c9919cb2c0b223e29c63257c944d,51865 2 52381 7 52898 13 53417 13 53934 17 54449 21 54968 21 55485 23 56004 25 56521 27 57040 27 57559 27 58078 27 58595 29 59114 27 59633 27 60150 12 60164 15 60669 29 61188 29 61707 27 62226 27 62745 25 63264 23 63783 23 64302 21 64821 19 65340 19 65859 19 66378 16 66897 16 67418 14 67937 14 68456 12 68975 12 69494 12 70015 10 70536 8 71055 6 71574 6 72093 6
d616d323a9eeb9da1b66f8d5df671d63c092c9919cb2c0b223e29c63257c944d,65373 6 65890 10 66407 14 66926 14 67445 14 67964 12 68485 10 69008 4
d616d323a9eeb9da1b66f8d5df671d63c092c9919cb2c0b223e29c63257c944d,70048 2 70567 4 71086 6 71605 6 72122 10 72641 10 73158 12 73677 12 74194 14 74713 14 75232 14 75751 12 76270 12 76791 12 77310 12 77837 2
d616d323a9eeb9da1b66f8d5df671d63c092c9919cb2c0b223e29c63257c944d,39435 8 39952 12 40469 14 40988 14 41507 14 42026 14 42545 14 43064 14 43583 14 44102 14 44621 14 45140 14 45661 12 46180 12 46699 12 47220 10 47739 10 48260 6 48779 6
bdc789019cee8ddfae20d5f769299993b4b330b2d38d1218646cf89e77fbbd4d,78003 10 78523 10 79041 18 79561 18 80081 18 80601 22 81121 22 81641 22 82161 24 82681 24 83201 26 83721 26 84241 26 84763 30 85283 30 85803 30 86321 35 86841 35 87361 35 87881 37 88401 37 88921 39 89441 39 89961 39 90481 39 91001 39 91521 39 92041 41 92098 12 92561 41 92618 12 93081 43 93130 24 93601 43 93650 24 94121 43 94170 24 94641 77 94736 9 95161 77 95256 9 95681 77 95776 9 96201 77 96290 21 96721 77 96810 21 97241 77 97330 21 97761 30 97800 75 98281 30 98320 75 98803 24 98840 77 99323 24 99360 77 99843 24 99880 77 100367 10 100402 77 100887 10 100922 77 101407 10 101442 77 101964 75 102484 75 103006 75 103526 75 104046 75 104570 71 105090 71 105610 71 106136 65 106656 65 107176 65 107700 61 108220 61 108744 55 109264 55 109784 55 110308 49 110828 49 111348 49 111874 41 112394 41 112922 27 113442 27 113962 27
bdc789019cee8ddfae20d5f769299993b4b330b2d38d1218646cf89e77fbbd4d,115963 4 116483 4 117003 4 117521 12 118041 12 118561 16 119081 16 119601 16 120121 20 120641 20 121161 20 121681 24 122201 24 122721 24 123241 26 123761 26 124281 28 124801 28 125321 28 125841 28 126361 28 126881 28 127401 28 127921 28 128441 28 128961 28 129481 28 130003 24 130523 24 131043 24 131567 16 132087 16 132607 16
bdc789019cee8ddfae20d5f769299993b4b330b2d38d1218646cf89e77fbbd4d,288605 8 289125 8 289643 16 290163 16 290683 16 291201 20 291721 20 292241 20 292761 22 293281 22 293801 22 294321 22 294841 22 295361 22 295881 22 296401 22 296921 20 297441 20 297961 20 298481 20 299001 20 299521 18 300041 18 300561 18 301081 16 301601 16 302121 16 302641 16 303161 16 303681 16 304201 16 304721 16 305241 16 305761 16 306281 16 306801 16 307321 16 307841 16 308361 16 308881 16 309401 16 309921 16 310441 16 310961 14 311481 14 312001 14 312521 14 313041 14 313561 14 314081 12 314601 12 315121 10 315641 10 316161 10 316681 8 317201 8 317721 8
bdc789019cee8ddfae20d5f769299993b4b330b2d38d1218646cf89e77fbbd4d,180987 11 181507 11 182027 11 182543 23 183063 23 183581 31 184101 31 184621 31 185139 35 185659 35 186179 35 186697 39 187217 39 187737 39 188255 43 188775 43 189295 45 189815 45 190335 45 190853 47 191373 47 191893 47 192413 47 192933 47 193453 49 193973 49 194493 49 195013 49 195533 49 196053 49 196573 49 197093 49 197613 49 198133 49 198653 49 199173 49 199693 49 200213 49 200735 47 201255 47 201775 47 202295 45 202815 45 203335 43 203855 43 204375 43 204895 43 205415 43 205935 43 206455 41 206975 41 207495 41 208017 37 208537 37 209059 31 209579 31 210099 31 210621 27 211141 27 211661 27 212185 19 212705 19 213225 19
bdc789019cee8ddfae20d5f769299993b4b330b2d38d1218646cf89e77fbbd4d,134275 24 134795 24 135315 24 135827 40 136347 40 136867 40 137385 48 137905 48 138423 54 138943 54 139463 54 139983 58 140503 58 141023 58 141543 61 142063 61 142583 61 143105 61 143625 61 144149 59 144669 59 145189 59 145719 49 146239 49 146759 49 147281 45 147801 45 148323 41 148843 41 149363 41 149887 34 150407 34 150927 34 151453 26 151973 26 152493 26
bdc789019cee8ddfae20d5f769299993b4b330b2d38d1218646cf89e77fbbd4d,253355 4 253875 4 254391 12 254911 12 255431 12 255951 14 256471 14 256991 14 257509 18 258029 18 258549 18 259069 20 259589 20 260109 22 260629 22 261149 22 261671 22 262191 22 262711 22 263231 24 263751 24 264271 26 264791 26 265311 26 265829 36 266349 36 266869 36 267389 42 267909 42 268429 42 268949 48 269469 48 269989 50 270509 50 271029 50 271549 55 272069 55 272589 55 273111 53 273631 53 274151 55 274671 55 275191 55 275711 57 276231 57 276751 57 277273 55 277793 55 278313 55 278833 57 279353 57 279875 55 280395 55 280915 55 281437 51 281957 51 282477 51 282999 49 283519 49 284041 47 284561 47 285081 47 285605 41 286125 41 286645 41 287167 37 287687 37 288207 37 288731 28 289251 28 289779 12 290299 12 290819 12
bdc789019cee8ddfae20d5f769299993b4b330b2d38d1218646cf89e77fbbd4d,333975 10 334495 10 335009 20 335529 20 336049 20 336565 26 337085 26 337605 26 338121 32 338641 32 339161 32 339679 34 340199 34 340717 38 341237 38 341757 38 342275 40 342795 40 343315 40 343833 42 344353 42 344871 44 345391 44 345911 44 346431 42 346951 42 347471 42 347991 42 348511 42 349031 42 349549 44 350069 44 350589 42 351109 42 351629 42 352149 42 352669 42 353189 42 353711 38 354231 38 354753 34 355273 34 355793 34 356313 40 356833 40 357353 40 357875 42 358395 42 358915 42 359435 42 359955 42 360475 42 360995 42 361515 42
bdc789019cee8ddfae20d5f769299993b4b330b2d38d1218646cf89e77fbbd4d,205054 14 205574 14 206094 14 206610 22 207130 22 207650 22 208168 32 208688 32 209206 42 209726 42 210246 42 210766 50 211286 50 211806 50 212326 54 212846 54 213366 54 213886 56 214406 56 214926 56 215446 56 215966 56 216488 56 217008 56 217528 56 218050 54 218570 54 219092 52 219612 52 220132 52 220654 50 221174 50 221694 50 222218 46 222738 46 223258 46 223782 42 224302 42 224824 38 225344 38 225864 38 226388 30 226908 30 227428 30 227960 8 228480 8
bdc789019cee8ddfae20d5f769299993b4b330b2d38d1218646cf89e77fbbd4d,69362 10 69882 10 70402 10 70920 18 71440 18 71960 18 72476 24 72996 24 73514 28 74034 28 74554 28 75070 34 75590 34 76110 34 76624 42 77144 42 77664 42 78182 47 78702 47 79222 49 79742 49 80262 49 80780 51 81300 51 81820 51 82342 51 82862 51 83382 51 83902 51 84422 51 84944 49 85464 49 85984 49 86506 47 87026 47 87546 47 88068 45 88588 45 89108 45 89628 45 90148 45 90670 41 91190 41 91710 41 92232 37 92752 37 93274 35 93794 35 94314 35 94838 28 95358 28 95878 28 96400 26 96920 26 97440 26 97964 20 98484 20 99014 4 99534 4 100054 4
bdc789019cee8ddfae20d5f769299993b4b330b2d38d1218646cf89e77fbbd4d,328336 19 328856 19 329372 29 329892 29 330412 29 330930 35 331450 35 331970 35 332488 41 333008 41 333528 41 334046 45 334566 45 335086 47 335606 47 336126 47 336646 49 337166 49 337686 49 338206 51 338726 51 339246 51 339768 53 340288 53 340810 51 341330 51 341850 51 342372 51 342892 51 343412 51 343936 49 344456 49 344980 45 345500 45 346020 45 346546 39 347066 39 347586 39 348113 30 348633 30 349153 30 349679 22 350199 22
bdc789019cee8ddfae20d5f769299993b4b330b2d38d1218646cf89e77fbbd4d,284151 14 284671 14 285191 14 285706 23 286226 23 286746 23 287264 27 287784 27 288304 27 288822 31 289342 31 289862 33 290382 33 290902 33 291422 33 291942 33 292462 33 292982 35 293502 35 294022 35 294544 33 295064 33 295586 31 296106 31 296626 31 297151 26 297671 26 298191 26 298711 24 299231 24 299751 22 300271 22 300791 22 301313 14 301833 14 302353 14
bdc789019cee8ddfae20d5f769299993b4b330b2d38d1218646cf89e77fbbd4d,192663 6 193183 6 193695 20 194215 20 194735 20 195251 28 195771 28 196291 28 196809 32 197329 32 197849 32 198367 36 198887 36 199405 38 199925 38 200445 38 200965 40 201485 40 202005 40 202523 42 203043 42 203565 40 204085 40 204605 40 205125 38 205645 38 206165 38 206685 38 207205 38 207725 38 208245 36 208765 36 209287 30 209807 30 210327 30 210847 22 211367 22 211887 22 212407 18 212927 18 213447 18 213967 18 214487 18 215007 28 215527 28 216047 28 216567 32 217087 32 217607 32 218127 34 218647 34 219169 34 219689 34 220209 34 220731 32 221251 32 221771 32 222293 32 222813 32 223333 32 223855 30 224375 30 224899 24 225419 24 225939 24 226461 22 226981 22 227501 22 228027 12 228547 12
bdc789019cee8ddfae20d5f769299993b4b330b2d38d1218646cf89e77fbbd4d,302921 8 303441 8 303961 8 304459 6 304477 17 304979 6 304997 17 305495 41 306015 41 306535 41 307055 41 307575 41 308095 41 308615 43 309135 43 309655 43 310175 43 310695 43 311215 41 311735 41 312255 41 312777 39 313297 39 313817 39 314339 35 314859 35 315379 28 315899 28 316419 28 316941 20 317461 20 317981 20 318503 16 319023 16 319545 10 320065 10 320585 10
bdc789019cee8ddfae20d5f769299993b4b330b2d38d1218646cf89e77fbbd4d,319578 22 320098 22 320618 22 321134 30 321654 30 322174 30 322689 37 323209 37 323729 37 324247 39 324767 39 325285 43 325805 43 326325 43 326845 41 327365 41 327885 41 328405 41 328925 41 329445 41 329965 41 330485 41 331007 37 331527 37 332047 37 332569 35 333089 35 333609 35 334131 33 334651 33 335174 30 335694 30 336214 30 336736 26 337256 26 337776 26 338304 12 338824 12 339344 12
bdc789019cee8ddfae20d5f769299993b4b330b2d38d1218646cf89e77fbbd4d,80924 6 81444 6 81964 6 82480 14 83000 14 83520 14 84040 14 84560 14 85078 18 85598 18 86118 18 86638 18 87158 18 87678 18 88200 18 88720 18 89242 16 89762 16 90282 16 90804 14 91324 14 91844 14 92364 18 92884 18 93402 39 93922 39 94442 39 94962 41 95482 41 96002 41 96520 43 97040 43 97560 43 98082 43 98602 43 99122 43 99642 43 100162 43 100682 41 101202 41 101722 41 102244 39 102764 39 103284 39 103804 39 104324 39 104844 39 105364 39 105884 39 106404 37 106924 37 107444 37 107964 35 108484 35 109004 32 109524 32 110044 32 110566 28 111086 28 111606 28 112128 24 112648 24 113170 20 113690 20 114210 20 114734 10 115254 10 115774 10
bdc789019cee8ddfae20d5f769299993b4b330b2d38d1218646cf89e77fbbd4d,39866 17 40386 17 40906 17 41420 27 41940 27 42460 27 42978 29 43498 29 44016 33 44536 33 45056 33 45576 33 46096 33 46616 33 47134 35 47654 35 48172 37 48692 37 49212 37 49730 39 50250 39 50770 39 51290 41 51810 41 52330 41 52850 41 53370 41 53888 47 54408 47 54928 47 55448 49 55968 49 56488 49 57008 51 57528 51 58048 55 58568 55 59088 55 59608 59 60128 59 60648 59 61168 59 61688 59 62208 59 62728 59 63248 59 63770 59 64290 59 64810 59 65334 16 65363 26 65854 16 65883 26 66374 16 66403 26 66923 26 67443 26 67963 24 68483 24 69003 24 69521 26 70041 26 70561 26 71081 26 71601 26 72121 26 72641 26 73161 26 73681 24 74201 24 74721 24 75241 24 75761 24 76281 24 76801 22 77321 22 77841 22 78361 22 78881 22 79401 20 79921 20 80441 20 80963 16 81483 16 82003 16 82525 10 83045 10
bdc789019cee8ddfae20d5f769299993b4b330b2d38d1218646cf89e77fbbd4d,291567 10 292087 10 292607 10 293125 12 293645 12 294165 12 294662 10 294681 18 295182 10 295201 18 295700 39 296220 39 296740 39 297260 39 297780 39 298300 39 298820 41 299340 41 299860 41 300380 41 300900 41 301420 43 301940 43 302460 43 302982 41 303502 41 304022 41 304542 41 305062 41 305584 41 306104 41 306624 41 307146 39 307666 39 308186 39 308708 37 309228 37 309748 35 310268 35 310788 35 311312 31 311832 31 312352 31 312876 25 313396 25 313916 25 314439 22 314959 22 315479 20 315999 20 316519 20 317039 20 317559 20 318079 20 318601 16 319121 16 319645 10 320165 10 320685 10
bdc789019cee8ddfae20d5f769299993b4b330b2d38d1218646cf89e77fbbd4d,236449 8 236969 8 237489 8 238005 16 238525 16 239043 22 239563 22 240083 22 240603 24 241123 24 241643 24 242163 26 242683 26 243203 26 243723 32 244243 32 244763 36 245283 36 245803 36 246323 36 246843 36 247363 36 247883 38 248403 38 248923 38 249443 38 249963 38 250483 38 251003 38 251523 38 252043 36 252563 36 253083 36 253603 36 254123 36 254643 34 255163 34 255683 34 256205 30 256725 30 257245 30 257765 28 258285 28 258805 28 259327 24 259847 24 260367 24 260887 24 261407 24 261929 20 262449 20 262969 20 263489 18 264009 18 264531 16 265051 16 265571 16 266091 14 266611 14 267131 14 267653 10 268173 10 268693 10 269213 10 269733 10 270255 6 270775 6 271295 6
bdc789019cee8ddfae20d5f769299993b4b330b2d38d1218646cf89e77fbbd4d,281766 6 282286 6 282806 6 283322 14 283842 14 284356 22 284876 22 285396 22 285910 28 286430 28 286950 28 287470 30 287990 30 288510 30 289028 32 289548 32 290068 32 290588 32 291108 32 291626 34 292146 34 292666 34 293186 34 293706 34 294226 34 294744 36 295264 36 295784 36 296304 36 296824 36 297341 39 297861 39 298381 39 298901 39 299421 39 299941 39 300461 39 300981 39 301501 39 302021 39 302541 39 303061 37 303581 37 304101 37 304621 37 305141 37 305661 37 306181 37 306701 37 307221 37 307741 37 308261 37 308781 35 309301 35 309824 30 310344 30 310864 30 311386 26 311906 26 312426 26 312946 24 313466 24 313986 24 314510 18 315030 18
bdc789019cee8ddfae20d5f769299993b4b330b2d38d1218646cf89e77fbbd4d,243810 14 244330 14 244844 30 245364 30 245884 30 246402 36 246922 36 247442 36 247960 40 248480 40 249000 40 249520 40 250040 40 250558 44 251078 44 251598 44 252118 44 252638 44 253158 44 253676 46 254196 46 254716 48 255236 48 255756 48 256276 48 256796 48 257316 48 257836 46 258356 46 258876 46 259396 46 259916 46 260438 42 260958 42 261478 42 262006 34 262526 34 263046 34 263574 24 264094 24 264614 22 265134 22 265654 22 266176 20 266696 20 267216 20 267738 14 268258 14 268778 14
bdc789019cee8ddfae20d5f769299993b4b330b2d38d1218646cf89e77fbbd4d,222545 10 223065 10 223585 10 224099 20 224619 20 225137 24 225657 24 226177 24 226695 26 227215 26 227735 26 228255 26 228775 26 229293 28 229813 28 230333 28 230853 28 231373 28 231893 28 232411 30 232931 30 233451 30 233971 30 234491 30 235011 30 235531 30 236051 30 236569 32 237089 32 237609 32 238129 32 238649 32 239169 32 239689 32 240209 32 240729 32 241249 32 241769 32 242289 32 242809 32 243329 32 243849 32 244369 32 244889 32 245409 32 245929 32 246449 32 246969 32 247489 32 248009 32 248529 32 249049 32 249571 30 250091 30 250613 28 251133 28 251653 28 252173 28 252693 28 253213 28 253735 26 254255 26 254777 24 255297 24 255817 24 256339 20 256859 20 257379 20 257903 8 258423 8 258943 8
912a679e4b9b1d1a75170254fd675b8c24b664d80ad7ea7e460241a23535a406,14596 9 14850 12 15105 13 15361 14 15617 14 15873 14 16129 14 16385 14 16641 14 16897 13 17153 12 17409 12 17665 10 17921 7 18178 3
912a679e4b9b1d1a75170254fd675b8c24b664d80ad7ea7e460241a23535a406,37123 3 37378 6 37633 8 37889 9 38145 9 38401 10 38657 10 38913 10 39169 10 39425 10 39681 10 39937 10 40193 10 40449 9 40705 8 40962 5
912a679e4b9b1d1a75170254fd675b8c24b664d80ad7ea7e460241a23535a406,61443 2 61697 5 61953 6 62209 6 62465 7 62721 7 62977 7 63233 7 63489 6 63745 6 64001 6 64257 6 64513 5 64769 4 65025 4 65283 1
912a679e4b9b1d1a75170254fd675b8c24b664d80ad7ea7e460241a23535a406,7689 3 7942 9 8197 12 8453 12 8708 14 8964 15 9220 15 9476 15 9732 15 9988 15 10244 14 10501 13 10758 11 11015 8 11274 3
912a679e4b9b1d1a75170254fd675b8c24b664d80ad7ea7e460241a23535a406,27151 2 27404 7 27659 9 27673 2 27915 10 27927 6 28170 20 28426 20 28681 22 28937 22 29193 22 29449 22 29705 21 29961 21 30217 20 30473 19 30730 18 30987 16 31244 15 31505 10 31762 8 32018 8 32275 6 32533 2
912a679e4b9b1d1a75170254fd675b8c24b664d80ad7ea7e460241a23535a406,49934 6 50189 8 50444 10 50699 12 50955 12 51211 12 51466 13 51722 13 51978 13 52234 13 52491 11 52747 11 53003 10 53260 8 53518 3
912a679e4b9b1d1a75170254fd675b8c24b664d80ad7ea7e460241a23535a406,34836 2 35090 7 35345 9 35598 12 35854 13 36109 15 36365 15 36621 15 36878 14 37136 1 37139 8 37396 7 37653 5 37911 2
912a679e4b9b1d1a75170254fd675b8c24b664d80ad7ea7e460241a23535a406,60952 3 61205 8 61460 10 61715 12 61970 14 62226 14 62481 15 62737 15 62994 13 63250 13 63507 11 63764 9 64021 5
912a679e4b9b1d1a75170254fd675b8c24b664d80ad7ea7e460241a23535a406,56345 5 56599 8 56853 10 57108 11 57364 12 57619 13 57875 13 58130 13 58387 12 58643 11 58899 10 59156 8 59414 3
912a679e4b9b1d1a75170254fd675b8c24b664d80ad7ea7e460241a23535a406,18204 7 18458 10 18713 12 18968 14 19223 15 19479 15 19734 16 19990 16 20246 16 20503 14 20759 13 21016 11 21273 9 21533 3
912a679e4b9b1d1a75170254fd675b8c24b664d80ad7ea7e460241a23535a406,50716 9 50971 12 51227 12 51482 14 51738 14 51994 14 52250 14 52507 13 52765 10 53022 8 53279 5
912a679e4b9b1d1a75170254fd675b8c24b664d80ad7ea7e460241a23535a406,34594 4 34850 6 35104 9 35360 9 35615 10 35871 11 36127 11 36384 10 36641 9 36898 7 37154 5
912a679e4b9b1d1a75170254fd675b8c24b664d80ad7ea7e460241a23535a406,55845 3 56099 7 56355 8 56611 8 56867 8 57124 6
912a679e4b9b1d1a75170254fd675b8c24b664d80ad7ea7e460241a23535a406,52017 3 52271 6 52526 7 52781 9 53037 9 53293 9 53549 8 53799 5 53805 8 54054 13 54310 7 54565 8 54822 7 55079 5 55337 1
912a679e4b9b1d1a75170254fd675b8c24b664d80ad7ea7e460241a23535a406,6187 4 6442 6 6697 7 6952 8 7208 7 7464 4
912a679e4b9b1d1a75170254fd675b8c24b664d80ad7ea7e460241a23535a406,47406 6 47658 1 47661 8 47913 12 48168 13 48424 13 48680 12 48936 11 49192 9 49449 5
912a679e4b9b1d1a75170254fd675b8c24b664d80ad7ea7e460241a23535a406,25134 6 25389 8 25644 10 25899 11 26155 12 26410 13 26666 13 26922 13 27177 14 27433 14 27689 14 27945 14 28202 12 28458 12 28715 10 28972 8 29229 5
912a679e4b9b1d1a75170254fd675b8c24b664d80ad7ea7e460241a23535a406,39474 2 39729 5 39984 6 40239 8 40495 9 40750 10 41006 11 41263 11 41519 11 41776 9 42034 6 42290 3 42547 7 42802 9 43059 8 43313 11 43563 16 43818 17 44073 17 44329 16 44585 15 44841 12 45097 12 45354 11 45611 10 45869 7 46126 4
912a679e4b9b1d1a75170254fd675b8c24b664d80ad7ea7e460241a23535a406,817 4 1071 7 1326 9 1581 10 1836 12 2092 12 2348 12 2604 12 2860 12 3117 10 3374 8 3632 5
912a679e4b9b1d1a75170254fd675b8c24b664d80ad7ea7e460241a23535a406,52033 4 52287 7 52542 9 52797 11 53052 12 53308 13 53563 13 53819 13 54075 13 54331 13 54586 13 54838 17 55092 18 55348 11 55603 12 55859 12 56115 12 56372 11 56629 10 56886 8 57143 6 57401 3
912a679e4b9b1d1a75170254fd675b8c24b664d80ad7ea7e460241a23535a406,4408 3 4663 5 4918 7 5173 9 5429 9 5685 9 5941 9 6197 9 6453 8 6710 7 6967 4
912a679e4b9b1d1a75170254fd675b8c24b664d80ad7ea7e460241a23535a406,34875 5 35130 7 35385 9 35640 10 35895 11 36151 11 36406 12 36662 12 36918 12 37174 11 37430 11 37687 10 37944 8 38202 5
912a679e4b9b1d1a75170254fd675b8c24b664d80ad7ea7e460241a23535a406,44348 4 44603 7 44858 9 45114 9 45369 10 45626 9 45882 9 46139 7 46395 6 46653 2
912a679e4b9b1d1a75170254fd675b8c24b664d80ad7ea7e460241a23535a406,59713 3 59966 7 60221 9 60476 10 60731 12 60987 12 61242 13 61498 12 61755 11 62011 11 62268 9 62525 6
912a679e4b9b1d1a75170254fd675b8c24b664d80ad7ea7e460241a23535a406,41022 6 41278 8 41534 9 41789 11 42046 10 42302 10 42558 10 42814 10 43071 8 43328 6
912a679e4b9b1d1a75170254fd675b8c24b664d80ad7ea7e460241a23535a406,46917 2 47172 5 47426 9 47681 11 47937 12 48192 13 48448 13 48705 12 48961 13 49218 11 49475 10 49733 7
912a679e4b9b1d1a75170254fd675b8c24b664d80ad7ea7e460241a23535a406,64579 4 64834 6 65089 7 65345 7
912a679e4b9b1d1a75170254fd675b8c24b664d80ad7ea7e460241a23535a406,23624 3 23879 6 24134 8 24389 10 24644 12 24899 13 25155 14 25411 14 25666 15 25922 15 26179 14 26435 14 26691 13 26947 13 27203 12 27460 10 27717 8 27975 4
912a679e4b9b1d1a75170254fd675b8c24b664d80ad7ea7e460241a23535a406,44107 3 44362 5 44616 8 44871 10 45127 10 45383 10 45639 10 45896 8 46152 7 46409 4
912a679e4b9b1d1a75170254fd675b8c24b664d80ad7ea7e460241a23535a406,35661 5 35916 8 36171 9 36426 11 36682 11 36938 11 37193 12 37450 11 37706 11 37962 10 38219 9 38476 7 38733 4
912a679e4b9b1d1a75170254fd675b8c24b664d80ad7ea7e460241a23535a406,63309 6 63563 10 63819 10 64075 10 64331 10 64587 9 64843 8 65100 6 65357 4
912a679e4b9b1d1a75170254fd675b8c24b664d80ad7ea7e460241a23535a406,60501 3 60755 6 61010 8 61266 9 61521 10 61777 10 62033 10 62289 9 62546 8 62805 4
912a679e4b9b1d1a75170254fd675b8c24b664d80ad7ea7e460241a23535a406,46165 4 46420 6 46675 7 46931 6 47186 7 47442 8 47698 8 47954 8 48210 8 48466 8 48722 7 48979 6 49237 2
912a679e4b9b1d1a75170254fd675b8c24b664d80ad7ea7e460241a23535a406,37738 4 37992 7 38238 7 38247 9 38493 20 38748 26 39004 27 39260 27 39517 27 39773 27 40030 5 40037 19 40293 18 40549 18 40805 18 41062 16 41321 13 41579 10 41835 10 42091 9 42346 9 42602 8 42858 7 43115 5 43372 2
912a679e4b9b1d1a75170254fd675b8c24b664d80ad7ea7e460241a23535a406,28257 6 28512 8 28767 10 29023 11 29279 11 29535 12 29791 13 30047 13 30303 14 30559 14 30816 13 31072 13 31329 11 31586 9 31844 6
912a679e4b9b1d1a75170254fd675b8c24b664d80ad7ea7e460241a23535a406,21603 6 21858 8 22113 10 22369 10 22626 9 22882 9 23138 9 23395 7 23652 5
912a679e4b9b1d1a75170254fd675b8c24b664d80ad7ea7e460241a23535a406,63590 2 63843 7 64099 8 64354 9 64610 9 64866 9 65122 9 65379 7
912a679e4b9b1d1a75170254fd675b8c24b664d80ad7ea7e460241a23535a406,100 2
912a679e4b9b1d1a75170254fd675b8c24b664d80ad7ea7e460241a23535a406,17257 5 17511 8 17766 10 18021 12 18277 12 18533 13 18789 13 19045 14 19301 14 19558 13 19814 12 20071 11 20328 9 20585 7
912a679e4b9b1d1a75170254fd675b8c24b664d80ad7ea7e460241a23535a406,5482 4 5737 5 5992 7 6248 12 6503 14 6759 15 7016 15 7273 18 7530 20 7787 20 8043 21 8300 21 8557 20 8815 18 9071 17 9327 16 9582 9 9595 2 9839 6 10096 4
912a679e4b9b1d1a75170254fd675b8c24b664d80ad7ea7e460241a23535a406,25708 6 25962 10 26218 11 26473 13 26729 14 26985 14 27241 15 27497 15 27754 14 28010 14 28267 12 28524 11 28780 10 29037 9 29295 6
912a679e4b9b1d1a75170254fd675b8c24b664d80ad7ea7e460241a23535a406,12149 10 12404 13 12659 14 12915 15 13171 15 13427 15 13684 14 13941 12 14197 11 14455 6
912a679e4b9b1d1a75170254fd675b8c24b664d80ad7ea7e460241a23535a406,15742 2 15996 5 16251 7 16507 8 16763 8 17018 9 17274 9 17530 9 17786 10 18043 9 18300 9 18557 10 18814 9 19070 10 19325 11 19581 12 19836 13 20092 13 20348 13 20605 12 20861 12 21117 11 21374 9 21631 7
912a679e4b9b1d1a75170254fd675b8c24b664d80ad7ea7e460241a23535a406,41855 10 42111 11 42367 12 42623 12 42879 12 43136 11 43392 11 43649 10 43907 7 44165 4
912a679e4b9b1d1a75170254fd675b8c24b664d80ad7ea7e460241a23535a406,55698 3 55951 10 56205 13 56459 16 56714 18 56968 21 57223 22 57478 24 57733 25 57989 25 58244 26 58500 26 58756 27 59012 27 59268 26 59524 26 59780 25 60037 23 60293 22 60550 19 60808 15 61065 9
912a679e4b9b1d1a75170254fd675b8c24b664d80ad7ea7e460241a23535a406,38027 6 38282 9 38538 9 38793 11 39049 11 39306 10 39562 9 39820 7 40078 3
912a679e4b9b1d1a75170254fd675b8c24b664d80ad7ea7e460241a23535a406,3732 4 3986 8 4241 10 4496 12 4751 13 5007 13 5263 13 5518 14 5774 14 6030 14 6286 13 6543 12 6799 11 7055 10 7312 8 7571 2
912a679e4b9b1d1a75170254fd675b8c24b664d80ad7ea7e460241a23535a406,31893 5 32147 8 32401 11 32656 13 32912 13 33167 15 33423 15 33679 15 33936 15 34192 15 34448 15 34705 13 34961 13 35218 11 35474 11 35731 9 35988 6
912a679e4b9b1d1a75170254fd675b8c24b664d80ad7ea7e460241a23535a406,23446 4 23701 7 23956 9 24211 11 24466 13 24722 13 24978 13 25234 13 25490 13 25747 11 26003 11 26260 9 26517 6
912a679e4b9b1d1a75170254fd675b8c24b664d80ad7ea7e460241a23535a406,9378 3 9631 10 9886 12 10141 13 10396 15 10652 15 10907 16 11163 16 11418 17 11674 16 11930 16 12187 14 12443 13 12700 11 12957 10 13214 8 13472 4
912a679e4b9b1d1a75170254fd675b8c24b664d80ad7ea7e460241a23535a406,18591 3 18846 5 19101 8 19357 9 19613 9 19869 11 20125 12 20381 12 20638 11 20895 9 21152 7
912a679e4b9b1d1a75170254fd675b8c24b664d80ad7ea7e460241a23535a406,41897 8 42152 10 42407 12 42662 14 42918 14 43174 14 43430 15 43686 15 43943 13 44199 13 44456 12 44712 11 44969 9 45227 6
912a679e4b9b1d1a75170254fd675b8c24b664d80ad7ea7e460241a23535a406,171 10 426 12 682 13 937 14 1193 14 1449 14 1705 15 1961 15 2218 13 2474 13 2731 12 2988 10 3246 6
912a679e4b9b1d1a75170254fd675b8c24b664d80ad7ea7e460241a23535a406,25011 3 25263 9 25517 12 25772 13 26028 13 26283 14 26539 14 26796 13 27052 12 27309 10 27567 6
912a679e4b9b1d1a75170254fd675b8c24b664d80ad7ea7e460241a23535a406,29111 2 29365 6 29621 7 29876 9 30127 14 30382 16 30637 17 30893 17 31149 16 31405 16 31662 14 31919 13 32176 11 32433 9 32692 3
912a679e4b9b1d1a75170254fd675b8c24b664d80ad7ea7e460241a23535a406,17082 2 17332 10 17586 14 17841 15 18096 17 18351 18 18607 18 18863 18 19118 19 19374 18 19631 16 19888 15 20145 13 20408 4
912a679e4b9b1d1a75170254fd675b8c24b664d80ad7ea7e460241a23535a406,11450 1 11704 5 11959 7 12215 8 12471 9 12727 9 12984 8 13241 7 13498 5
912a679e4b9b1d1a75170254fd675b8c24b664d80ad7ea7e460241a23535a406,32710 3 32727 2 32963 10 32981 7 33218 13 33237 9 33473 14 33493 11 33728 15 33749 14 33984 15 34006 13 34240 19 34263 12 34496 20 34520 11 34752 12 34765 21 35008 11 35022 19 35264 11 35278 16 35521 10 35534 14 35777 9 35790 14 36034 7 36046 13 36303 5 36312 3
912a679e4b9b1d1a75170254fd675b8c24b664d80ad7ea7e460241a23535a406,18887 2 19142 4 19397 7 19653 8 19908 9 19922 1 20164 9 20175 7 20420 10 20431 8 20675 10 20686 10 20931 10 20942 11 21187 9 21199 10 21444 5 21455 10 21702 1 21712 9 21969 7
912a679e4b9b1d1a75170254fd675b8c24b664d80ad7ea7e460241a23535a406,37578 2 37833 4 38089 8 38345 9 38600 10 38856 10 39112 10 39368 9 39625 8 39883 5 40141 1
912a679e4b9b1d1a75170254fd675b8c24b664d80ad7ea7e460241a23535a406,40405 5 40660 8 40915 10 41171 10 41426 11 41682 11 41938 11 42194 11 42450 11 42706 11 42962 11 43219 10 43475 9 43732 8 43989 6 44247 2
912a679e4b9b1d1a75170254fd675b8c24b664d80ad7ea7e460241a23535a406,54740 6 54995 9 55251 10 55507 10 55762 11 56018 11 56275 10 56532 8 56790 4
912a679e4b9b1d1a75170254fd675b8c24b664d80ad7ea7e460241a23535a406,59870 2 60126 3 60382 2
912a679e4b9b1d1a75170254fd675b8c24b664d80ad7ea7e460241a23535a406,31209 5 31465 7 31721 8 31977 10 32232 11 32488 12 32744 12 33001 11 33257 10 33513 9 33767 7 34023 7 34278 8 34533 9 34789 8 35044 9 35300 9 35555 9 35811 9 36066 10 36322 9 36578 9 36834 9 37090 8 37346 8 37603 6 37861 1
912a679e4b9b1d1a75170254fd675b8c24b664d80ad7ea7e460241a23535a406,58604 5 58855 12 59110 15 59364 18 59620 20 59876 21 60132 20 60388 20 60644 20 60901 19 61157 19 61413 18 61671 16 61928 14 62186 7
912a679e4b9b1d1a75170254fd675b8c24b664d80ad7ea7e460241a23535a406,10215 1 10470 4 10726 4 10982 4
912a679e4b9b1d1a75170254fd675b8c24b664d80ad7ea7e460241a23535a406,62958 10 63212 14 63467 16 63723 17 63978 19 64234 19 64490 19 64746 19 65002 19 65259 17 65515 17
e17b7aedd251a016c01ef9158e6e4aa940d9f1b35942d86028dc1222192a9258,32034 4 32288 12 32543 15 32798 17 33053 18 33308 20 33563 21 33819 20 34075 20 34330 20 34586 19 34843 17 35100 15 35358 11 35615 8 35872 5
e17b7aedd251a016c01ef9158e6e4aa940d9f1b35942d86028dc1222192a9258,45365 2 45618 8 45872 11 46126 14 46381 16 46636 17 46892 17 47147 19 47403 18 47659 18 47915 18 48171 18 48427 17 48683 16 48940 14 49197 12 49454 9 49714 1
e17b7aedd251a016c01ef9158e6e4aa940d9f1b35942d86028dc1222192a9258,22080 9 22335 12 22589 15 22845 16 23100 17 23356 18 23612 18 23868 18 24124 18 24381 16 24637 16 24895 13 25152 10
e17b7aedd251a016c01ef9158e6e4aa940d9f1b35942d86028dc1222192a9258,6755 5 7009 10 7264 12 7519 14 7774 16 8030 17 8286 18 8542 18 8798 19 9054 19 9311 18 9567 17 9824 16 10081 14 10339 11 10597 7
e17b7aedd251a016c01ef9158e6e4aa940d9f1b35942d86028dc1222192a9258,37514 4 37768 8 38023 10 38278 12 38533 13 38788 14 39044 14 39300 13 39556 13 39812 12 40069 9 40326 7
e17b7aedd251a016c01ef9158e6e4aa940d9f1b35942d86028dc1222192a9258,6342 7 6597 9 6851 12 7106 13 7362 13 7617 15 7873 15 8129 15 8385 15 8641 14 8897 13 9153 12 9410 10 9667 8
8922a6ac8fd0258ec27738ca101867169b20d90a60fc84f93df77acd5bf7c80b,125443 10 125955 10 126465 16 126977 16 127489 16 128001 18 128513 18 129025 20 129537 20 130049 20 130561 22 131073 22 131585 22 132097 22 132609 22 133121 24 133633 24 134145 24 134657 24 135169 24 135681 24 136193 24 136705 22 137217 22 137729 22 138241 22 138753 22 139265 20 139777 20 140289 20 140803 18 141315 18 141833 10 142345 10 142857 10
8922a6ac8fd0258ec27738ca101867169b20d90a60fc84f93df77acd5bf7c80b,244321 4 244333 8 244347 6 244833 4 244845 8 244859 6 245345 4 245357 8 245371 6 245855 36 246367 36 246877 42 247389 42 247901 42 248413 52 248925 52 249435 56 249947 56 250459 56 250965 64 251477 64 251987 68 252499 68 253011 68 253521 72 253605 14 254033 72 254117 14 254543 74 254625 24 255055 74 255137 24 255567 74 255649 24 256079 74 256159 30 256591 74 256671 30 257103 74 257183 34 257615 74 257695 34 258127 74 258207 34 258639 74 258717 36 259151 74 259229 36 259665 114 260177 114 260689 114 261201 114 261713 114 262227 112 262739 112 263251 112 263767 108 264279 108 264795 106 265307 106 265819 106 266335 100 266847 100 267361 100 267873 100 268385 100 268899 56 268957 40 269411 56 269469 40 269925 52 269983 38 270437 52 270495 38 270949 52 271007 38 271463 50 271521 34 271975 50 272033 34 272491 46 272545 32 273003 46 273057 32 273515 46 273569 32 274029 44 274083 28 274541 44 274595 28 275055 42 275109 20 275567 42 275621 20 276079 42 276133 20 276593 38 276649 8 277105 38 277161 8 277623 28 278135 28 278647 28 279163 14 279675 14
8922a6ac8fd0258ec27738ca101867169b20d90a60fc84f93df77acd5bf7c80b,199837 16 200349 16 200857 24 201369 24 201881 24 202389 30 202901 30 203409 36 203921 36 204433 36 204943 40 205455 40 205965 44 206477 44 206989 44 207501 46 208013 46 208523 48 209035 48 209547 48 210059 50 210571 50 211085 48 211597 48 212109 48 212621 48 213133 48 213645 46 214157 46 214669 46 215183 44 215695 44 216207 42 216719 42 217231 42 217745 38 218257 38 218771 36 219283 36 219795 36 220309 34 220821 34 221335 30 221847 30 222359 30 222873 26 223385 26 223905 16 224417 16 224929 16
8922a6ac8fd0258ec27738ca101867169b20d90a60fc84f93df77acd5bf7c80b,158907 6 159419 6 159931 8 160443 8 160955 8 161465 12 161977 12 162489 14 163001 14 163513 14 164023 18 164535 18 165043 22 165555 22 166067 22 166569 34 167081 34 167587 40 168099 40 168611 40 169119 44 169631 44 170141 46 170653 46 171165 46 171677 46 172189 46 172699 46 173211 46 173723 46 174235 46 174747 46 175259 46 175771 46 176283 46 176797 44 177309 44 177821 42 178333 42 178845 42 179357 42 179869 42 180385 36 180897 36 181409 36 181925 32 182437 32 182953 24 183465 24 183977 24 184503 2 184507 2 185015 2 185019 2
8922a6ac8fd0258ec27738ca101867169b20d90a60fc84f93df77acd5bf7c80b,164115 2 164119 2 164627 2 164631 2 165135 18 165647 18 166159 18 166669 24 167181 24 167693 26 168205 26 168717 26 169229 28 169741 28 170253 28 170765 28 171277 28 171789 30 172301 30 172813 30 173325 30 173837 30 174349 30 174861 30 175375 28 175887 28 176399 28 176911 28 177423 28 177935 28 178447 28 178959 28 179473 26 179985 26 180497 28 181009 28 181521 28 182035 28 182547 28 183061 24 183573 24 184085 24 184599 22 185111 22 185625 8 185637 8 186137 8 186149 8 186649 8 186661 8
8922a6ac8fd0258ec27738ca101867169b20d90a60fc84f93df77acd5bf7c80b,311079 18 311591 18 312103 18 312611 28 313123 28 313629 36 314141 36 314653 36 315163 40 315675 40 316183 46 316695 46 317207 46 317719 46 318231 46 318741 54 319253 54 319765 54 320277 56 320789 56 321303 56 321815 56 322327 56 322839 58 323351 58 323863 60 324375 60 324887 60 325401 58 325913 58 326427 54 326939 54 327451 54
8922a6ac8fd0258ec27738ca101867169b20d90a60fc84f93df77acd5bf7c80b,194867 6 195379 6 195891 6 196403 6 196915 6 197427 6 197939 6
8922a6ac8fd0258ec27738ca101867169b20d90a60fc84f93df77acd5bf7c80b,230755 14 231267 14 231777 18 232289 18 232801 18 233311 24 233823 24 234335 32 234847 32 235359 32 235869 36 236381 36 236893 40 237405 40 237917 40 238429 40 238941 40 239455 40 239967 40 240479 40 240991 42 241503 42 242017 40 242529 40 243041 40 243555 40 244067 40 244579 42 245091 42 245603 42 246117 38 246629 38 247143 36 247655 36 248167 36 248681 32 249193 32 249705 32 250217 32 250729 32 251243 28 251755 28 252271 22 252783 22 253295 22 253811 6 253819 8 254323 6 254331 8
8922a6ac8fd0258ec27738ca101867169b20d90a60fc84f93df77acd5bf7c80b,129449 10 129961 10 130473 10 130983 16 131495 16 132005 20 132517 20 133029 20 133541 20 134053 20 134563 20 135075 20 135587 20 136097 22 136609 22 137117 26 137629 26 138141 26 138643 36 139155 36 139659 44 140171 44 140683 44 141193 44 141705 44 142217 44 142729 44 143241 44 143751 46 144263 46 144775 44 145287 44 145799 44 146311 44 146823 44 147337 40 147849 40 148361 40 148875 38 149387 38 149899 36 150411 36 150923 36 151437 30 151949 30 152463 26 152975 26 153487 26 154001 24 154513 24 155027 18 155539 18 156051 18 156551 28 157063 28 157569 32 158081 32 158593 32 159101 38 159613 38 160123 40 160635 40 161147 40 161657 44 162169 44 162679 46 163191 46 163703 46 164215 44 164727 44 165239 44 165751 44 166263 44 166775 44 167287 44 167799 42 168311 42 168823 42 169335 40 169847 40 170359 38 170871 38 171383 38 171895 36 172407 36 172919 30 173431 30 173943 30 174457 22 174969 22 175491 6 176003 6 176515 6
8922a6ac8fd0258ec27738ca101867169b20d90a60fc84f93df77acd5bf7c80b,252329 22 252841 22 253353 22 253861 30 254373 30 254881 36 255393 36 255905 36 256415 40 256927 40 257433 46 257945 46 258457 46 258963 52 259475 52 259983 56 260495 56 261007 56 261517 58 262029 58 262539 82 263051 82 263563 82 264073 88 264585 88 265097 92 265609 92 266121 92 266633 92 267145 92 267655 96 268167 96 268679 96 269191 96 269703 96 270215 96 270727 96 271239 96 271751 98 272263 98 272775 98 273287 98 273799 98 274313 104 274825 104 275337 108 275849 108 276361 108 276875 116 277387 116 277903 114 278415 114 278927 114 279445 10 279461 92 279957 10 279973 92 280487 90 280999 90 281511 90 282025 58 282087 26 282537 58 282599 26 283051 54 283113 24 283563 54 283625 24 284075 54 284137 24 284591 48 284651 22 285103 48 285163 22 285635 26 285677 18 286147 26 286189 18 286659 26 286701 18 287175 20 287687 20 288205 4 288717 4 289229 4
8922a6ac8fd0258ec27738ca101867169b20d90a60fc84f93df77acd5bf7c80b,170425 6 170937 6 171449 6 171953 20 172465 20 172973 28 173485 28 173997 28 174507 34 175019 34 175529 36 176041 36 176553 36 177065 38 177577 38 178087 42 178599 42 179111 42 179623 42 180135 42 180647 50 181159 50 181671 50 182183 60 182695 60 183207 64 183289 6 183719 64 183801 6 184231 64 184313 6 184745 88 185257 88 185771 86 186283 86 186795 86 187309 84 187821 84 188335 82 188847 82 189359 82 189873 80 190385 80 190899 78 191411 78 191923 78 192439 74 192951 74 193477 60 193989 60 194501 60 195013 60 195525 60 196037 60 196549 60 197061 60 197575 58 198087 58 198601 56 199113 56 199625 56 200139 54 200651 54 201169 48 201681 48 202193 48 202709 44 203221 44 203735 42 204247 42 204759 42 205279 34 205791 34 206307 30 206819 30 207331 30 207847 26 208359 26 208873 24 209385 24 209897 24 210411 22 210923 22 211441 16 211953 16 212465 16 212979 14 213491 14 214005 12 214517 12 215029 12 215547 2 216059 2
8922a6ac8fd0258ec27738ca101867169b20d90a60fc84f93df77acd5bf7c80b,49107 8 49619 8 50131 8 50641 12 51153 12 51655 22 52167 22 52679 22 53177 36 53689 36 54195 42 54707 42 55219 42 55731 40 56243 40 56753 42 57265 42 57777 42 58289 42 58801 42 59311 44 59823 44 60335 44 60847 44 61359 44 61873 44 62385 44 62897 44 63409 44 63921 44 64433 46 64945 46 65457 46 65971 44 66483 44 66995 46 67507 46 68019 46 68531 46 69043 46 69557 44 70069 44 70581 44 71097 38 71609 38 72127 30 72639 30 73151 30 73667 24 74179 24
8922a6ac8fd0258ec27738ca101867169b20d90a60fc84f93df77acd5bf7c80b,46527 10 47039 10 47551 10 48063 8 48575 8 49093 2 49605 2 50117 2
8922a6ac8fd0258ec27738ca101867169b20d90a60fc84f93df77acd5bf7c80b,142293 20 142805 20 143317 20 143825 30 144337 30 144847 36 145359 36 145871 36 146381 44 146893 44 147401 52 147913 52 148425 52 148935 58 149447 58 149957 60 150469 60 150981 60 151491 62 152003 62 152515 62 153027 62 153539 62 154051 62 154563 62 155073 64 155585 64 156097 64 156609 64 157121 64 157633 64 158145 64 158657 64 159169 64 159681 64 160193 64 160705 64 161217 64 161731 62 162243 62 162757 60 163269 60 163781 60 164297 54 164809 54 165325 50 165837 50 166349 50 166865 44 167377 44 167893 40 168405 40 168917 40 169433 34 169945 34 170463 26 170975 26 171487 26
8922a6ac8fd0258ec27738ca101867169b20d90a60fc84f93df77acd5bf7c80b,21989 10 22501 10 23013 10 23519 22 24031 22 24541 26 25053 26 25565 26 26077 28 26589 28 27101 28 27611 32 28123 32 28635 32 29147 32 29659 32 30171 34 30683 34 31195 34 31707 34 32219 34 32733 32 33245 32 33757 32 34269 32 34781 32 35295 28 35807 28 36323 24 36835 24 37347 24 37861 20 38373 20 38889 10 39401 10 39913 10
7f4cbe0b36b5d09466476a7d4e01f4f976c67872d549f4ff47b3e1e3a2b403af,21250 2 21505 4 21761 5 22017 6 22273 7 22529 8 22785 9 23041 9 23297 10 23553 10 23809 10 24065 10 24321 10 24577 10 24833 10 25089 10 25345 10 25601 10 25857 10 26113 10 26369 10 26625 9 26881 10 27137 9 27393 9 27649 9 27905 9 28161 8 28417 7 28673 7 28929 6 29185 5 29441 4 29698 2
7f4cbe0b36b5d09466476a7d4e01f4f976c67872d549f4ff47b3e1e3a2b403af,30721 3 30977 4 31233 10 31489 11 31745 12 32001 13 32257 13 32513 14 32769 14 33025 14 33281 15 33537 15 33793 15 34049 15 34305 15 34561 15 34817 15 35073 14 35329 14 35585 13 35841 13 36097 12 36353 10 36609 8 36865 4 37121 4 37377 4 37633 5 37889 5 38145 5 38401 5 38657 5 38913 5 39169 5 39425 5 39681 5 39937 5 40193 5 40449 5 40705 5 40961 4 41217 4 41473 4 41729 4 41985 3 42241 3 42498 1
7f4cbe0b36b5d09466476a7d4e01f4f976c67872d549f4ff47b3e1e3a2b403af,44545 4 44801 5 45057 6 45313 6 45569 6 45825 6 46081 5 46337 5 46593 5 46849 5 47105 5 47361 5 47617 5 47873 4 48129 4 48385 4 48641 4 48897 5 49153 5 49409 4 49665 4 49921 3 50177 2
7f4cbe0b36b5d09466476a7d4e01f4f976c67872d549f4ff47b3e1e3a2b403af,18458 4 18712 13 18968 15 19223 18 19478 20 19734 20 19990 21 20245 22 20501 22 20756 23 21012 22 21268 22 21524 22 21781 21 22038 20 22294 20 22551 18 22808 17 23066 14 23324 9 23583 3
7f4cbe0b36b5d09466476a7d4e01f4f976c67872d549f4ff47b3e1e3a2b403af,32802 5 33055 1 33057 8 33309 13 33564 15 33818 18 34073 20 34328 21 34583 22 34839 23 35094 24 35350 24 35606 24 35862 23 36118 23 36374 23 36630 22 36886 22 37142 21 37399 19 37655 19 37913 16 38170 14 38428 9 38686 4
7f4cbe0b36b5d09466476a7d4e01f4f976c67872d549f4ff47b3e1e3a2b403af,21557 6 21813 7 22068 8 22324 8 22580 9 22591 2 22836 15 23091 17 23347 18 23602 20 23854 24 24110 24 24366 25 24622 25 24879 23 25135 23 25391 23 25647 23 25902 24 26158 24 26414 23 26669 24 26924 24 27179 24 27435 23 27691 20 27948 4 27954 12 28211 10 28468 8
7f4cbe0b36b5d09466476a7d4e01f4f976c67872d549f4ff47b3e1e3a2b403af,35643 5 35649 6 35898 14 36153 16 36408 17 36662 20 36918 20 37174 20 37430 21 37685 22 37941 22 38197 22 38453 22 38709 22 38965 22 39221 22 39478 20 39734 20 39991 19 40248 17 40505 16 40762 14 41020 11 41279 2 41282 3
7f4cbe0b36b5d09466476a7d4e01f4f976c67872d549f4ff47b3e1e3a2b403af,29250 14 29503 18 29758 20 30013 20 30269 20 30525 20 30780 21 31036 21 31292 21 31548 21 31804 21 32060 21 32317 20 32573 20 32830 19 33086 18 33343 16 33600 14 33858 1 33864 5
7f4cbe0b36b5d09466476a7d4e01f4f976c67872d549f4ff47b3e1e3a2b403af,55642 6 55896 11 56150 14 56405 16 56660 18 56915 20 57171 20 57426 21 57681 22 57937 22 58193 22 58449 21 58705 21 58961 20 59217 20 59474 18 59730 17 59986 17 60242 16 60499 14 60755 12 61015 6
7f4cbe0b36b5d09466476a7d4e01f4f976c67872d549f4ff47b3e1e3a2b403af,40540 5 40795 8 41050 11 41304 15 41560 15 41815 17 42071 18 42326 19 42582 19 42838 19 43094 19 43350 19 43606 19 43862 18 44118 17 44375 16 44632 14 44889 11 45146 8 45403 4
7f4cbe0b36b5d09466476a7d4e01f4f976c67872d549f4ff47b3e1e3a2b403af,13178 10 13432 14 13687 16 13942 18 14197 20 14452 22 14709 22 14966 21 15222 21 15476 23 15730 25 15985 26 16240 27 16495 27 16750 28 17005 28 17261 28 17516 29 17772 29 18028 29 18283 30 18540 29 18796 28 19052 28 19308 28 19562 29 19817 30 20073 30 20330 1 20334 25 20591 24 20835 10 20848 22 21089 15 21105 21 21344 17 21362 19 21600 17 21619 17 21855 18 21876 15 22110 20 22133 13 22366 20 22390 11 22621 22 22647 8 22877 22 23133 22 23389 22 23645 22 23901 21 24158 20 24415 19 24671 18 24928 16 25185 14 25441 13 25699 3
7f4cbe0b36b5d09466476a7d4e01f4f976c67872d549f4ff47b3e1e3a2b403af,32100 7 32353 12 32607 15 32862 17 33118 17 33374 18 33629 20 33885 20 34141 21 34398 20 34654 20 34910 20 35166 20 35422 20 35678 19 35934 19 36190 18 36448 16 36704 15 36962 11 37219 8 37478 2
7f4cbe0b36b5d09466476a7d4e01f4f976c67872d549f4ff47b3e1e3a2b403af,34938 3 35192 7 35447 10 35702 12 35957 15 36213 16 36468 17 36723 19 36979 19 37234 21 37490 21 37745 22 38001 23 38256 24 38512 24 38767 25 39023 24 39278 25 39534 25 39790 25 40046 25 40302 25 40559 23 40815 22 41072 20 41329 18 41586 16 41843 15 42102 3 42109 4
7f4cbe0b36b5d09466476a7d4e01f4f976c67872d549f4ff47b3e1e3a2b403af,43648 7 43901 13 44155 16 44410 18 44665 20 44921 21 45177 21 45432 22 45688 22 45944 22 46200 22 46456 22 46713 21 46969 21 47225 21 47481 21 47737 20 47993 20 48251 17 48510 13
7f4cbe0b36b5d09466476a7d4e01f4f976c67872d549f4ff47b3e1e3a2b403af,2691 2 2945 11 3199 14 3454 16 3709 18 3965 18 4220 19 4476 19 4732 19 4988 19 5244 20 5501 18 5757 18 6013 18 6270 17 6527 15 6783 15 7042 11 7301 6
7f4cbe0b36b5d09466476a7d4e01f4f976c67872d549f4ff47b3e1e3a2b403af,22667 6 22919 12 23174 14 23429 16 23684 19 23939 21 24195 21 24450 23 24706 23 24963 22 25219 22 25475 22 25732 21 25988 21 26244 20 26501 19 26758 17 27014 17 27271 16 27528 14 27784 13 28041 11
7f4cbe0b36b5d09466476a7d4e01f4f976c67872d549f4ff47b3e1e3a2b403af,5779 2 6035 2
7f4cbe0b36b5d09466476a7d4e01f4f976c67872d549f4ff47b3e1e3a2b403af,13470 6 13724 11 13979 13 14234 15 14489 17 14744 19 15000 19 15255 20 15511 20 15767 20 16023 20 16279 20 16534 20 16790 20 17046 19 17302 19 17558 18 17814 17 18073 14 18330 12 18587 8 18845 2
7f4cbe0b36b5d09466476a7d4e01f4f976c67872d549f4ff47b3e1e3a2b403af,50079 4 50333 8 50589 9 50844 10 51100 11 51356 12 51612 12 51868 12 52124 12 52381 10 52639 8 52897 4
7f4cbe0b36b5d09466476a7d4e01f4f976c67872d549f4ff47b3e1e3a2b403af,19613 2 19870 1
7f4cbe0b36b5d09466476a7d4e01f4f976c67872d549f4ff47b3e1e3a2b403af,33955 9 34210 12 34466 13 34721 15 34977 16 35232 19 35488 20 35743 22 35999 22 36254 23 36510 23 36765 25 37022 24 37278 24 37535 23 37791 22 38047 22 38303 21 38560 19 38816 18 39073 17 39329 16 39586 13 39842 11 40099 6
7f4cbe0b36b5d09466476a7d4e01f4f976c67872d549f4ff47b3e1e3a2b403af,43432 5 43686 9 43939 13 44193 17 44449 17 44704 18 44960 17 45215 18 45471 18 45727 19 45982 21 46238 22 46494 22 46750 22 47007 21 47263 20 47519 20 47776 18 48033 17 48290 14 48547 12 48805 7
7f4cbe0b36b5d09466476a7d4e01f4f976c67872d549f4ff47b3e1e3a2b403af,178 18 433 20 689 20 945 20 1201 20 1457 19 1713 19 1969 18 2226 17 2482 16 2739 14 2996 12 3253 10
7f4cbe0b36b5d09466476a7d4e01f4f976c67872d549f4ff47b3e1e3a2b403af,36286 3 36540 7 36795 9 37051 10 37307 11 37563 12 37818 13 38074 14 38330 14 38586 14 38841 15 39097 15 39353 15 39609 15 39865 15 40121 14 40378 13 40634 12 40891 9 41148 7 41410 1
7f4cbe0b36b5d09466476a7d4e01f4f976c67872d549f4ff47b3e1e3a2b403af,43971 4 44224 10 44479 12 44734 14 44989 16 45244 18 45500 18 45756 19 46012 19 46268 19 46523 21 46779 20 47035 21 47291 21 47547 21 47803 21 48059 21 48315 21 48571 21 48828 20 49084 20 49341 19 49597 18 49853 18 50111 16 50368 14 50625 13 50882 10 51140 7
7f4cbe0b36b5d09466476a7d4e01f4f976c67872d549f4ff47b3e1e3a2b403af,16856 6 17110 9 17365 12 17620 14 17875 15 18130 17 18385 19 18640 20 18896 20 19151 21 19407 21 19663 21 19919 21 20175 20 20431 20 20687 19 20944 17 21200 16 21457 13 21715 9 21973 6
7f4cbe0b36b5d09466476a7d4e01f4f976c67872d549f4ff47b3e1e3a2b403af,39128 4 39383 6 39636 10 39890 13 40145 14 40400 16 40655 17 40911 18 41167 18 41423 18 41679 18 41935 17 42191 17 42448 16 42704 15 42961 13 43218 11 43474 10 43731 4
7f4cbe0b36b5d09466476a7d4e01f4f976c67872d549f4ff47b3e1e3a2b403af,27097 1 27350 7 27604 13 27859 17 28114 19 28370 19 28625 21 28881 21 29137 21 29393 20 29649 20 29905 20 30161 19 30417 19 30673 18 30930 16 31186 15 31443 13 31699 12 31956 10 32213 8 32471 5
7f4cbe0b36b5d09466476a7d4e01f4f976c67872d549f4ff47b3e1e3a2b403af,45542 7 45796 12 46050 15 46306 16 46561 17 46817 18 47072 19 47326 22 47582 23 47838 23 48094 23 48351 22 48607 22 48863 22 49120 21 49376 20 49632 19 49889 18 50145 18 50402 16 50659 14 50918 10
7f4cbe0b36b5d09466476a7d4e01f4f976c67872d549f4ff47b3e1e3a2b403af,21224 8 21478 11 21733 14 21988 15 22244 16 22499 17 22755 18 23010 19 23265 19 23521 19 23777 19 24033 18 24289 18 24546 16 24803 14 25060 13 25317 10 25574 8
7f4cbe0b36b5d09466476a7d4e01f4f976c67872d549f4ff47b3e1e3a2b403af,65257 4
7f4cbe0b36b5d09466476a7d4e01f4f976c67872d549f4ff47b3e1e3a2b403af,35574 2 35823 11 36077 14 36333 16 36588 18 36844 19 37100 20 37355 22 37611 22 37867 22 38122 23 38378 23 38634 23 38890 23 39146 23 39402 23 39658 23 39914 23 40170 22 40426 22 40683 19 40939 17 41196 15 41453 14 41711 11 41968 9 42228 4
7f4cbe0b36b5d09466476a7d4e01f4f976c67872d549f4ff47b3e1e3a2b403af,16118 4 16372 10 16626 14 16881 16 17136 17 17391 18 17647 18 17902 19 18158 19 18414 19 18670 19 18927 18 19183 18 19440 17 19697 16 19954 15 20211 14 20468 12 20728 7
7f4cbe0b36b5d09466476a7d4e01f4f976c67872d549f4ff47b3e1e3a2b403af,58363 5 58617 8 58872 9 59127 10 59382 11 59638 11 59893 12 60148 13 60403 14 60659 14 60915 14 61171 14 61427 14 61683 14 61939 14 62195 14 62451 14 62708 13 62964 13 63220 13 63477 12 63733 12 63991 10 64247 10 64503 3 64509 3 64759 2
7f4cbe0b36b5d09466476a7d4e01f4f976c67872d549f4ff47b3e1e3a2b403af,6399 1 6655 2 6910 3 7166 3 7421 4 7677 4 7933 4 8189 4 8445 4 8702 3 8958 3 9215 2
38f5cfb55fc8b048e82a5c895b25fefae7a70c71ab9990c535d1030637bf6a1f,7 14 263 14 519 14 776 13 1033 11 1290 9 1548 6
38f5cfb55fc8b048e82a5c895b25fefae7a70c71ab9990c535d1030637bf6a1f,48670 3 48925 6 49180 7 49436 8 49692 8 49948 9 50204 9 50460 9 50716 9 50972 9 51229 9 51485 9 51741 8 51998 6 52256 3
38f5cfb55fc8b048e82a5c895b25fefae7a70c71ab9990c535d1030637bf6a1f,23334 4 23588 7 23843 9 24099 10 24354 11 24610 11 24865 12 25121 12 25377 12 25633 12 25889 12 26146 11 26402 10 26659 9 26916 7 27174 3
38f5cfb55fc8b048e82a5c895b25fefae7a70c71ab9990c535d1030637bf6a1f,47928 1 48181 6 48436 8 48692 9 48947 10 49203 11 49459 11 49714 12 49970 12 50226 12 50482 12 50739 10 50995 10 51252 8 51509 6
38f5cfb55fc8b048e82a5c895b25fefae7a70c71ab9990c535d1030637bf6a1f,25943 5 26198 7 26454 8 26709 10 26965 10 27221 10 27477 10 27733 10 27990 9 28246 9 28503 7 28760 5
38f5cfb55fc8b048e82a5c895b25fefae7a70c71ab9990c535d1030637bf6a1f,48224 2 48477 7 48732 9 48987 10 49242 11 49497 12 49753 11 50009 11 50265 10 50522 8 50778 7 51036 3
38f5cfb55fc8b048e82a5c895b25fefae7a70c71ab9990c535d1030637bf6a1f,65185 5 65441 6
38f5cfb55fc8b048e82a5c895b25fefae7a70c71ab9990c535d1030637bf6a1f,9655 4 9909 8 10164 9 10419 11 10675 12 10930 13 11186 14 11442 14 11698 14 11954 14 12210 14 12466 14 12723 13 12979 12 13236 11 13493 9 13751 6 14010 1
38f5cfb55fc8b048e82a5c895b25fefae7a70c71ab9990c535d1030637bf6a1f,54468 4 54721 9 54976 11 55231 12 55486 14 55741 15 55997 15 56253 14 56509 14 56765 13 57022 11 57279 8 57537 4
38f5cfb55fc8b048e82a5c895b25fefae7a70c71ab9990c535d1030637bf6a1f,3279 1 3533 5 3788 7 4043 8 4299 9 4555 9 4811 9 5067 10 5323 10 5579 10 5836 8 6093 7 6350 4
38f5cfb55fc8b048e82a5c895b25fefae7a70c71ab9990c535d1030637bf6a1f,36838 1 37091 6 37346 8 37601 10 37857 10 38113 11 38369 11 38625 11 38881 11 39137 11 39394 9 39650 9 39907 8 40163 7 40421 3
336d3e4105766f8ad328a7ee9571e743f376f8cbcf6a969ca7e353fe3235c523,23360 8 23877 12 24394 14 24913 16 25432 18 25951 18 26470 20 26989 20 27508 20 28027 20 28546 22 29065 22 29584 22 30103 22 30622 22 31141 22 31660 22 32179 22 32698 22 33217 22 33736 22 34255 22 34776 20 35295 20 35814 18 36335 16 36856 12 37377 10
336d3e4105766f8ad328a7ee9571e743f376f8cbcf6a969ca7e353fe3235c523,108995 8 109512 14 110031 14 110548 18 111067 18 111586 18 112105 20 112624 20 113143 20 113662 20 114181 22 114700 22 115219 22 115738 22 116257 24 116776 24 117295 24 117814 24 118333 24 118852 24 119371 22 119890 22 120409 22 120928 20 121447 20 121966 2 121970 14 122485 2 122495 6
336d3e4105766f8ad328a7ee9571e743f376f8cbcf6a969ca7e353fe3235c523,45703 6 46220 11 46739 13 47256 15 47775 17 48294 17 48813 17 49332 19 49851 19 50370 19 50889 19 51408 19 51927 19 52446 21 52965 21 53484 21 54003 21 54522 21 55041 21 55560 21 56079 19 56598 19 57117 19 57636 19 58155 19 58676 17 59195 15 59714 15 60233 15 60754 11 61273 11 61796 2
336d3e4105766f8ad328a7ee9571e743f376f8cbcf6a969ca7e353fe3235c523,71161 4 71676 10 72193 14 72710 18 73229 18 73748 20 74265 24 74784 24 75303 26 75822 26 76343 24 76862 26 77381 26 77900 26 78421 24 78940 24 79461 22 79982 20 80501 20 81024 16 81543 14 82064 12 82585 8 83098 14 83615 18 84132 22 84651 24 85168 28 85687 28 86206 30 86725 30 87244 30 87763 32 88284 30 88803 30 89322 30 89843 28 90364 26 90885 24 91406 22 91927 20 92450 16 92971 14 93492 12 93974 7 94011 14 94489 13 94530 16 95008 15 95049 18 95525 19 95566 22 96044 19 96085 22 96563 21 96602 26 97082 21 97121 26 97601 21 97630 8 97640 28 98120 21 98147 10 98159 28 98639 23 98664 14 98680 28 99158 39 99199 28 99677 69 100196 69 100715 69 101236 67 101755 43 101800 22 102274 43 102321 20 102795 41 102842 18 103314 41 103361 18 103835 17 103854 20 103882 16 104354 17 104375 18 104401 16 104873 17 104896 16 104922 14 105390 17 105417 14 105441 12 105909 17 105938 12 105964 6 106426 19 106459 8 106945 19 107464 19 107981 21 108500 23 109019 23 109538 25 110057 25 110578 23 111097 23 111616 23 112135 23 112654 23 113173 23 113692 23 114213 21 114732 19 115253 17 115772 17 116293 15 116815 10 117334 10 117857 2
336d3e4105766f8ad328a7ee9571e743f376f8cbcf6a969ca7e353fe3235c523,31 11 550 11 1071 7
336d3e4105766f8ad328a7ee9571e743f376f8cbcf6a969ca7e353fe3235c523,126173 6 126690 10 127207 14 127726 16 128243 20 128762 20 129281 22 129800 22 130319 22 130838 22
336d3e4105766f8ad328a7ee9571e743f376f8cbcf6a969ca7e353fe3235c523,22379 10 22896 14 23413 18 23932 20 24451 22 24970 24 25489 24 26008 26 26527 26 27046 28 27565 28 28084 28 28603 28 29122 28 29643 26 30162 26 30683 24 31202 22 31723 20 32244 16 32765 12
336d3e4105766f8ad328a7ee9571e743f376f8cbcf6a969ca7e353fe3235c523,56126 8 56643 12 57162 14 57681 16 58198 20 58717 20 59236 20 59755 22 60274 22 60793 24 61312 24 61831 24 62350 24 62869 26 63388 26 63909 24 64428 24 64947 24 65466 24 65987 22 66508 20 67027 20 67546 18 68067 16 68588 12 69109 10
336d3e4105766f8ad328a7ee9571e743f376f8cbcf6a969ca7e353fe3235c523,80 16 119 8 597 32 632 18 1116 55 1635 55 2156 53 2675 53 3194 55 3713 55 3778 4 4230 57 4295 10 4747 61 4814 10 5266 63 5333 12 5783 81 6302 81 6821 83 7338 85 7857 85 8376 83 8895 83 9414 81 9933 81 10452 18 10474 59 10971 18 10993 59 11490 16 11512 59 12009 16 12033 57 12530 14 12552 57 13049 12 13073 55 13570 10 13592 57 14091 4 14113 57 14632 57 15151 59 15672 57 16191 57 16712 57 17231 57 17750 57 18271 57 18790 57 19309 57 19830 57 20349 57 20870 55 21389 55 21911 54 22432 52 22951 52 23472 50 23991 50 24512 50 25031 50 25552 48 26073 48 26592 48 27111 48 27632 48 28151 48 28670 50 29191 48 29710 50 30229 50 30750 48 31269 50 31788 50 32309 48 32830 48 33349 48 33870 46 34389 48 34910 46 35429 48 35948 48 36467 51 36988 49 37507 49 38026 51 38547 49 39068 49 39587 51 40108 49 40627 51 41148 49 41667 51 42188 49 42707 49 43228 47 43747 47 44268 47 44787 47 45306 47 45825 47 46346 47 46865 47 47384 49 47903 49 48424 47 48943 49 49462 49 49983 47 50490 8 50502 49 51007 63 51524 65 52043 67 52560 69 53079 69 53598 71 54117 71 54636 73 55155 73 55676 71 56195 73 56714 73 57235 18 57257 51 57756 12 57778 51 58277 8 58297 59 58816 61 59335 63 59856 61 60375 61 60894 63 61413 63 61932 63 62451 63 62972 61 63491 61 64010 61 64529 61 65050 59 65569 59 66088 59 66609 57 67128 57 67647 57 68166 57 68687 55 69204 57 69723 57 70240 59 70757 61 71276 63 71795 63 72314 65 72831 69 73350 69 73869 71 74388 71 74907 71 75426 73 75945 73 76464 73 76983 17 77002 54 77502 17 77523 52 78021 14 78044 50 78540 14 78563 50 79061 12 79082 50 79580 12 79601 50 80099 12 80122 50 80618 12 80641 50 81137 12 81160 50 81656 12 81679 50 82177 10 82198 50 82696 10 82719 48 83215 8 83238 50 83736 6 83757 50 84278 48 84797 50 85316 50 85837 48 86356 48 86875 50 87394 50 87915 48 88434 50 88953 50 89472 50 89993 50 90512 50 91033 48 91552 50 92071 50 92590 50 93109 52 93630 50 94149 50 94668 53 95189 51 95708 51 96227 51 96746 53 97265 53 97784 53 98303 53 98822 55 99341 55 99860 55 100379 55 100900 53 101419 55 101938 55 102459 53 102978 53 103497 55 104016 55 104535 55 105056 53 105575 55 106094 55 106613 55 107134 55 107653 55 108172 55 108691 57 109212 55 109731 57 110252 55 110323 6 110771 55 110840 10 111290 55 111359 12 111811 55 111876 14 112330 55 112395 16 112849 55 112914 16 113368 55 113433 18 113889 53 113952 18 114408 53 114471 18 114927 53 114990 18 115448 51 115509 18 115967 53 116028 16 116486 53 116547 16 117007 51 117066 16 117526 53 117585 14 118045 53 118104 14 118566 53 118623 14 119085 55 119142 12 119606 65 120125 65 120644 63 121163 61 121682 61 122203 57 122722 57 123241 57 123760 57 124281 55 124800 55 125319 55 125840 53 126359 53 126878 53 127397 53 127916 53 128435 53 128954 55 129475 53 129994 53 130513 51 131034 49
336d3e4105766f8ad328a7ee9571e743f376f8cbcf6a969ca7e353fe3235c523,108557 8 109074 12 109591 16 110108 18 110627 18 111146 18 111665 20 112184 20 112703 20 113224 18 113743 18 114262 16 114781 16 115302 14 115823 10 116344 6
336d3e4105766f8ad328a7ee9571e743f376f8cbcf6a969ca7e353fe3235c523,116360 9 116877 13 117394 15 117911 19 118430 21 118947 25 119466 27 119985 27 120504 27 121021 31 121540 31 122059 31 122578 31 123095 33 123614 33 124133 33 124652 35 125171 35 125690 35 126209 35 126728 35 127249 33 127770 6 127778 21 128299 19 128818 19 129337 19 129856 17 130375 17 130894 15
336d3e4105766f8ad328a7ee9571e743f376f8cbcf6a969ca7e353fe3235c523,40603 2 41120 8 41637 10 42156 12 42673 14 43192 14 43711 14 44228 16 44747 16 45266 16 45785 18 46304 18 46823 18 47339 21 47858 21 48377 21 48896 21 49415 19 49934 19 50451 21 50970 21 51489 21 52008 21 52527 19 53046 19 53565 19 54084 17 54603 15 55122 15 55643 11 56162 9 56684 4
336d3e4105766f8ad328a7ee9571e743f376f8cbcf6a969ca7e353fe3235c523,81097 4 81614 8 82131 10 82650 10 83167 14 83686 14 84203 16 84718 20 85233 22 85752 22 86269 24 86788 24 87305 26 87824 26 88343 26 88862 26 89381 24 89900 24 90419 22 90938 22 91457 20 91978 16 92497 16 93018 12 93537 10 94060 2
336d3e4105766f8ad328a7ee9571e743f376f8cbcf6a969ca7e353fe3235c523,65527 2 66036 16 66551 22 67070 24 67587 26 68106 28 68625 28 69144 28 69663 28 70182 30 70701 30 71220 28 71739 28 72260 26 72779 26 73298 24 73817 24 74338 20 74857 20 75378 18 75899 14 76420 10
336d3e4105766f8ad328a7ee9571e743f376f8cbcf6a969ca7e353fe3235c523,656 8 1175 8 1694 8 2217 2
336d3e4105766f8ad328a7ee9571e743f376f8cbcf6a969ca7e353fe3235c523,93052 2 93567 10 94084 12 94601 16 95120 16 95637 18 96156 18 96675 18 97194 18 97713 18 98230 20 98749 20 99268 20 99789 18 100308 16 100827 16 101348 12 101869 10 102390 4
336d3e4105766f8ad328a7ee9571e743f376f8cbcf6a969ca7e353fe3235c523,74370 6 74887 10 75404 14 75923 14 76442 14 76961 14 77480 14 77999 14 78518 14 79037 14 79556 14 80075 14 80594 14 81113 16 81632 16 82151 16 82670 16 83189 16 83708 14 84229 12 84748 12 85267 12 85786 12 86305 12 86826 10 87345 10 87866 6
336d3e4105766f8ad328a7ee9571e743f376f8cbcf6a969ca7e353fe3235c523,109143 12 109660 18 110179 20 110698 20 111215 22 111736 20 112255 20 112774 20 113293 20 113812 20 114333 18 114854 16 115375 12 115896 8
336d3e4105766f8ad328a7ee9571e743f376f8cbcf6a969ca7e353fe3235c523,1742 3 2257 9 2774 13 3293 13 3810 15 4329 15 4846 17 5365 17 5884 17 6403 17 6920 19 7439 19 7958 19 8475 19 8994 19 9513 19 10030 19 10549 19 11068 16 11587 16 12104 18 12623 16 13142 16 13661 16 14180 14 14701 10 15220 10 15741 6
336d3e4105766f8ad328a7ee9571e743f376f8cbcf6a969ca7e353fe3235c523,92553 6 93070 10 93589 10 94106 14 94625 14 95144 14 95663 16 95694 2 96182 16 96209 8 96701 16 96728 8 97220 16 97245 10 97739 16 97764 12 98258 16 98283 12 98777 16 98802 12 99296 16 99321 12 99815 16 99840 12 100334 16 100359 12 100853 18 100878 12 101372 18 101397 12 101891 18 101916 12 102410 18 102435 12 102929 18 102952 14 103448 18 103471 14 103969 16 103990 14 104488 16 104507 16 105007 16 105026 16 105526 35 106047 14 106064 14 106566 31 107085 12 107102 14 107606 10 107618 17 108125 8 108140 12 108659 12 109180 8
336d3e4105766f8ad328a7ee9571e743f376f8cbcf6a969ca7e353fe3235c523,26131 7 26650 15 27167 19 27688 19 28207 19 28726 21 29245 21 29766 19 30285 19 30806 17 31325 17 31844 17 32363 17 32885 14 33404 14 33923 12 34444 10 34963 10 35484 6 36005 2
336d3e4105766f8ad328a7ee9571e743f376f8cbcf6a969ca7e353fe3235c523,119071 4 119588 8 120105 12 120612 8 120624 12 121129 26 121646 30 122163 32 122682 32 123199 34 123716 36 124235 38 124754 38 125271 26 125299 12 125790 26 125818 12 126309 26 126337 14 126828 24 126858 12 127347 24 127377 10 127866 24 127898 8 128385 24 128419 4 128904 24 129423 24 129944 20 130463 18 130984 14
336d3e4105766f8ad328a7ee9571e743f376f8cbcf6a969ca7e353fe3235c523,36556 4 37071 12 37588 16 38107 18 38624 22 39143 22 39660 24 40179 24 40698 24 41215 26 41734 26 42253 26 42772 26 43291 24 43810 24 44331 20 44850 20 45371 16 45894 10
336d3e4105766f8ad328a7ee9571e743f376f8cbcf6a969ca7e353fe3235c523,15297 8 15814 12 16331 16 16850 18 17367 23 17886 25 18405 27 18924 29 19443 29 19962 31 20481 31 21000 31 21519 33 22040 31 22561 29 23080 29 23601 27 24120 27 24641 25 25162 23 25683 19 26202 19 26725 13 27246 9
336d3e4105766f8ad328a7ee9571e743f376f8cbcf6a969ca7e353fe3235c523,256 29 775 29 1294 29 1815 25 2334 23 2858 18 3379 16 3900 14 4419 14 4938 14 5459 12 5976 14 6495 16 7014 16 7533 16 8052 16 8571 16 9090 16 9609 16 9637 2 10128 16 10150 12 10647 16 10665 18 11166 38 11687 12 11701 22 12206 10 12218 24 12727 6 12739 22 13258 22 13777 24 14294 26 14813 26 15332 26 15851 26 16370 26 16889 26 17408 26 17927 26 18446 24 18963 26 19482 26 20001 26 20520 26 21039 24 21558 24 22079 20 22598 20 23119 16 23638 14 24159 8
336d3e4105766f8ad328a7ee9571e743f376f8cbcf6a969ca7e353fe3235c523,52187 6 52702 14 53219 18 53736 22 54253 26 54772 26 55289 30 55808 30 56325 32 56844 32 57363 32 57880 36 58399 36 58918 36 59437 34 59956 34 60475 34 60994 34 61513 34 62032 32 62551 32 63070 30 63589 30 64108 30 64629 26 65148 24 65667 24 66188 18 66709 12
336d3e4105766f8ad328a7ee9571e743f376f8cbcf6a969ca7e353fe3235c523,93719 8 94234 14 94751 18 95268 22 95783 26 96302 26 96819 28 97338 28 97855 30 98374 30 98891 32 99410 32 99929 30 100448 30 100967 28 101486 28 102005 26 102526 22 103047 18 103572 6
336d3e4105766f8ad328a7ee9571e743f376f8cbcf6a969ca7e353fe3235c523,122280 4 122797 8 123314 12 123833 12 124352 14 124869 16 125388 16 125907 16 126424 18 126943 18 127462 18 127979 20 128498 20 129017 20 129538 18 130057 18 130578 14 131101 10
336d3e4105766f8ad328a7ee9571e743f376f8cbcf6a969ca7e353fe3235c523,311 16 828 20 1347 20 1866 22 2385 22 2904 24 3423 24 3942 24 4461 27 4980 27 5499 27 6020 25 6539 25 7058 25 7579 23 8098 23 8617 23 9138 21 9657 21 10178 19 10697 19 11218 17 11737 14 12258 12 12779 8
336d3e4105766f8ad328a7ee9571e743f376f8cbcf6a969ca7e353fe3235c523,67295 8 67812 10 68331 12 68848 14 69367 14 69884 16 70403 16 70920 18 71439 16 71955 19 72474 19 72993 19 73512 17 74029 19 74548 19 75067 19 75586 19 76103 19 76622 19 77141 19 77658 19 78177 19 78696 19 79215 17 79734 17 80253 15 80772 13 81293 11 81812 9
336d3e4105766f8ad328a7ee9571e743f376f8cbcf6a969ca7e353fe3235c523,42385 8 42902 14 43419 20 43936 22 44455 24 44972 28 45491 28 46010 28 46527 30 47046 30 47565 30 48084 30 48603 30 49122 30 49641 30 50162 28 50681 28 51200 28 51721 24 52240 24 52761 20 53282 16 53803 12
336d3e4105766f8ad328a7ee9571e743f376f8cbcf6a969ca7e353fe3235c523,82354 4 82871 8 83388 10 83907 12 84426 14 84945 16 85464 18 85983 18 86502 18 87021 18 87538 20 88057 20 88576 20 89095 20 89614 18 90133 18 90652 18 91171 16 91690 16 92209 16 92728 14 93247 14 93766 14 94285 14 94804 12 95323 12 95842 12 96363 8 96884 4
336d3e4105766f8ad328a7ee9571e743f376f8cbcf6a969ca7e353fe3235c523,358 16 877 16 1394 18 1913 18 2432 18 2951 18 3470 18 3989 16 4508 16 5027 16 5546 14 6065 14 6584 14 7105 10 7626 6
336d3e4105766f8ad328a7ee9571e743f376f8cbcf6a969ca7e353fe3235c523,83422 4 83939 8 84456 12 84975 12 85494 12 86011 16 86530 16 87049 16 87568 16 88087 16 88606 18 89125 18 89644 18 90163 18 90680 20 91199 20 91718 20 92235 20 92754 18 93273 18 93792 14 94309 16 94826 16 95341 20 95858 22 96377 22 96894 24 97413 24 97930 24 98449 24 98968 24 99487 24 100004 26 100523 26 101042 26 101561 28 102080 28 102599 28 103118 28 103637 28 104156 28 104677 28 105196 28 105715 28 106234 28 106753 28 107274 24 107793 24 108314 22 108833 22 109354 20 109875 16 110396 12
336d3e4105766f8ad328a7ee9571e743f376f8cbcf6a969ca7e353fe3235c523,11800 6 12317 10 12836 10 13353 12 13872 14 14391 14 14910 14 15427 16 15946 16 16465 16 16984 16 17503 16 18022 16 18541 16 19060 16 19579 16 20098 16 20617 16 21136 16 21653 18 22172 18 22691 18 23210 18 23729 16 24248 16 24767 16 25286 14 25805 14 26324 14 26843 12 27364 10 27883 8 28404 4
336d3e4105766f8ad328a7ee9571e743f376f8cbcf6a969ca7e353fe3235c523,117690 8 118205 14 118724 16 119241 18 119760 21 120279 21 120796 23 121315 25 121832 27 122351 27 122870 27 123387 29 123906 29 124425 29 124944 29 125461 31 125980 31 126499 29 127018 29 127537 29 128056 29 128573 31 129092 28 129611 28 130130 26 130649 26 131170 22
336d3e4105766f8ad328a7ee9571e743f376f8cbcf6a969ca7e353fe3235c523,64752 4 65267 12 65784 16 66301 23 66820 23 67339 25 67858 25 68377 25 68896 25 69415 27 69934 27 70453 27 70974 25 71493 25 72012 25 72531 25 73052 23 73571 23 74092 21 74611 19 75132 17 75653 15 76174 11 76695 4
336d3e4105766f8ad328a7ee9571e743f376f8cbcf6a969ca7e353fe3235c523,46612 2 47127 10 47646 10 48163 14 48682 14 49201 16 49720 16 50237 18 50756 18 51275 18 51794 18 52311 20 52830 20 53349 20 53868 20 54387 20 54906 20 55422 23 55941 23 56460 23 56979 23 57498 21 58017 21 58539 18 59058 18 59577 18 60096 16 60615 16 61136 12 61655 12 62176 8 62697 2
336d3e4105766f8ad328a7ee9571e743f376f8cbcf6a969ca7e353fe3235c523,116184 8 116701 10 117218 14 117735 16 118252 18 118769 20 119286 22 119803 24 120322 24 120839 26 121358 26 121877 26 122394 28 122913 26 123432 26 123951 26 124468 28 124987 26 125506 26 126025 26 126544 24 127063 24 127582 22 128103 18 128622 18 129141 16 129662 12 130183 6
336d3e4105766f8ad328a7ee9571e743f376f8cbcf6a969ca7e353fe3235c523,433 34 950 38 1471 36 1990 38 2519 28 3040 26 3561 24 4080 24 4601 22 5120 22 5639 22 6158 22 6679 20 7198 18 7719 16 8238 14 8761 8
336d3e4105766f8ad328a7ee9571e743f376f8cbcf6a969ca7e353fe3235c523,58589 8 59104 16 59621 20 60138 22 60655 26 61174 26 61693 28 62210 30 62729 30 63248 32 63767 32 64286 35 64805 35 65324 35 65843 37 66360 39 66879 39 67396 41 67915 43 68432 45 68951 45 69468 47 69987 47 70506 45 71025 45 71544 45 72063 45 72582 18 72602 23 73101 18 73123 21 73620 16 73642 21 74141 12 74161 18 74662 8 74680 18 75183 4 75199 16 75720 12 76243 2
336d3e4105766f8ad328a7ee9571e743f376f8cbcf6a969ca7e353fe3235c523,11875 10 12388 18 12905 22 13422 24 13941 24 14460 24 14979 26 15498 26 16017 26 16534 28 17053 30 17572 30 18093 28 18612 28 19131 30 19650 30 20169 30 20688 30 21207 30 21728 26 22247 28 22768 26 23287 26 23808 24 24327 26 24846 26 25365 26 25884 26 26403 26 26922 26 27441 26 27960 26 28481 24 29000 24 29521 22 30040 24 30559 24 31078 24 31597 24 32116 24 32633 24 33152 24 33671 24 34192 22 34711 20 35230 18 35751 14 36272 8
336d3e4105766f8ad328a7ee9571e743f376f8cbcf6a969ca7e353fe3235c523,85610 4 86125 12 86642 16 87159 18 87676 20 88192 23 88709 27 89228 27 89745 29 90264 29 90783 29 91300 31 91819 29 92338 29 92857 29 93376 29 93893 31 94412 29 94931 29 95450 27 95969 27 96490 23 97009 23 97528 21 98049 17 98570 13 99091 7
336d3e4105766f8ad328a7ee9571e743f376f8cbcf6a969ca7e353fe3235c523,105330 4 105847 8 106364 12 106881 14 107400 16 107917 20 108436 20 108952 23 109471 25 109988 27 110507 27 111024 31 111543 31 112062 31 112581 31 113100 29 113619 29 114138 29 114657 29 115176 29 115695 27 116214 27 116733 27 117254 25 117773 23 118292 21 118813 19 119332 17 119854 12 120375 6
336d3e4105766f8ad328a7ee9571e743f376f8cbcf6a969ca7e353fe3235c523,32692 4 33209 8 33726 10 34243 12 34762 12 35279 14 35798 14 36317 14 36836 14 37353 16 37872 16 38391 16 38910 16 39429 16 39948 16 40467 16 40986 16 41505 16 42024 16 42545 14 43064 14 43585 12 44106 10 44625 10 45146 8 45667 2
336d3e4105766f8ad328a7ee9571e743f376f8cbcf6a969ca7e353fe3235c523,60197 8 60714 10 61231 12 61750 12 62267 14 62786 14 63305 14 63824 14 64343 14 64862 14 65381 14 65900 14 66421 12 66940 12 67459 12 67980 10 68501 8 69020 8 69541 4
472b1c5ff988dadc209faea92499bc07f305208dbda29d16262b3d543ac91c71,95289 10 95311 6 95801 10 95823 6 96313 10 96335 6 96819 38 97331 38 97841 36 97881 4 97887 6 98353 36 98393 4 98399 6 98865 36 98905 4 98911 6 99377 10 99395 32 99889 10 99907 32 100401 10 100419 32 100909 14 100925 2 100929 36 101421 14 101437 2 101441 36 101929 56 102441 56 102953 56 103463 58 103975 58 104487 58 104993 62 105505 62 106011 64 106523 64 107035 64 107545 66 108057 66 108569 66 109079 70 109591 70 110101 72 110613 72 111125 72 111637 72 112149 72 112661 72 113173 72 113685 72 114197 72 114709 72 115221 72 115735 68 116247 68 116759 66 117271 66 117783 66 118297 64 118809 64 119321 64 119837 34 119877 14 120349 34 120389 14 120863 30 120903 2 121375 30 121415 2 121887 30 121927 2 122401 28 122435 18 122913 28 122947 18 123425 28 123459 18 123937 56 124449 56 124961 56 125473 56 125985 56 126497 54 127009 54 127521 54 128031 54 128543 54 129053 54 129565 54 130077 54 130589 50 131101 50 131613 50 132125 48 132637 48 133147 52 133659 52 134171 52 134683 58 135195 58 135707 58 136217 62 136729 62 137239 62 137751 62 138263 62 138771 68 139283 68 139795 68 140305 70 140817 70 141329 70 141841 70 142353 70 142865 68 143377 68 143889 68 144399 66 144911 66 145419 68 145931 68 146443 68 146953 64 147465 64 147977 64 148487 60 148999 60 149511 52 150023 52 150535 52 151047 42 151559 42 152071 42 152583 38 153095 38 153607 34 154119 34 154631 34 155145 30 155657 30 156169 28 156681 28 157193 28 157703 28 158215 28 158727 28 159239 28 159751 28 160263 30 160775 30 161287 30 161797 34 162309 34 162821 34 163333 34 163845 34 164357 34 164869 34 165381 34 165893 32 166405 32 166917 32 167429 30 167941 30 168453 30 168965 30 169477 30 169987 28 170499 28 171011 28 171523 22 172035 22 172545 18 173057 18 173569 18 174081 14 174593 14 175105 14 175619 8 176131 8
472b1c5ff988dadc209faea92499bc07f305208dbda29d16262b3d543ac91c71,183895 10 184407 10 184913 24 185425 24 185937 24 186427 48 186939 48 187451 48 187957 54 188469 54 188977 60 189489 60 190001 60 190509 64 191021 64 191533 64 192043 66 192555 66 193065 68 193577 68 194089 68 194599 68 195111 68 195623 68 196101 22 196131 72 196613 22 196643 72 197125 24 197153 70 197637 24 197665 70 198149 24 198177 70 198659 98 199171 98 199683 92 200195 92 200707 92 201217 34 201253 54 201729 34 201765 54 202241 34 202277 54 202753 28 202793 46 203265 28 203305 46 203779 22 203821 30 204291 22 204333 30 204803 22 204845 30 205317 10 205329 2 205361 14 205377 2 205381 2 205829 10 205841 2 205873 14 205889 2 205893 2 206341 10 206353 2 206385 14 206401 2 206405 2
472b1c5ff988dadc209faea92499bc07f305208dbda29d16262b3d543ac91c71,341511 4 342023 4 342533 8 343045 8 343557 8 344069 8 344581 8 345093 8 345605 8 346117 8 346629 2 346633 2 347141 2 347145 2 347653 2 347657 2
472b1c5ff988dadc209faea92499bc07f305208dbda29d16262b3d543ac91c71,304647 6 305159 6 305671 6 306183 8 306695 8 307207 10 307719 10 308231 10 308743 10 309255 10 309767 10 310279 8 310791 8 311305 6 311817 6 312329 6 312841 4 313353 4 313865 4
472b1c5ff988dadc209faea92499bc07f305208dbda29d16262b3d543ac91c71,269325 2 269837 2 270349 2
472b1c5ff988dadc209faea92499bc07f305208dbda29d16262b3d543ac91c71,271885 2 272397 2 272909 2
472b1c5ff988dadc209faea92499bc07f305208dbda29d16262b3d543ac91c71,274959 4 275471 4 275985 4 276497 4 277009 4 277521 6 278033 6 278545 6 279057 6 279569 6 280083 4 280595 4 281107 4
472b1c5ff988dadc209faea92499bc07f305208dbda29d16262b3d543ac91c71,29747 6 30259 6 30771 6 31283 14 31795 14 32307 14 32817 20 33329 20 33825 38 34337 38 34849 38 35359 40 35871 40 36383 40 36891 46 37403 46 37915 46 38427 46 38939 46 39449 48 39961 48 40473 48 40985 48 41497 48 42011 44 42523 44 43035 44 43549 24 43581 6 44061 24 44093 6 44573 24 44605 6 45101 2 45613 2
472b1c5ff988dadc209faea92499bc07f305208dbda29d16262b3d543ac91c71,25723 14 26235 14 26747 14 27253 24 27765 24 28277 24 28789 24 29301 24 29813 32 30325 32 30837 32 31347 40 31859 40 32371 40 32883 46 33395 46 33907 48 34419 48 34931 48 35443 52 35955 52 36467 52 36979 54 37491 54 38001 66 38513 66 39025 66 39537 70 40049 70 40561 70 41073 70 41585 70 42097 72 42609 72 43121 72 43633 72 44145 72 44657 72 45169 72 45681 72 46193 74 46705 74 47217 74 47731 74 48243 74 48755 74 49269 72 49781 72 50295 70 50807 70 51319 70 51779 2 51787 40 51829 2 51833 68 52291 2 52299 40 52341 2 52345 68 52803 2 52811 40 52853 2 52857 68 53309 128 53821 128 54329 132 54841 132 55353 132 55863 132 56375 132 56887 132 57399 132 57911 132 58425 122 58549 2 58937 122 59061 2 59449 122 59573 2 59961 72 60039 24 60065 2 60069 2 60073 2 60473 72 60551 24 60577 2 60581 2 60585 2 60985 72 61063 24 61089 2 61093 2 61097 2 61499 68 61581 14 62011 68 62093 14 62521 66 62607 10 63033 66 63119 10 63545 66 63631 10 64055 56 64567 56 65079 56 65589 56 66101 56 66611 58 67123 58 67635 58 68145 58 68657 58 69169 58 69681 58 70193 58 70703 60 71215 60 71727 60 72237 64 72749 64 73259 62 73771 62 74283 62 74789 66 75301 66 75813 66 76319 72 76831 72 77341 74 77853 74 78365 74 78875 78 79387 78 79899 78 80411 78 80923 78 81435 78 81947 78 82459 78 82971 78 83483 78 83995 78 84507 76 85019 76 85533 72 86045 72 86557 72 87073 64 87585 64 88097 64 88613 56 89125 56 89655 28 90167 28 90679 28
472b1c5ff988dadc209faea92499bc07f305208dbda29d16262b3d543ac91c71,164435 6 164947 6 165459 6 165957 28 166469 28 166981 28 167483 6 167491 32 167995 6 168003 32 168503 44 169015 44 169527 44 170039 44 170551 44 171063 44 171573 46 172085 46 172595 46 173107 46 173619 46 174127 48 174639 48 175151 48 175661 46 176173 46 176677 50 177189 50 177701 50 178211 46 178723 46 179235 46 179747 44 180259 44 180773 40 181285 40 181797 40 182309 18 182333 2 182337 2 182341 2 182821 18 182845 2 182849 2 182853 2 183333 18 183357 2 183361 2 183365 2 183845 8 184357 8 184869 2 185381 2 185893 2
472b1c5ff988dadc209faea92499bc07f305208dbda29d16262b3d543ac91c71,115851 2 116363 2 116869 10 116885 8 117381 10 117397 8 117893 10 117909 8 118401 30 118913 30 119425 30 119931 38 120443 38 120953 40 121465 40 121977 40 122489 40 123001 40 123513 40 124025 40 124537 40 125053 36 125565 36 126077 36 126591 32 127103 32 127615 32 128131 20 128643 20 129163 4 129675 4 130187 4
472b1c5ff988dadc209faea92499bc07f305208dbda29d16262b3d543ac91c71,279275 6 279787 6 280297 10 280809 10 281321 10 281799 6 281811 2 281833 12 282311 6 282323 2 282345 12 282823 6 282835 2 282857 12 283335 18 283369 14 283847 18 283881 14 284359 18 284391 16 284871 18 284903 16 285383 18 285415 16 285895 18 285921 24 286407 18 286433 24 286919 18 286943 26 287431 18 287455 26 287943 18 287967 26 288455 50 288967 50 289479 50 289991 50 290503 50 291013 52 291525 52 292037 52 292549 52 293061 52 293573 52 294085 52 294173 10 294597 52 294685 10 295111 20 295137 22 295193 22 295623 20 295649 22 295705 22 296135 20 296161 22 296217 22 296647 20 296675 20 296729 28 297159 20 297187 20 297241 28 297671 20 297699 20 297753 28 298183 22 298211 20 298265 30 298695 22 298723 20 298777 30 299211 18 299237 16 299291 30 299723 18 299749 16 299803 30 300235 18 300261 16 300315 30 300749 16 300775 14 300827 30 301261 16 301287 14 301339 30 301773 16 301799 14 301851 30 302287 14 302313 10 302337 2 302341 2 302363 10 302377 16 302799 14 302825 10 302849 2 302853 2 302875 10 302889 16 303313 14 303359 38 303403 14 303825 14 303871 38 303915 14 304337 14 304383 38 304427 14 304849 20 304893 40 304941 10 305361 20 305405 40 305453 10 305873 20 305917 40 305965 10 306383 24 306429 40 306895 24 306941 40 307405 26 307453 42 307917 26 307965 42 308429 26 308477 42 308937 30 308989 42 309449 30 309501 42 309961 30 310013 42 310469 38 310523 44 310981 38 311035 44 311491 26 311519 14 311547 42 311609 6 311641 4 312003 26 312031 14 312059 42 312121 6 312153 4 312515 26 312543 14 312571 42 312633 6 312665 4 313025 50 313081 42 313143 8 313171 14 313537 50 313593 42 313655 8 313683 14 314049 50 314105 42 314167 8 314195 14 314559 54 314619 12 314633 26 314679 6 314705 18 315071 54 315131 12 315145 26 315191 6 315217 18 315581 56 315645 10 315657 22 315701 46 316093 56 316157 10 316169 22 316213 46 316605 56 316669 10 316681 22 316725 46 317117 58 317183 8 317193 20 317235 48 317629 58 317695 8 317705 20 317747 48 318141 58 318207 8 318217 20 318259 48 318651 24 318677 34 318719 32 318767 50 319163 24 319189 34 319231 32 319279 50 319675 22 319701 34 319743 38 319787 52 320187 22 320213 34 320255 38 320299 52 320699 22 320725 34 320767 38 320811 52 321211 20 321237 36 321279 38 321319 22 321351 20 321723 20 321749 36 321791 38 321831 22 321863 20 322235 20 322261 36 322303 38 322343 22 322375 20 322743 24 322773 10 322789 22 322817 20 322845 8 322855 26 322885 16 323255 24 323285 10 323301 22 323329 20 323357 8 323367 26 323397 16 323765 24 323799 8 323813 22 323841 18 323867 50 324277 24 324311 8 324325 22 324353 18 324379 50 324789 24 324823 8 324837 22 324865 18 324891 50 325303 22 325337 8 325351 20 325381 12 325401 52 325815 22 325849 8 325863 20 325893 12 325913 52 326327 22 326361 8 326375 20 326405 12 326425 52 326831 4 326839 22 326881 2 326889 18 326917 8 326937 50 327343 4 327351 22 327393 2 327401 18 327429 8 327449 50 327855 4 327863 20 327915 16 327941 6 327959 50 328367 4 328375 20 328427 16 328453 6 328471 50 328879 4 328887 20 328939 16 328965 6 328983 50 329385 2 329393 2 329401 2 329413 4 329451 16 329475 6 329495 50 329897 2 329905 2 329913 2 329925 4 329963 16 329987 6 330007 50 330395 4 330409 10 330437 2 330473 16 330497 8 330517 50 330907 4 330921 10 330949 2 330985 16 331009 8 331029 50 331419 4 331433 10 331461 2 331497 16 331521 8 331541 50 331929 26 331969 6 332007 16 332031 10 332047 48 332441 26 332481 6 332519 16 332543 10 332559 48 332953 26 332993 6 333031 16 333055 10 333071 48 333465 10 333477 16 333503 8 333541 14 333567 8 333579 48 333977 10 333989 16 334015 8 334053 14 334079 8 334091 48 334489 30 334527 8 334565 14 334599 50 335001 30 335039 8 335077 14 335111 50 335513 30 335551 8 335589 14 335623 50 336023 40 336065 2 336097 18 336133 52 336535 40 336577 2 336609 18 336645 52 337047 40 337089 2 337121 18 337157 52 337557 46 337631 24 337667 56 338069 46 338143 24 338179 56 338579 52 338649 32 338691 60 338753 2 339091 52 339161 32 339203 60 339265 2 339603 52 339673 32 339715 60 339777 2 340113 56 340179 38 340227 66 340625 56 340691 38 340739 66 341137 56 341203 38 341251 66 341629 10 341647 62 341713 40 341761 68 342141 10 342159 62 342225 40 342273 68 342653 80 342737 118 343165 80 343249 118 343677 80 343761 118 344197 10 344209 60 344273 116 344709 10 344721 60 344785 116 345221 10 345233 60 345297 116 345747 32 345797 2 345813 30 345849 76 346259 32 346309 2 346325 30 346361 76 346773 18 346793 2 346837 2 346841 2 346845 18 346881 30 346913 22 347285 18 347305 2 347349 2 347353 2 347357 18 347393 30 347425 22 347797 18 347817 2 347861 2 347865 2 347869 18 347905 30 347937 22
472b1c5ff988dadc209faea92499bc07f305208dbda29d16262b3d543ac91c71,330371 8 330883 8 331395 8 331905 10 332417 10 332929 10 333439 14 333951 14 334463 12 334975 12 335487 12 336001 8 336513 8 337025 8
472b1c5ff988dadc209faea92499bc07f305208dbda29d16262b3d543ac91c71,183955 8 184467 8 184977 10 185489 10 186001 10 186515 6 187027 6 187539 6 188049 6 188561 6
472b1c5ff988dadc209faea92499bc07f305208dbda29d16262b3d543ac91c71,137443 6 137955 6 138467 6 138981 6 139493 6 140005 6 140517 8 141029 8 141541 12 142053 12 142565 12 143073 16 143585 16 144097 16 144605 26 145117 26 145621 38 146133 38 146645 38 147155 42 147667 42 148179 42 148689 46 149201 46 149711 50 150223 50 150735 50 151247 50 151759 50 152271 50 152781 54 153293 54 153805 54 154317 54 154829 54 155341 54 155853 54 156363 56 156875 56 157387 56 157891 64 158403 64 158915 64 159427 64 159939 64 160449 64 160961 64 161473 64 161987 58 162499 58 163011 58 163509 66 164021 66 164527 68 165039 68 165551 68 166061 36 166105 22 166573 36 166617 22 167085 36 167129 22 167593 38 167645 18 168105 38 168157 18 168613 42 168673 14 169125 42 169185 14 169637 42 169697 14 170149 24 170179 12 170661 24 170691 12 171173 24 171203 12 171683 22 171717 10 172195 22 172229 10 172707 22 172741 8 173219 22 173253 8 173731 22 173765 8 174245 24 174277 10 174757 24 174789 10 175269 24 175301 10 175783 28 175813 8 176295 28 176325 8 176809 26 177321 26 177833 26 178351 18 178863 18 179375 18 179889 12 180401 12
472b1c5ff988dadc209faea92499bc07f305208dbda29d16262b3d543ac91c71,191 42 703 42 1215 42 1721 54 2233 54 2741 62 3253 62 3765 62 4281 62 4793 62 5305 62 5821 60 6333 60 6851 52 7363 52 7875 52 8391 44 8903 44 9415 44 9927 42 10439 42 10935 2 10939 2 10953 40 11447 2 11451 2 11465 40 11959 2 11963 2 11977 40 12467 18 12487 42 12979 18 12999 42 13491 18 13511 42 13999 32 14035 30 14511 32 14547 30 15019 36 15063 26 15531 36 15575 26 16043 36 16087 26 16553 44 16613 10 17065 44 17125 10 17577 44 17637 10 18087 48 18599 48 19111 52 19623 52 20135 52 20645 56 21157 56 21671 56 22183 56 22695 56 23207 56 23719 56 24231 56 24743 60 25255 60 25767 60 26279 60 26791 60 27305 60 27817 60 28329 60 28843 58 29355 58 29869 58 30381 58 30893 58 31409 54 31921 54 32433 54 32951 50 33463 50 33977 48 34489 48 35001 48 35517 44 36029 44 36541 44 37057 38 37569 38 38087 32 38599 32 39111 32 39629 24 40141 24 40653 24 41177 8 41689 8
472b1c5ff988dadc209faea92499bc07f305208dbda29d16262b3d543ac91c71,129227 10 129739 10 130251 10 130759 14 131271 14 131783 14 132283 26 132795 26 133303 28 133815 28 134327 28 134837 30 135349 30 135861 30 136371 32 136883 32 137393 32 137905 32 138417 32 138929 30 139441 30 139953 30 140467 26 140979 26 141493 22 142005 22 142517 22 143033 16 143545 16 144057 16 144573 10 145085 10
472b1c5ff988dadc209faea92499bc07f305208dbda29d16262b3d543ac91c71,92851 10 93363 10 93875 14 94387 14 94899 14 95413 14 95925 14 96437 14 96951 14 97463 14 97977 12 98489 12 99001 12 99515 8 100027 8 100539 8
472b1c5ff988dadc209faea92499bc07f305208dbda29d16262b3d543ac91c71,116925 6 117437 6 117949 6 118455 14 118967 14 119479 14 119991 14 120503 14 121015 14 121527 14 122039 14 122551 12 123063 12 123575 12 124087 12 124599 12 125117 2 125629 2 126141 2
472b1c5ff988dadc209faea92499bc07f305208dbda29d16262b3d543ac91c71,192197 6 192709 6 193219 10 193301 6 193731 10 193813 6 194243 10 194325 6 194755 16 194835 10 195267 16 195347 10 195779 16 195859 10 196291 22 196315 2 196369 14 196803 22 196827 2 196881 14 197311 34 197391 20 197823 34 197903 20 198335 34 198415 20 198845 40 198927 18 199357 40 199439 18 199869 44 199949 2 199953 14 200381 44 200461 2 200465 14 200893 44 200973 2 200977 14 201403 54 201475 24 201915 54 201987 24 202427 54 202499 24 202939 58 203009 26 203451 58 203521 26 203963 62 204033 26 204475 62 204545 26 204987 62 205057 26 205497 98 206009 98 206521 98 207033 100 207545 100 208057 100 208169 14 208569 100 208681 14 209081 100 209193 14 209591 102 209699 20 210103 102 210211 20 210615 102 210723 20 211127 102 211231 24 211639 102 211743 24 212151 128 212663 128 213175 128 213687 128 214199 128 214711 128 215223 128 215735 128 216247 94 216347 28 216759 94 216859 28 217271 94 217371 28 217785 92 217881 30 218297 92 218393 30 218809 92 218905 30 219321 88 219419 26 219833 88 219931 26 220345 88 220445 22 220857 88 220957 22 221369 88 221469 22 221881 88 221981 22 222393 88 222493 22 222905 88 223005 22 223417 58 223493 10 223517 16 223929 58 224005 10 224029 16 224441 62 224539 18 224953 62 225051 18 225465 62 225563 18 225975 70 226077 16 226487 70 226589 16 226999 70 227101 16 227511 60 227573 10 227613 14 228023 60 228085 10 228125 14 228539 52 228645 6 229051 52 229157 6 229563 52 229669 6 230077 48 230181 8 230589 48 230693 8 231101 48 231205 8 231617 42 231717 8 232129 42 232229 8 232645 36 232741 14 233157 36 233253 14 233669 36 233765 14 234185 22 234277 14 234697 22 234789 14 235209 22 235301 14 235723 18 235815 6 236235 18 236327 6 236751 10 237263 10 237775 10 238289 6 238801 6 239313 6
472b1c5ff988dadc209faea92499bc07f305208dbda29d16262b3d543ac91c71,240847 10 241359 10 241871 10 242383 12 242895 12 243409 12 243921 12 244433 12 244945 14 245457 14 245969 14 246483 14 246995 14 247505 18 248017 18 248529 18 249041 20 249553 20 250065 20 250575 22 251087 22 251599 22 252111 22 252623 22 253133 22 253645 22 254157 22 254671 20 255183 20 255695 20 256207 20 256719 20 257233 18 257745 18 258257 18 258771 16 259283 16
472b1c5ff988dadc209faea92499bc07f305208dbda29d16262b3d543ac91c71,266971 2 267483 2
472b1c5ff988dadc209faea92499bc07f305208dbda29d16262b3d543ac91c71,118533 4 119045 4 119557 4 120063 14 120575 14 121083 20 121595 20 122107 20 122617 24 123129 24 123641 24 124153 24 124665 24 125177 26 125689 26 126201 26 126711 28 127223 28 127735 28 128247 28 128759 28 129271 28 129783 28 130295 28 130807 30 131319 30 131831 30 132347 26 132859 26 133373 24 133885 24 134397 24 134909 22 135421 22 135933 22 136447 18 136959 18 137471 18 137983 18 138495 18 139009 14 139521 14 140033 14 140547 8 141059 8
472b1c5ff988dadc209faea92499bc07f305208dbda29d16262b3d543ac91c71,305 2 817 2 1329 2 1791 56 2303 56 2813 60 3325 60 3837 60 4347 64 4859 64 5371 64 5885 2 5889 58 6397 2 6401 58 6915 54 7427 54 7939 54 8453 36 8493 10 8965 36 9005 10 9477 36 9517 10 9995 16 10033 2 10507 16 10545 2 11021 8 11533 8 12045 8
472b1c5ff988dadc209faea92499bc07f305208dbda29d16262b3d543ac91c71,295167 10 295679 10 296191 10 296703 16 297215 16 297727 16 298237 16 298749 16 299263 12 299775 12 300287 12
472b1c5ff988dadc209faea92499bc07f305208dbda29d16262b3d543ac91c71,56089 6 56601 6 57113 6 57619 14 58131 14 58639 18 59151 18 59663 18 60173 18 60685 18 61197 18 61701 22 62213 22 62723 22 63235 22 63747 22 64257 22 64769 22 65281 22 65795 16 66307 16 66819 14 67331 14 67843 14
472b1c5ff988dadc209faea92499bc07f305208dbda29d16262b3d543ac91c71,230161 8 230673 8 231185 8 231695 12 232207 12 232719 12 233231 12 233743 12 234253 16 234765 16 235277 16 235789 16 236301 16 236811 20 237323 20 237835 20 238345 24 238857 24 239369 24 239881 24 240393 24 240905 28 241417 28 241929 28 242441 34 242953 34 243465 36 243977 36 244489 36 245003 40 245515 40 246027 40 246541 42 247053 42 247563 44 248075 44 248587 44 249099 42 249611 42 250123 42 250635 40 251147 40 251657 8 251671 26 252169 8 252183 26 252681 8 252695 26 253193 8 253207 26 253705 8 253719 26 254217 8 254231 26 254729 6 254745 24 255241 6 255257 24 255751 8 255771 20 256263 8 256283 20 256775 8 256795 20 257287 6 257319 4 257799 6 257831 4 258311 6 258343 4 258823 2 259335 2
472b1c5ff988dadc209faea92499bc07f305208dbda29d16262b3d543ac91c71,259881 4 260393 4 260905 4 261413 10 261925 10 262437 10 262933 28 263445 28 263953 32 264465 32 264977 32 265487 34 265999 34 266511 34 267021 32 267533 32 268043 34 268555 34 269067 34 269579 46 270091 46 270603 46 271115 46 271627 46 272137 50 272649 50 273161 50 273673 50 274185 50 274697 50 275209 48 275721 48 276233 46 276745 46 277257 46 277771 44 278283 44 278795 44 279311 40 279823 40 280337 38 280849 38 281361 38 281875 36 282387 36 282899 36 283411 34 283923 34 284435 34 284947 34 285459 34 285973 30 286485 30 287009 18 287521 18 288033 18 288553 2 289065 2 289577 2
472b1c5ff988dadc209faea92499bc07f305208dbda29d16262b3d543ac91c71,162095 6 162607 6 163119 6 163615 20 164127 20 164635 22 165147 22 165659 22 166171 20 166683 20 167195 20 167707 18 168219 18 168731 14 169243 14 169755 14 170267 14 170779 14 171291 14 171805 10 172317 10 172827 12 173339 12 173851 12 174363 12 174875 12 175387 12 175901 10 176413 10 176925 10 177437 10 177949 10 178463 8 178975 8 179487 8 179999 10 180511 10 181025 8 181537 8 182049 8 182563 6 183075 6 183587 6 184105 12 184617 12 185129 10 185641 10 186153 10
472b1c5ff988dadc209faea92499bc07f305208dbda29d16262b3d543ac91c71,226127 12 226639 12 227151 12 227661 18 228173 18 228683 22 229195 22 229707 22 230219 18 230731 18 231243 18 231755 20 232267 20 232779 20 233291 20 233803 20 234315 22 234827 22 235339 22 235853 18 236365 18 236877 16 236895 2 237389 16 237407 2 237901 16 237919 2 238411 10 238923 10 239435 10 239947 12 240459 12 240971 14 241483 14 241995 14 242505 30 243017 30 243527 34 244039 34 244551 34 245055 44 245567 44 246079 44 246589 46 247101 46 247613 46 248125 46 248637 46 249147 48 249659 48 250171 48 250683 46 251195 46 251707 46 252219 46 252731 46 253243 46 253755 46 254267 46 254779 46 255291 46 255801 46 256313 46 256825 46 257339 44 257851 44 258363 44 258875 42 259387 42 259899 20 260411 20 260923 20 261435 16 261947 16 262459 16 262971 4 262981 20 263483 4 263493 20 263991 4 264013 18 264503 4 264525 18 265015 4 265037 18 265549 22 266061 22 266573 22 267085 24 267597 24 268109 26 268621 26 269133 26 269645 26 270157 26 270669 26 271183 2 271201 6 271695 2 271713 6 272227 6 272739 6 273251 6 273745 2 273767 4 274257 2 274279 4 274769 2 274791 4 275281 6 275299 8 275793 6 275811 8 276303 28 276815 28 277327 28 277839 28 278351 28 278863 28 279377 22 279889 22 280405 16 280917 16 281429 16 281943 6 282455 6 282967 6
472b1c5ff988dadc209faea92499bc07f305208dbda29d16262b3d543ac91c71,170307 2 170819 2 171331 2 171841 6 172353 6 172863 8 173375 8 173887 8 174397 10 174909 10 175421 10 175933 8 176445 8 176957 8 177469 8 177981 8 178493 6 179005 6 179517 6 180027 6 180539 6 181049 6 181561 6 182073 6 182585 8 183097 8 183609 8 184121 10 184633 10 185149 6 185661 6 186173 6
472b1c5ff988dadc209faea92499bc07f305208dbda29d16262b3d543ac91c71,222009 2 222521 2 223033 2 223545 4 224057 4
472b1c5ff988dadc209faea92499bc07f305208dbda29d16262b3d543ac91c71,144717 10 145229 10 145729 24 146241 24 146753 24 147261 26 147773 26 148285 26 148795 26 149307 26 149819 26 150331 26 150843 26 151355 20 151867 20 152379 20 152891 14 153403 14 153921 4 154433 4 154945 4
472b1c5ff988dadc209faea92499bc07f305208dbda29d16262b3d543ac91c71,273727 6 274239 6 274751 6 275261 8 275773 8 276285 8 276797 8 277309 8 277821 8 278333 8 278845 8 279357 8 279869 8 280381 6 280893 6 281405 6 281917 2 282429 2 282941 2
472b1c5ff988dadc209faea92499bc07f305208dbda29d16262b3d543ac91c71,287111 8 287623 8 288135 8 288645 18 289157 18 289669 18 290125 10 290179 20 290637 10 290691 20 291141 20 291203 20 291653 20 291715 20 292165 20 292227 20 292673 34 292739 20 293185 34 293251 20 293697 34 293763 20 294209 36 294275 20 294721 36 294787 20 295239 30 295299 22 295751 30 295811 22 296263 30 296323 22 296783 18 296835 24 297295 18 297347 24 297807 18 297859 24 298321 14 298371 26 298833 14 298883 26 299347 12 299397 24 299859 12 299909 24 300371 12 300421 24 300883 30 300933 22 301395 30 301445 22 301907 30 301957 22 302421 30 302469 18 302933 30 302981 18 303449 32 303493 6 303501 2 303505 2 303961 32 304005 6 304013 2 304017 2 304473 32 304517 6 304525 2 304529 2 304985 36 305025 6 305497 36 305537 6 306009 36 306049 6 306523 14 306543 22 307035 14 307055 22 307551 4 307567 20 308063 4 308079 20 308575 4 308591 20 309101 20 309613 20 310125 20 310637 16 311149 16 311661 16 312173 16 312685 16 313199 12 313711 12 314223 12 314737 6 315249 6 315761 2 316273 2 316785 2 317293 8 317805 8 318317 8 318829 8 319341 8 319853 6 320365 6 320877 6
472b1c5ff988dadc209faea92499bc07f305208dbda29d16262b3d543ac91c71,306505 6 307017 6 307529 4 308041 4 308553 4
472b1c5ff988dadc209faea92499bc07f305208dbda29d16262b3d543ac91c71,329567 2 330079 2 330587 8 331099 8 331611 8 332119 10 332631 10 333143 10 333653 22 334165 22 334677 24 335189 24 335701 24 336211 24 336723 24 337235 24 337747 16 338259 16 338771 16 339283 16 339795 16 340307 14 340819 14 341331 14 341843 14 342355 14 342867 12 343379 12 343891 12 344401 14 344913 14 345425 14 345937 14 346449 14 346963 8 347475 8 347987 8
472b1c5ff988dadc209faea92499bc07f305208dbda29d16262b3d543ac91c71,158041 10 158553 10 159065 10 159577 12 160089 12 160599 14 161111 14 161623 14 162135 16 162647 16 163159 16 163671 14 164183 14 164697 10 165209 10 165721 10 166235 6 166747 6 167259 6
472b1c5ff988dadc209faea92499bc07f305208dbda29d16262b3d543ac91c71,342889 2 343401 2 343913 2 344423 6 344935 6 345447 6 345959 4 346471 4
472b1c5ff988dadc209faea92499bc07f305208dbda29d16262b3d543ac91c71,117097 2 117609 2 118121 2
472b1c5ff988dadc209faea92499bc07f305208dbda29d16262b3d543ac91c71,35695 12 36207 12 36719 12 37229 16 37741 16 38253 16 38765 16 39277 16 39793 12 40305 12 40817 12
472b1c5ff988dadc209faea92499bc07f305208dbda29d16262b3d543ac91c71,143217 8 143729 8 144241 8 144751 12 145263 12 145777 10 146289 10 146801 10 147313 10 147825 10 148337 10 148849 8 149361 8 149873 2 149877 2 150385 2 150389 2 150897 2 150901 2 151413 2 151925 2 152437 2
472b1c5ff988dadc209faea92499bc07f305208dbda29d16262b3d543ac91c71,81781 6 82293 6 82805 6 83315 6 83827 6 84339 6 84849 8 85361 8 85873 8 86385 8 86897 8 87409 8 87921 8 88433 8 88947 4 89459 4 89971 4 90483 4 90995 4 91505 6 92017 6 92529 6 93041 4 93553 4 94065 4 94577 4 95089 4 95601 4 96113 4 96625 4
472b1c5ff988dadc209faea92499bc07f305208dbda29d16262b3d543ac91c71,254841 4 255353 4 255865 4 256377 4 256889 4 257401 2 257913 2 258425 2
472b1c5ff988dadc209faea92499bc07f305208dbda29d16262b3d543ac91c71,102273 8 102785 8 103297 8 103807 12 104319 12 104831 12 105343 14 105855 14 106367 14 106879 14 107391 14 107903 14 108415 14 108927 14 109439 12 109951 12 110465 10 110977 10 111489 10 112001 10 112513 10 113027 6 113539 6 114051 6 114563 4 115075 4 115587 4
472b1c5ff988dadc209faea92499bc07f305208dbda29d16262b3d543ac91c71,235919 2 236431 2 236939 10 237451 10 237963 10 238475 10 238987 10 239499 10 240009 12 240521 12 241031 12 241543 12 242055 12 242563 16 243075 16 243585 16 244097 16 244609 16 245121 16 245633 16 246145 16 246657 14 247169 14 247685 10 248197 10 248709 10 249223 8 249735 8 250247 8 250761 2 251273 2
472b1c5ff988dadc209faea92499bc07f305208dbda29d16262b3d543ac91c71,333707 6 334219 6 334725 14 335237 14 335749 14 336259 18 336771 18 337283 18 337795 22 338307 22 338821 22 339333 22 339845 22 340357 24 340869 24 341381 24 341893 26 342405 26 342917 30 343429 30 343941 30 344455 28 344967 28 345479 28 345993 14 346013 2 346505 14 346525 2 347021 6 347533 6 348045 6
472b1c5ff988dadc209faea92499bc07f305208dbda29d16262b3d543ac91c71,306595 4 306605 2 307107 4 307117 2 307617 18 308129 18 308641 18 309141 32 309181 4 309653 32 309693 4 310165 32 310205 4 310673 38 310715 6 311185 38 311227 6 311695 48 312207 48 312719 48 313227 50 313739 50 314251 50 314763 36 314805 2 315275 36 315317 2 315785 36 316297 36 316809 36 317321 34 317833 34 318345 34 318859 30 319371 30 319883 28 320395 28 320907 28 321421 26 321933 26 322445 26 322959 22 323471 22 323993 10 324505 10 325017 10
472b1c5ff988dadc209faea92499bc07f305208dbda29d16262b3d543ac91c71,56243 2 56755 2 57267 2 57781 2 58293 2 58805 6 59317 6 59829 6 60337 16 60849 16 61361 16 61871 20 62383 20 62895 20 63407 20 63919 20 64431 22 64943 22 65455 22 65949 8 65965 22 66461 8 66477 22 66971 40 67483 40 67995 40 68507 42 69019 42 69531 42 70043 42 70555 42 71065 44 71577 44 72089 44 72599 46 73111 46 73623 44 74135 44 74647 44 75159 44 75671 44 76183 44 76693 44 77205 44 77717 42 78229 42 78741 42 79253 38 79765 38 80277 38 80791 36 81303 36 81815 32 82327 32 82839 32 83355 26 83867 26 84379 26 84895 20 85407 20 85921 16 86433 16 86945 16 87461 2 87469 2 87973 2 87981 2 88485 2 88493 2
472b1c5ff988dadc209faea92499bc07f305208dbda29d16262b3d543ac91c71,117163 10 117675 10 118187 10 118695 18 119207 18 119719 18 120229 22 120741 22 121249 28 121761 28 122273 28 122783 30 123295 30 123807 30 124317 32 124829 32 125339 34 125851 34 126363 34 126873 36 127385 36 127897 36 128407 36 128919 36 129431 36 129943 36 130455 36 130965 36 131477 36 131989 36 132501 36 133013 36 133525 34 134037 34 134549 34 135063 32 135575 32 136087 32 136599 32 137111 32 137623 24 138135 24 138647 24 139161 20 139673 20 140185 20 140701 16 141213 16 141729 10 142241 10 142753 10
472b1c5ff988dadc209faea92499bc07f305208dbda29d16262b3d543ac91c71,90013 2 90017 2 90525 2 90529 2 91037 2 91041 2 91549 6 92061 6 92573 6 93083 12 93595 12 94107 20 94619 20 95131 20 95645 22 96157 22 96669 22 97181 24 97693 24 98207 22 98719 22 99231 22 99745 20 100257 20 100769 20 101281 18 101793 18 102305 18 102817 18 103329 18 103841 18 104353 18 104865 18 105377 20 105889 20 106401 20 106913 20 107425 20 107939 14 108451 14 108963 14 109477 6 109989 6
472b1c5ff988dadc209faea92499bc07f305208dbda29d16262b3d543ac91c71,56223 2 56735 2 57247 2
472b1c5ff988dadc209faea92499bc07f305208dbda29d16262b3d543ac91c71,232879 4 233391 4 233903 4 234413 10 234925 10 235437 10 235947 16 236459 16 236971 16 237483 16 237995 16 238507 16 239019 16 239531 16 240041 18 240553 18 241067 14 241579 14 242091 14 242603 14 243115 14
472b1c5ff988dadc209faea92499bc07f305208dbda29d16262b3d543ac91c71,246779 2 247291 2 247801 8 248313 8 248825 8 249337 8 249849 8 250361 8 250873 4 251385 4 251899 2 252411 2 252923 2 253433 4 253945 4 254457 4 254963 14 255475 14 255985 16 256497 16 257009 16 257519 18 258031 18 258543 18 259053 20 259565 20 260077 20 260589 20 261101 20 261609 24 262121 24 262633 24 263143 26 263655 26 264167 26 264679 26 265191 26 265703 26 266215 26 266727 26 267241 24 267753 24 268267 22 268779 22 269291 22 269801 24 270313 24 270825 24 271335 26 271847 26 272357 28 272869 28 273381 28 273893 28 274405 28 274917 28 275431 26 275943 26 276455 6 276463 18 276967 6 276975 18 277479 6 277487 18 277997 20 278509 20 279021 20 279533 20 280045 20 280557 20 281069 20 281581 20 282093 20 282605 20 283117 20 283621 2 283625 2 283633 16 284133 2 284137 2 284145 16 284639 6 284649 2 284661 12 285151 6 285161 2 285173 12 285663 6 285673 2 285685 12 286173 6 286185 2 286199 8 286685 6 286697 2 286711 8 287195 8 287207 8 287223 8 287707 8 287719 8 287735 8 288219 8 288231 8 288247 8 288733 6 288745 8 288759 10 289245 6 289257 8 289271 10 289757 6 289769 8 289783 10 290269 6 290279 26 290781 6 290791 26 291293 6 291301 26 291805 6 291813 26 292317 6 292325 26 292827 36 293339 36 293851 36 294363 36 294875 36 295387 36 295899 36 296411 36 296921 40 297433 40 297945 40 298457 38 298969 38 299479 26 299513 6 299991 26 300025 6 300503 26 300537 6 301013 28 301053 2 301525 28 301565 2 302037 28 302077 2 302549 30 303061 30 303571 38 304083 38 304595 38 305109 38 305621 38 306133 38 306645 38 307157 38 307673 34 308185 34 308697 34 309209 34 309247 2 309721 34 309759 2 310233 34 310271 2 310745 28 310779 6 311257 28 311291 6 311765 26 311801 8 312277 26 312313 8 312789 26 312825 8 313297 26 313333 12 313809 26 313845 12 314321 26 314357 12 314833 48 315345 48 315855 50 316367 50 316879 50 317389 52 317901 52 318413 52 318927 50 319439 50 319951 50 320463 50 320975 50 321489 48 322001 48 322513 48 323025 48 323537 48 324051 46 324563 46 325075 46 325585 48 326097 48 326609 48 327117 52 327629 52 328139 54 328651 54 329163 54 329671 58 330183 58 330693 60 331205 60 331717 60 332227 62 332739 62 333251 62 333763 62 334275 62 334787 62 335299 62 335811 62 336321 64 336833 64 337345 64 337849 72 338361 72 338871 74 339383 74 339895 74 340405 76 340917 76 341429 76 341939 78 342451 78 342963 78 343475 78 343987 78 344501 76 345013 76 345525 76 346039 74 346551 74 347069 68 347581 68 348093 68
472b1c5ff988dadc209faea92499bc07f305208dbda29d16262b3d543ac91c71,162241 8 162753 8 163265 8 163775 12 164287 12 164795 16 165307 16 165819 16 166327 20 166839 20 167351 20 167863 20 168375 20 168887 20 169399 20 169911 20 170427 14 170939 14 171451 14 171967 10 172479 10 172995 4 173507 4 174019 4
472b1c5ff988dadc209faea92499bc07f305208dbda29d16262b3d543ac91c71,245185 10 245697 10 246209 10 246719 14 247231 14 247741 14 248253 14 248765 14 249275 18 249787 18 250299 18 250811 18 251323 18 251835 20 252347 20 252859 20 253369 26 253881 26 254393 26 254905 26 255417 26 255929 26 256441 26 256953 26 257463 26 257975 26 258487 26 258999 24 259511 24 260025 20 260537 20 261049 20 261567 8 262079 8 262591 8
472b1c5ff988dadc209faea92499bc07f305208dbda29d16262b3d543ac91c71,69581 8 70093 8 70605 8 71115 14 71627 14 72139 14 72649 20 73161 20 73671 22 74183 22 74695 22 75205 26 75717 26 76229 26 76741 26 77253 26 77765 26 78277 26 78789 26 79301 26 79813 26 80325 26 80837 24 81349 24 81861 24 82373 24 82885 24 83397 24 83909 24 84421 24 84933 24 85445 24 85957 24 86469 24 86981 24 87493 22 88005 22 88517 22 89029 20 89541 20 90057 16 90569 16 91081 16 91593 16 92105 16 92617 16 93129 14 93641 14 94155 12 94667 12 95179 12 95693 8 96205 8 96717 8 97233 2 97745 2
472b1c5ff988dadc209faea92499bc07f305208dbda29d16262b3d543ac91c71,11247 8 11759 8 12271 8 12781 10 13293 10 13805 10 14309 18 14821 18 15331 12 15843 12 16355 12 16865 14 17377 14 17889 14 18401 14 18913 14 19425 12 19937 12 20449 12 20961 12 21473 12 21985 10 22497 10 23009 10 23521 10 24033 10 24545 10 25055 12 25073 4 25567 12 25585 4 26079 22 26591 22 27103 22 27617 20 28129 20 28641 20 29153 10 29165 8 29665 10 29677 8 30179 8 30189 6 30691 8 30701 6 31203 8 31213 6 31721 10 32233 10 32745 10
472b1c5ff988dadc209faea92499bc07f305208dbda29d16262b3d543ac91c71,69627 2 70139 2 70651 2 71159 6 71671 6 72183 6 72693 8 73205 8 73717 8 74229 8 74741 8 75251 12 75763 12 76275 12 76787 12 77299 12 77811 12 78323 12 78835 12 79343 16 79855 16 80367 16 80873 20 81385 20 81895 26 82407 26 82919 26 83431 26 83943 26 84455 26 84967 26 85479 26 85991 26 86503 26 87015 26 87527 26 88039 26 88551 26 89061 28 89573 28 90083 30 90595 30 91107 30 91619 30 92131 30 92643 30 93153 30 93665 30 94177 30 94689 30 95201 30 95711 34 96223 34 96735 34 97249 32 97761 32 98273 32 98785 32 99297 32 99809 32 100321 32 100833 32 101345 32 101857 32 102369 16 102395 6 102881 16 102907 6 103393 16 103419 6 103905 16 104417 16 104929 16 105443 12 105955 12 106465 12 106977 12 107489 12 108001 8 108513 8 109025 8 109537 8 110049 8 110561 6 111073 6 111585 6
472b1c5ff988dadc209faea92499bc07f305208dbda29d16262b3d543ac91c71,176123 2 176635 2 177133 8 177145 4 177645 8 177657 4 178157 8 178169 4 178667 18 179179 18 179691 18 180203 20 180715 20 181227 20 181739 20 182251 20 182763 22 183275 22 183787 22 184297 6 184313 8 184809 6 184825 8 185321 8 185339 2 185833 8 185851 2 186345 8 186363 2 186857 8 186875 2 187369 8 187387 2 187881 8 187899 2 188393 8 188411 2 188905 8 188923 2 189417 6 189435 2 189439 2 189929 6 189947 2 189951 2 190441 6 190459 2 190463 2 190953 4 190971 4 191465 4 191483 4 191977 4 191995 4 192487 2 192507 4 192999 2 193019 4 193509 4 193531 2 194021 4 194043 2 194533 4 194555 2 195045 6 195053 2 195065 4 195557 6 195565 2 195577 4 196069 6 196077 2 196089 4 196581 24 197093 24 197605 24 198117 24 198629 24 199143 22 199655 22 200169 2 200177 16 200681 2 200689 16 201193 2 201201 16 201701 6 201715 14 202213 6 202227 14 202725 6 202739 14 203235 8 203253 12 203747 8 203765 12 204259 8 204277 10 204771 8 204789 10 205283 8 205301 10 205795 8 205813 10 206307 8 206325 10 206819 8 206837 10 207351 8 207863 8 208377 6 208889 6 209401 6 209913 6 210425 6 210937 6 211447 8 211959 8 212473 6 212985 6 213497 6 214009 6 214521 6 215033 6 215543 8 216055 8 216567 10 217079 10 217591 10 218105 6 218617 6 219129 6 219641 4 220153 4 220665 4 221177 4 221689 4 222187 18 222207 2 222699 18 222719 2 223211 18 223231 2 223721 22 224233 22 224745 22 225257 22 225769 22 226281 22 226793 22 227305 22 227815 26 228327 26 228839 26 229351 26 229863 26 230373 28 230885 28 231397 28 231911 26 232423 26 232935 26 233447 26 233959 26 234473 24 234985 24 235497 24 236009 24 236521 24 237035 22 237547 22 238059 22 238573 18 239085 18 239597 18 240111 10 240623 10 241137 4 241649 4 242161 4
472b1c5ff988dadc209faea92499bc07f305208dbda29d16262b3d543ac91c71,106491 6 107003 6 107515 6 108025 8 108537 8 109049 8 109559 10 110071 10 110583 10 111095 10 111607 10 112117 12 112629 12 113139 14 113651 14 114163 14 114673 16 115185 16 115697 16 116209 16 116721 16 117235 14 117747 14 118259 14 118773 10 119285 10 119797 10 120315 2 120827 2
472b1c5ff988dadc209faea92499bc07f305208dbda29d16262b3d543ac91c71,122873 6 123385 6 123897 6 124403 14 124915 14 125427 14 125939 14 126451 14 126961 16 127473 16 127985 16 128497 16 129009 16 129521 16 130033 16 130545 16 131057 16 131569 16 132081 16 132593 16 133105 16 133619 14 134131 14 134643 14 135155 14 135667 14 136179 14 136691 14 137203 14 137715 14 138227 14 138739 14 139251 14 139763 14 140275 14 140789 12 141301 12 141815 10 142327 10 142839 10 143351 10 143863 10 144375 10 144889 6 145401 6 145913 4 146425 4 146937 4 147449 8 147961 8 148473 8 148983 10 149495 10 150001 2 150005 12 150513 2 150517 12 151025 2 151029 12 151539 2 151543 10 152051 2 152055 10 152563 2 152567 10 153077 12 153589 12 154101 10 154613 10 155125 10 155637 12 156149 12 156661 12 157173 12 157685 12 158199 8 158711 8 159223 8 159737 4 160249 4
472b1c5ff988dadc209faea92499bc07f305208dbda29d16262b3d543ac91c71,147443 2 147955 2 148467 2
472b1c5ff988dadc209faea92499bc07f305208dbda29d16262b3d543ac91c71,15355 2 15867 2 16379 2 16889 4 17401 4 17913 4 18425 4 18937 4
472b1c5ff988dadc209faea92499bc07f305208dbda29d16262b3d543ac91c71,164859 2 165371 2 165883 2 166395 2 166907 2 167419 2 167931 2 168443 2 168955 2 169467 2 169979 2 170491 2 171003 2 171515 2 172027 2 172539 2 173051 2 173563 2 174075 2
d8d4bf68a76e4e4c5f21de7ac613451f7115a04db686151e78b8ec0b6a22022b,32270 3 32525 5 32780 7 33034 9 33290 9 33546 9 33802 8 34059 6 34317 3
d8d4bf68a76e4e4c5f21de7ac613451f7115a04db686151e78b8ec0b6a22022b,34834 1 35087 6 35341 9 35597 10 35852 11 36108 11 36364 11 36620 11 36876 11 37132 10 37389 9 37645 8 37903 4
d8d4bf68a76e4e4c5f21de7ac613451f7115a04db686151e78b8ec0b6a22022b,833 4 1088 6 1343 8 1599 8 1855 8 2111 8 2368 7 2625 6 2883 1
d8d4bf68a76e4e4c5f21de7ac613451f7115a04db686151e78b8ec0b6a22022b,3652 6 3907 8 4162 10 4418 11 4674 11 4929 12 5185 12 5441 11 5698 9 5954 8 6212 4
d8d4bf68a76e4e4c5f21de7ac613451f7115a04db686151e78b8ec0b6a22022b,15171 5 15426 7 15681 9 15937 9 16193 9 16449 9 16705 8 16962 7 17220 3
d8d4bf68a76e4e4c5f21de7ac613451f7115a04db686151e78b8ec0b6a22022b,64928 3 65183 5 65438 7
1ef68e93964c2d9230100c1347c328f6385a7bc027879dc3d4c055e6fe80cb3c,11534 4 11788 8 12043 10 12299 10 12554 12 12810 12 13066 13 13322 13 13578 13 13834 12 14090 12 14347 10 14603 9 14861 5
1ef68e93964c2d9230100c1347c328f6385a7bc027879dc3d4c055e6fe80cb3c,5648 8 5903 10 6158 12 6414 12 6669 14 6924 15 7180 15 7436 15 7692 15 7948 14 8204 14 8461 12 8718 9
1ef68e93964c2d9230100c1347c328f6385a7bc027879dc3d4c055e6fe80cb3c,41239 2 41493 6 41749 7 41999 14 42255 15 42510 16 42766 16 43022 16 43278 16 43534 16 43790 16 44046 15 44303 13 44560 3 44567 4
1ef68e93964c2d9230100c1347c328f6385a7bc027879dc3d4c055e6fe80cb3c,18198 10 18453 12 18709 12 18965 13 19221 13 19477 13 19733 13 19989 13 20245 12 20502 11 20759 9 21016 7 21274 2
1ef68e93964c2d9230100c1347c328f6385a7bc027879dc3d4c055e6fe80cb3c,31518 3 31528 3 31771 9 31782 6 32025 20 32280 22 32535 23 32791 23 33046 25 33302 25 33557 26 33813 17 33832 8 34070 16 34088 8 34326 15 34345 7 34583 14 34601 7 34840 12 34857 6 35098 9 35114 4
1ef68e93964c2d9230100c1347c328f6385a7bc027879dc3d4c055e6fe80cb3c,12584 3 12839 5 13094 6 13349 8 13604 9 13860 9 14115 10 14371 10 14626 11 14882 11 15138 11 15395 10 15651 10 15908 9 16165 7 16422 5 16680 1
1ef68e93964c2d9230100c1347c328f6385a7bc027879dc3d4c055e6fe80cb3c,62790 5 63044 8 63299 10 63555 10 63811 11 64067 11 64322 12 64579 10 64835 10 65091 9 65347 9
1ef68e93964c2d9230100c1347c328f6385a7bc027879dc3d4c055e6fe80cb3c,8278 6 8524 5 8533 7 8778 8 8788 9 9034 19 9289 21 9544 22 9800 22 10056 20 10312 18 10569 15 10825 14 11081 14 11337 15 11593 15 11849 15 12105 15 12362 14 12618 13 12875 12 13133 8
1ef68e93964c2d9230100c1347c328f6385a7bc027879dc3d4c055e6fe80cb3c,18774 7 19028 11 19283 13 19538 15 19793 17 20049 17 20304 18 20560 19 20817 18 21073 18 21329 17 21586 16 21843 14 22100 12 22358 6
1ef68e93964c2d9230100c1347c328f6385a7bc027879dc3d4c055e6fe80cb3c,12144 5 12398 8 12654 8 12909 9 13165 9 13421 10 13677 10 13934 8 14191 7
1ef68e93964c2d9230100c1347c328f6385a7bc027879dc3d4c055e6fe80cb3c,12413 2 12667 7 12923 9 13178 11 13434 12 13691 12 13947 12 14203 12 14460 11 14717 10 14975 7 15234 2
1ef68e93964c2d9230100c1347c328f6385a7bc027879dc3d4c055e6fe80cb3c,135 10 391 9 647 8 904 5
1ef68e93964c2d9230100c1347c328f6385a7bc027879dc3d4c055e6fe80cb3c,1423 3 1677 7 1932 9 2187 11 2442 13 2698 13 2954 13 3211 11 3469 8 3730 2
1ef68e93964c2d9230100c1347c328f6385a7bc027879dc3d4c055e6fe80cb3c,20115 1 20368 7 20623 9 20878 10 21134 11 21390 11 21646 11 21902 10 22158 10 22414 10 22671 10 22928 8 23185 7 23438 4 23443 3 23693 6 23948 7 24204 8 24461 6 24718 5 24975 3
1ef68e93964c2d9230100c1347c328f6385a7bc027879dc3d4c055e6fe80cb3c,9375 1 9628 8 9883 10 10138 12 10393 13 10648 15 10903 16 11158 17 11413 17 11669 17 11925 17 12181 16 12437 15 12693 14 12950 12 13206 11 13463 9 13720 6
1ef68e93964c2d9230100c1347c328f6385a7bc027879dc3d4c055e6fe80cb3c,18081 5 18336 7 18592 7 18848 7 19104 6 19360 5 19618 1
1ef68e93964c2d9230100c1347c328f6385a7bc027879dc3d4c055e6fe80cb3c,23971 4 24225 7 24481 8 24736 9 24992 9 25248 9 25505 8 25761 8 26018 6 26276 2
1ef68e93964c2d9230100c1347c328f6385a7bc027879dc3d4c055e6fe80cb3c,168 6 423 8 678 9 933 11 1189 12 1444 13 1700 14 1956 14 2212 13 2468 13 2726 10
1ef68e93964c2d9230100c1347c328f6385a7bc027879dc3d4c055e6fe80cb3c,13482 3 13737 5 13991 8 14246 9 14501 10 14757 10 15013 9 15269 9 15526 7 15782 6
1ef68e93964c2d9230100c1347c328f6385a7bc027879dc3d4c055e6fe80cb3c,7356 5 7610 8 7864 10 8119 11 8374 13 8630 13 8886 13 9142 13 9398 13 9654 12 9911 11 10167 10 10424 8 10680 7 10938 3
1ef68e93964c2d9230100c1347c328f6385a7bc027879dc3d4c055e6fe80cb3c,5823 4 6079 4 6335 4 6592 1
1ef68e93964c2d9230100c1347c328f6385a7bc027879dc3d4c055e6fe80cb3c,218 4 475 2
1ef68e93964c2d9230100c1347c328f6385a7bc027879dc3d4c055e6fe80cb3c,6393 4 6648 6 6898 1 6903 8 7153 14 7408 15 7663 17 7919 17 8174 18 8430 18 8686 18 8942 17 9199 16 9455 16 9712 14 9968 14 10224 13 10481 11 10737 10 10994 7
1ef68e93964c2d9230100c1347c328f6385a7bc027879dc3d4c055e6fe80cb3c,20471 3 20726 5 20982 6 21238 7 21246 3 21493 12 21749 12 22005 12 22262 11 22518 11 22774 11 23031 10 23287 10 23544 9 23802 7 24060 4
1ef68e93964c2d9230100c1347c328f6385a7bc027879dc3d4c055e6fe80cb3c,2044 4 2297 8 2552 9 2808 9 3064 9 3320 9 3576 9 3833 8 4090 7 4347 6 4606 2
fe9adb627a6f45747c5a8223b671774791ededf9364f6544be487c540107fa4f,9217 2 9473 3 9729 4 9985 4 10241 4 10497 5 10753 4 11009 4 11265 4 11521 3
fe9adb627a6f45747c5a8223b671774791ededf9364f6544be487c540107fa4f,14851 4 15106 7 15362 10 15617 12 15873 12 16129 12 16386 11 16643 8
fe9adb627a6f45747c5a8223b671774791ededf9364f6544be487c540107fa4f,23297 2 23553 4 23809 4 24065 5 24321 6 24577 6 24833 6 25089 6 25345 6 25601 6 25857 5 26114 3
fe9adb627a6f45747c5a8223b671774791ededf9364f6544be487c540107fa4f,36355 4 36610 8 36866 9 37121 10 37377 10 37634 9 37890 8 38146 7 38403 5 38660 3
fe9adb627a6f45747c5a8223b671774791ededf9364f6544be487c540107fa4f,55042 2 55298 3 55555 7 55811 9 56066 11 56321 13 56577 13 56833 13 57089 13 57345 12 57601 11 57857 10 58113 9 58371 2
fe9adb627a6f45747c5a8223b671774791ededf9364f6544be487c540107fa4f,31244 3 31499 6 31754 8 32010 9 32266 10 32522 10 32773 2 32778 10 33028 5 33034 10 33284 18 33539 7 33548 13 33795 6 33804 14 34051 6 34060 14 34307 6 34316 14 34563 6 34572 15 34819 5 34828 14 35076 3 35084 4 35091 7 35349 4
fe9adb627a6f45747c5a8223b671774791ededf9364f6544be487c540107fa4f,4870 4 5125 14 5380 17 5636 17 5892 18 6148 18 6405 16 6662 14 6920 8
fe9adb627a6f45747c5a8223b671774791ededf9364f6544be487c540107fa4f,11534 3 11789 5 12044 6 12295 2 12298 8 12550 12 12805 12 13061 12 13317 12 13574 12 13835 7 14091 7 14349 3
fe9adb627a6f45747c5a8223b671774791ededf9364f6544be487c540107fa4f,27404 2 27659 4 27914 6 28170 6 28425 8 28682 7 28938 7 29194 7 29449 8 29705 8 29961 7 30218 4
fe9adb627a6f45747c5a8223b671774791ededf9364f6544be487c540107fa4f,16146 4 16401 8 16656 10 16911 12 17166 13 17421 14 17676 15 17932 15 18188 15 18444 14 18700 14 18957 12 19213 12 19470 9 19728 6
fe9adb627a6f45747c5a8223b671774791ededf9364f6544be487c540107fa4f,48400 6 48655 9 48910 11 49166 12 49421 14 49677 14 49933 14 50189 14 50445 14 50701 14 50957 13 51214 11 51471 10 51728 8 51985 6 52242 4
fe9adb627a6f45747c5a8223b671774791ededf9364f6544be487c540107fa4f,23576 6 23831 7 24086 8 24342 9 24598 9 24854 9 25111 8 25367 8 25617 14 25873 13 26129 12 26385 12 26642 12 26898 12 27154 13 27410 13 27667 11 27923 11 28180 8 28438 4
fe9adb627a6f45747c5a8223b671774791ededf9364f6544be487c540107fa4f,8217 2 8472 3 8727 4 8982 5 9237 7 9492 9 9748 9 10004 9 10260 9 10517 7 10773 7 11031 4 11037 4 11289 10 11543 12 11798 14 12054 14 12310 14 12566 14 12822 14 13079 12 13336 10 13594 6
fe9adb627a6f45747c5a8223b671774791ededf9364f6544be487c540107fa4f,28 9 282 12 537 14 792 15 1048 16 1303 17 1559 16 1815 16 2071 15 2327 13 2584 10 2840 9 3097 5
fe9adb627a6f45747c5a8223b671774791ededf9364f6544be487c540107fa4f,54303 4 54558 6 54813 7 55069 8 55325 8 55580 10 55836 10 56092 9 56348 9 56604 8 56860 7 57116 13 57372 14 57628 16 57884 17 58141 17 58401 13 58657 13 58913 12 59169 11 59425 10 59681 9 59938 7 60195 4
fe9adb627a6f45747c5a8223b671774791ededf9364f6544be487c540107fa4f,7199 3 7454 5 7710 6 7965 7 8221 7 8477 7 8733 6 8990 4
fe9adb627a6f45747c5a8223b671774791ededf9364f6544be487c540107fa4f,34082 1 34337 4 34592 6 34847 8 35101 11 35357 11 35613 11 35869 11 36125 11 36382 10 36638 9 36894 8 37151 4
fe9adb627a6f45747c5a8223b671774791ededf9364f6544be487c540107fa4f,42788 6 43042 10 43297 12 43553 12 43809 13 44065 13 44321 13 44577 13 44833 13 45090 11 45347 10 45605 6
fe9adb627a6f45747c5a8223b671774791ededf9364f6544be487c540107fa4f,17703 6 17958 9 18213 11 18468 12 18723 14 18979 14 19234 15 19490 15 19746 15 20002 14 20258 14 20514 13 20771 11 21028 9 21285 6
fe9adb627a6f45747c5a8223b671774791ededf9364f6544be487c540107fa4f,2855 1 3109 5 3364 6 3620 7 3876 7 4132 7 4388 6 4645 5 4902 5 5159 4 5414 5 5671 3
fe9adb627a6f45747c5a8223b671774791ededf9364f6544be487c540107fa4f,63782 9 64038 11 64293 12 64549 13 64805 13 65062 11 65319 10
fe9adb627a6f45747c5a8223b671774791ededf9364f6544be487c540107fa4f,54060 5 54314 8 54569 9 54824 11 55079 12 55335 12 55591 12 55848 10 56105 8 56362 6
fe9adb627a6f45747c5a8223b671774791ededf9364f6544be487c540107fa4f,60460 6 60715 8 60970 9 61225 10 61480 12 61736 12 61992 12 62249 11 62505 11 62761 10 63019 7 63277 4
fe9adb627a6f45747c5a8223b671774791ededf9364f6544be487c540107fa4f,36908 5 37163 9 37418 11 37674 13 37929 15 38185 16 38441 17 38697 17 38953 17 39210 16 39466 16 39723 15 39979 15 40236 13 40494 10 40752 7
fe9adb627a6f45747c5a8223b671774791ededf9364f6544be487c540107fa4f,21554 5 21809 8 22064 9 22319 11 22574 12 22830 12 23085 13 23341 13 23597 13 23853 12 24109 11 24366 8 24624 3
fe9adb627a6f45747c5a8223b671774791ededf9364f6544be487c540107fa4f,6963 6 7218 9 7473 11 7729 12 7984 13 8240 14 8496 15 8752 15 9008 15 9265 14 9521 14 9778 13 10034 13 10291 11 10548 9 10806 6
fe9adb627a6f45747c5a8223b671774791ededf9364f6544be487c540107fa4f,28214 6 28469 8 28724 12 28980 13 29235 15 29491 15 29747 16 30003 16 30259 17 30515 17 30770 18 31026 18 31283 17 31539 17 31796 15 32053 14 32311 11 32569 8
fe9adb627a6f45747c5a8223b671774791ededf9364f6544be487c540107fa4f,50496 4 50750 8 51005 10 51260 11 51516 12 51772 12 52027 14 52283 14 52540 13 52796 13 53053 11 53310 9 53568 6
fe9adb627a6f45747c5a8223b671774791ededf9364f6544be487c540107fa4f,16446 5 16701 8 16957 9 17212 10 17468 11 17724 11 17980 12 18236 12 18493 12 18749 12 19006 11 19262 11 19519 10 19776 8 20033 6
fe9adb627a6f45747c5a8223b671774791ededf9364f6544be487c540107fa4f,64 13 319 13 575 12 832 10 1089 8 1346 5
fe9adb627a6f45747c5a8223b671774791ededf9364f6544be487c540107fa4f,2631 6 2886 8 3141 10 3396 11 3652 11 3908 11 4164 11 4420 11 4677 9 4934 7 5191 5
fe9adb627a6f45747c5a8223b671774791ededf9364f6544be487c540107fa4f,8269 3 8523 7 8778 9 9034 9 9289 10 9545 11 9800 12 10056 12 10311 13 10567 12 10823 12 11079 12 11335 11 11591 10 11847 10 12103 8 12360 6
fe9adb627a6f45747c5a8223b671774791ededf9364f6544be487c540107fa4f,24144 6 24398 9 24654 10 24909 11 25165 12 25421 12 25677 12 25934 11 26190 11 26447 10 26704 8 26961 7 27219 3
fe9adb627a6f45747c5a8223b671774791ededf9364f6544be487c540107fa4f,50771 5 51025 10 51041 2 51281 21 51536 23 51793 22 52049 22 52305 22 52562 21 52819 21 53076 9 53087 10 53334 6 53344 9 53603 6 53859 5 54114 6 54370 7 54625 8 54881 9 55137 9 55393 9 55650 8 55907 7 55917 5 56164 8 56173 6 56423 15 56679 16 56935 17 57191 17 57448 16 57704 16 57961 14 58217 14 58473 13 58729 12 58985 11 59241 7 59499 2
fe9adb627a6f45747c5a8223b671774791ededf9364f6544be487c540107fa4f,597 4 851 7 1107 7 1363 9 1619 10 1875 10 2132 9 2389 7 2646 5
fe9adb627a6f45747c5a8223b671774791ededf9364f6544be487c540107fa4f,8294 1 8542 10 8797 12 9051 14 9306 15 9562 15 9817 16 10073 16 10329 16 10584 17 10840 16 11096 16 11353 14 11609 13 11866 9 12122 7 12380 2
fe9adb627a6f45747c5a8223b671774791ededf9364f6544be487c540107fa4f,59998 4 60253 8 60509 9 60764 11 61020 11 61276 11 61533 11 61790 9 62046 9 62303 8 62561 5
fe9adb627a6f45747c5a8223b671774791ededf9364f6544be487c540107fa4f,13926 7 14179 11 14434 13 14689 15 14944 16 15199 17 15455 17 15711 17 15967 17 16223 16 16479 15 16735 14 16992 13 17249 10 17506 8
fe9adb627a6f45747c5a8223b671774791ededf9364f6544be487c540107fa4f,32354 6 32609 9 32864 10 33119 12 33375 12 33631 12 33887 12 34143 12 34399 12 34655 12 34912 11 35168 11 35425 9 35682 8 35940 5
fe9adb627a6f45747c5a8223b671774791ededf9364f6544be487c540107fa4f,48225 4 48480 6 48736 7 48992 8 49248 8 49505 8 49762 7 50019 7 50276 5 50534 3
fe9adb627a6f45747c5a8223b671774791ededf9364f6544be487c540107fa4f,99 7 356 5
fe9adb627a6f45747c5a8223b671774791ededf9364f6544be487c540107fa4f,22382 2 22634 9 22889 12 23144 13 23399 15 23655 15 23910 16 24166 16 24423 15 24679 15 24936 13 25193 11 25450 9 25707 6
fe9adb627a6f45747c5a8223b671774791ededf9364f6544be487c540107fa4f,44660 1 44916 2 45172 2 45422 8 45676 10 45930 13 46185 14 46440 15 46696 15 46952 15 47208 15 47464 15 47721 2 47728 7 47978 1 47984 7 48234 1 48241 6 48491 1 48497 5
fe9adb627a6f45747c5a8223b671774791ededf9364f6544be487c540107fa4f,60014 4 60269 8 60524 9 60780 9 61036 9 61292 9 61548 10 61804 9 62060 9 62317 6 62574 3
fe9adb627a6f45747c5a8223b671774791ededf9364f6544be487c540107fa4f,29822 1 30076 5 30330 9 30586 10 30841 12 31097 12 31353 12 31609 13 31866 12 32122 12 32378 12 32635 10 32892 9 33149 7 33408 1
fe9adb627a6f45747c5a8223b671774791ededf9364f6544be487c540107fa4f,4484 3 4739 6 4994 7 5249 9 5505 9 5759 11 6013 13 6268 14 6524 15 6780 15 7036 15 7293 14 7553 9 7811 7 8069 4
fe9adb627a6f45747c5a8223b671774791ededf9364f6544be487c540107fa4f,8588 8 8844 9 9093 3 9099 10 9348 6 9355 10 9604 17 9859 18 10115 18 10372 16 10628 16 10885 15 11142 13 11399 11 11656 8 11914 3
fe9adb627a6f45747c5a8223b671774791ededf9364f6544be487c540107fa4f,56730 5 56982 11 57236 15 57491 17 57746 19 58002 19 58257 21 58513 21 58769 21 59025 22 59281 22 59537 22 59793 21 60049 21 60306 20 60562 19 60820 17 61077 15 61335 12 61593 10 61851 7 62108 4
fe9adb627a6f45747c5a8223b671774791ededf9364f6544be487c540107fa4f,21397 6 21652 11 21908 13 22164 14 22419 15 22676 14 22932 15 23188 15 23444 15 23701 14 23957 14 24214 13 24471 11 24728 9 24985 7 25243 3
fe9adb627a6f45747c5a8223b671774791ededf9364f6544be487c540107fa4f,38305 3 38558 8 38811 12 39065 16 39320 17 39576 18 39831 20 40086 21 40342 22 40597 23 40853 23 41109 23 41365 23 41621 23 41877 23 42133 23 42389 22 42646 21 42902 20 43160 17 43417 15 43676 10
fe9adb627a6f45747c5a8223b671774791ededf9364f6544be487c540107fa4f,7067 8 7323 8 7577 11 7833 11 8089 11 8345 11 8601 11 8857 10 9114 9 9370 8 9626 7 9881 7 10136 8 10392 9 10648 9 10904 9 11160 8 11417 6 11675 1
fe9adb627a6f45747c5a8223b671774791ededf9364f6544be487c540107fa4f,18079 2 18332 7 18588 7 18843 8 19099 8 19355 8 19610 9 19865 10 20121 9 20377 9 20633 8 20890 4
fe9adb627a6f45747c5a8223b671774791ededf9364f6544be487c540107fa4f,30631 4 30881 12 31136 14 31391 15 31647 15 31903 15 32159 15 32415 14 32672 12 32930 9 33188 4
fe9adb627a6f45747c5a8223b671774791ededf9364f6544be487c540107fa4f,26532 5 26787 6 27042 8 27298 9 27553 10 27809 11 28065 11 28322 9 28579 7 28838 2
fe9adb627a6f45747c5a8223b671774791ededf9364f6544be487c540107fa4f,9649 4 9903 7 10158 9 10413 11 10668 14 10924 16 11180 16 11437 15 11694 14 11950 14 12207 12 12465 9 12723 6
fe9adb627a6f45747c5a8223b671774791ededf9364f6544be487c540107fa4f,30384 2 30639 3 30895 3
fe9adb627a6f45747c5a8223b671774791ededf9364f6544be487c540107fa4f,19892 3 20147 6 20401 10 20657 10 20913 11 21169 11 21425 11 21683 8 21941 6 22198 4
fe9adb627a6f45747c5a8223b671774791ededf9364f6544be487c540107fa4f,6838 3 7092 7 7348 7 7603 8 7860 10 8116 11 8372 12 8629 11 8887 8 9144 7 9401 5 9658 2
fe9adb627a6f45747c5a8223b671774791ededf9364f6544be487c540107fa4f,3003 1 3257 5 3512 9 3768 10 4023 12 4278 13 4534 13 4790 12 5046 12 5303 11 5559 5 5567 1 5816 3
fe9adb627a6f45747c5a8223b671774791ededf9364f6544be487c540107fa4f,17339 6 17594 8 17849 10 18105 10 18360 11 18616 11 18872 10 19129 8 19386 6 19645 2
fe9adb627a6f45747c5a8223b671774791ededf9364f6544be487c540107fa4f,25279 4 25533 8 25789 8 26045 9 26300 10 26555 11 26811 10 27067 9 27324 7
fe9adb627a6f45747c5a8223b671774791ededf9364f6544be487c540107fa4f,21698 3 21952 6 22208 7 22463 8 22718 9 22973 10 23228 11 23484 10 23740 9 23996 8 24253 5
fe9adb627a6f45747c5a8223b671774791ededf9364f6544be487c540107fa4f,9156 4 9411 6 9666 7 9921 8 10176 9 10431 10 10687 11 10944 10 11200 9 11457 7
fe9adb627a6f45747c5a8223b671774791ededf9364f6544be487c540107fa4f,19143 5 19398 8 19654 8 19910 9 20166 9 20422 9 20679 7 20935 7 21192 5
fe9adb627a6f45747c5a8223b671774791ededf9364f6544be487c540107fa4f,27336 5 27591 7 27846 9 28102 9 28358 10 28614 10 28870 9 29127 7 29384 4
fe9adb627a6f45747c5a8223b671774791ededf9364f6544be487c540107fa4f,30417 5 30671 9 30926 11 31182 12 31437 13 31693 14 31949 14 32205 14 32461 14 32717 14 32974 12 33231 10 33489 6
fe9adb627a6f45747c5a8223b671774791ededf9364f6544be487c540107fa4f,15321 4 15576 7 15831 8 16087 9 16342 11 16598 11 16854 11 17109 12 17365 12 17622 10 17879 8 18137 3
fe9adb627a6f45747c5a8223b671774791ededf9364f6544be487c540107fa4f,26843 3 27097 7 27352 9 27607 11 27862 12 28118 12 28374 12 28630 12 28886 11 29142 11 29400 8 29659 4
fe9adb627a6f45747c5a8223b671774791ededf9364f6544be487c540107fa4f,41437 4 41691 7 41946 9 42201 11 42457 12 42713 13 42969 14 43225 14 43481 15 43737 15 43994 14 44250 15 44507 13 44764 12 45021 10 45278 8 45538 1
fe9adb627a6f45747c5a8223b671774791ededf9364f6544be487c540107fa4f,20712 2 20965 7 21220 10 21476 11 21732 11 21988 12 22244 12 22501 11 22757 12 23014 10 23271 9 23528 8 23785 7 24042 5 24300 2
fe9adb627a6f45747c5a8223b671774791ededf9364f6544be487c540107fa4f,7676 2 7929 7 8180 12 8434 15 8689 15 8944 16 9199 16 9454 15 9710 12 9965 11 10220 9 10477 4
fe9adb627a6f45747c5a8223b671774791ededf9364f6544be487c540107fa4f,239 13 495 12 755 8
fe9adb627a6f45747c5a8223b671774791ededf9364f6544be487c540107fa4f,63995 3 64248 8 64502 11 64757 12 65012 13 65268 13 65524 13
fe9adb627a6f45747c5a8223b671774791ededf9364f6544be487c540107fa4f,49914 2 50169 4 50425 6 50680 9 50936 9 51192 9 51448 9 51704 9 51961 2
fe9adb627a6f45747c5a8223b671774791ededf9364f6544be487c540107fa4f,53755 3 54010 6 54266 7 54522 7 54778 7 55034 7 55290 7 55546 7 55803 6 56060 5 56317 3
fe9adb627a6f45747c5a8223b671774791ededf9364f6544be487c540107fa4f,19455 2 19710 3 19965 4 20220 5 20476 5 20733 4 20989 4 21247 2
fe9adb627a6f45747c5a8223b671774791ededf9364f6544be487c540107fa4f,52480 1 52736 1
ab298b962a63e4be9582513aaa84a5e270adba5fd2b16a50e59540524f63c3b8,41222 3 41475 7 41731 8 41986 10 42241 12 42497 12 42753 12 43009 12 43265 12 43521 12 43777 12 44033 12 44289 12 44545 12 44801 11 45057 11 45313 10 45570 8 45827 6
ab298b962a63e4be9582513aaa84a5e270adba5fd2b16a50e59540524f63c3b8,57438 4 57693 7 57948 9 58204 10 58460 10 58717 10 58973 10 59230 9 59488 6 59745 4
ab298b962a63e4be9582513aaa84a5e270adba5fd2b16a50e59540524f63c3b8,25717 3 25971 6 26226 8 26481 9 26736 11 26992 11 27247 12 27502 13 27758 13 28013 14 28269 14 28525 13 28780 14 29036 13 29292 13 29548 12 29804 11 30060 10 30317 8 30574 5
ab298b962a63e4be9582513aaa84a5e270adba5fd2b16a50e59540524f63c3b8,62837 2 63092 3 63348 3 63604 2
ab298b962a63e4be9582513aaa84a5e270adba5fd2b16a50e59540524f63c3b8,20901 6 21155 9 21410 11 21665 13 21920 14 22176 14 22431 15 22687 14 22944 13 23200 12 23457 10 23715 6
ab298b962a63e4be9582513aaa84a5e270adba5fd2b16a50e59540524f63c3b8,63655 5 63910 9 64165 11 64421 12 64677 12 64933 12 65190 11 65447 10
ab298b962a63e4be9582513aaa84a5e270adba5fd2b16a50e59540524f63c3b8,3251 6 3506 8 3761 10 4016 11 4272 11 4528 11 4784 11 5041 10 5298 8 5556 4
ab298b962a63e4be9582513aaa84a5e270adba5fd2b16a50e59540524f63c3b8,14845 4 15099 6 15354 7 15608 9 15863 10 16118 11 16373 12 16628 13 16883 14 17139 14 17394 15 17650 15 17907 14 18163 14 18420 13 18677 12 18935 7
ab298b962a63e4be9582513aaa84a5e270adba5fd2b16a50e59540524f63c3b8,52732 4 52986 7 53241 8 53496 9 53752 9 54007 10 54263 10 54519 10 54774 11 55030 11 55286 11 55542 11 55798 11 56055 10 56311 10 56567 10 56824 9 57080 9 57336 9 57593 8 57850 7 58108 4
ab298b962a63e4be9582513aaa84a5e270adba5fd2b16a50e59540524f63c3b8,254 3 509 4 765 4 1021 4 1277 4 1533 4 1790 3
648c8ffa496e1716017906d0bf135debfc93386ae86aa3d4adbda9a505985fd9,17493 2 17749 3 18004 4 18260 4 18515 5 18770 6 19025 7 19280 8 19534 10 19790 9 20045 10 20301 9 20557 8 20814 5 21072 1
648c8ffa496e1716017906d0bf135debfc93386ae86aa3d4adbda9a505985fd9,14685 2 14939 6 15194 7 15450 8 15706 9 15962 9 16218 10 16474 10 16730 10 16986 10 17242 10 17499 10 17755 10 18011 10 18267 10 18523 10 18779 10 19035 10 19292 9 19548 9 19804 8 20061 6
648c8ffa496e1716017906d0bf135debfc93386ae86aa3d4adbda9a505985fd9,2497 3 2751 7 3006 9 3262 10 3517 11 3773 12 4029 12 4282 15 4538 15 4795 14 5051 13 5307 13 5564 11 5821 10 6079 6
648c8ffa496e1716017906d0bf135debfc93386ae86aa3d4adbda9a505985fd9,12008 4 12262 7 12517 9 12772 11 13028 11 13284 12 13540 12 13796 12 14053 11 14311 8 14570 4
259b35151d4a7a5ffdd7ab7f171b142db8cfe40beeee67277fac6adca4d042c4,270853 6 271365 6 271877 8 272389 8 272901 8 273413 10 273925 10 274437 10 274947 12 275459 12 275971 10 276483 10 276995 10 277507 10 278019 10 278531 10 279043 10 279555 10 280069 6 280581 6 281093 6
259b35151d4a7a5ffdd7ab7f171b142db8cfe40beeee67277fac6adca4d042c4,329225 4 329737 4 330247 8 330759 8 331271 8 331781 10 332293 10 332805 10 333317 10 333829 10 334343 8 334855 8 335367 8 335877 10 336389 10 336901 10 337413 26 337925 26 338437 26 338949 26 339461 26 339973 30 340485 30 340997 30 341509 32 342021 32 342533 36 343045 36 343557 36 344069 40 344581 40 345093 40 345605 30 346117 30 346629 6 346637 2 346641 14 347141 6 347149 2 347153 14 347653 6 347661 2 347665 14
259b35151d4a7a5ffdd7ab7f171b142db8cfe40beeee67277fac6adca4d042c4,206861 8 207373 8 207883 10 208395 10 208907 10 209419 10 209931 10 210443 10 210955 8 211467 8
259b35151d4a7a5ffdd7ab7f171b142db8cfe40beeee67277fac6adca4d042c4,211993 6 212505 6 213017 6 213525 10 214037 10 214549 10 215061 10 215573 10 216089 6 216601 6 217113 6
259b35151d4a7a5ffdd7ab7f171b142db8cfe40beeee67277fac6adca4d042c4,20531 14 21043 14 21551 28 22063 28 22575 28 23087 28 23599 28 24111 28 24623 28 25135 28 25647 18 25669 6 26159 18 26181 6 26671 18 26693 6 27181 18 27205 4 27693 18 27717 4 28205 18 28229 4 28721 12 29233 12 29749 2 30261 2 30773 2
259b35151d4a7a5ffdd7ab7f171b142db8cfe40beeee67277fac6adca4d042c4,156241 10 156753 10 157265 10 157761 8 157771 20 158273 8 158283 20 158785 8 158795 20 159295 32 159807 32 160319 34 160831 34 161343 34 161855 36 162367 36 162879 36 163389 42 163901 42 164413 46 164925 46 165437 46 165947 44 166459 44 166971 44 167483 46 167995 46 168507 46 169019 46 169531 46 170043 52 170555 52 171067 52 171579 54 172091 54 172601 56 173113 56 173625 56 174139 56 174651 56 175163 56 175681 50 176193 50 176709 46 177221 46 177733 46 178249 40 178761 40 179273 40 179787 38 180299 38 180813 6 180821 10 180835 14 181325 6 181333 10 181347 14 181837 6 181845 10 181859 14 182347 4 182357 2 182373 10 182859 4 182869 2 182885 10 183371 4 183381 2 183397 10 183877 12 183907 10 184389 12 184419 10 184901 18 185413 18 185925 18 186435 16 186947 16 187459 16 187969 18 188481 18 188995 10 189507 10 190019 10 190531 12 191043 12 191555 12 192065 26 192577 26 193089 38 193129 2 193601 38 193641 2 194113 38 194153 2 194625 46 195137 46 195649 46 196161 48 196673 48 197187 50 197699 50 198211 50 198725 52 199237 52 199751 52 200263 52 200775 52 201291 50 201803 50 202315 50 202831 48 203343 48 203857 46 204369 46 204881 46 205409 30 205921 30 206433 30 206949 28 207461 28 207973 30 208485 30 208997 30 209513 26 210025 26 210537 26 211053 20 211565 20 212079 24 212591 24 213103 24 213607 2 213611 30 214119 2 214123 30 214631 2 214635 30 215145 34 215657 34 216169 34 216681 34 217193 34 217707 32 218219 32 218731 32 219251 6 219265 8 219763 6 219777 8
259b35151d4a7a5ffdd7ab7f171b142db8cfe40beeee67277fac6adca4d042c4,344123 2 344635 2 345147 2 345659 2 346171 2
259b35151d4a7a5ffdd7ab7f171b142db8cfe40beeee67277fac6adca4d042c4,119883 8 120395 8 120903 14 121415 14 121927 14 122437 16 122949 16 123461 16 123971 22 124483 22 124995 18 125507 18 126019 18 126529 8 126539 2 127041 8 127051 2 127553 8 127563 2 128071 2 128583 2
259b35151d4a7a5ffdd7ab7f171b142db8cfe40beeee67277fac6adca4d042c4,340041 2 340553 2 341065 2 341573 10 342085 10 342595 14 343107 14 343619 14 344133 12 344645 12 345157 12 345675 2 346187 2
259b35151d4a7a5ffdd7ab7f171b142db8cfe40beeee67277fac6adca4d042c4,266827 4 267339 4 267851 8 268363 8 268875 8 269389 8 269901 8 270413 8 270925 10 271437 10 271951 8 272463 8 272975 8
259b35151d4a7a5ffdd7ab7f171b142db8cfe40beeee67277fac6adca4d042c4,323669 2 324181 2 324693 2 325199 12 325711 12 326223 12 326731 20 327243 20 327757 20 328269 20 328781 20 329291 24 329803 24 330315 28 330827 28 331339 28 331851 28 332363 28 332875 28 333389 30 333901 30 334415 30 334927 30 335439 30 335955 30 336467 30 336979 30 337495 28 338007 28 338519 28 339031 28 339543 28 340059 26 340571 26 341083 26 341597 24 342109 24 342623 22 343135 22 343647 22 344159 20 344671 20 345183 20 345699 14 346211 14
259b35151d4a7a5ffdd7ab7f171b142db8cfe40beeee67277fac6adca4d042c4,100945 2 101457 2
259b35151d4a7a5ffdd7ab7f171b142db8cfe40beeee67277fac6adca4d042c4,221785 4 222297 4 222809 4 223317 12 223333 4 223347 2 223829 12 223845 4 223859 2 224339 36 224851 36 225363 36 225875 38 226387 38 226899 38 227413 44 227925 44 228437 60 228949 60 229461 60 229975 60 230487 60 230999 60 231511 60 232023 60 232535 62 233047 62 233559 62 234071 64 234583 64 235095 64 235607 66 236119 66 236631 68 237143 68 237655 68 238167 70 238679 70 239191 70 239701 68 240213 68 240725 66 241237 66 241749 66 242261 68 242773 68 243287 8 243297 14 243313 42 243799 8 243809 14 243825 42 244311 8 244321 14 244337 42 244823 4 244829 2 244837 52 245335 4 245341 2 245349 52 245847 4 245853 2 245861 52 246359 10 246375 20 246399 22 246871 10 246887 20 246911 22 247383 36 247895 36 248407 36 248921 32 249433 32 249945 32 250457 32 250969 32 251483 42 251995 42 252507 42 253021 46 253533 46 254045 46 254559 48 255071 48 255587 54 256099 54 256611 54 257125 58 257637 58 258149 58 258663 64 259175 64 259693 60 260205 60 260717 60 261233 40 261275 2 261279 8 261745 40 261787 2 261791 8 262257 40 262299 2 262303 8 262779 24 263291 24 263819 6 264331 6 264843 6
259b35151d4a7a5ffdd7ab7f171b142db8cfe40beeee67277fac6adca4d042c4,296537 2 296541 2 297049 2 297053 2 297561 2 297565 2 298073 6 298085 2 298585 6 298597 2 299099 16 299611 16 300123 16 300635 20 301147 20 301659 20 302169 24 302681 24 303191 26 303703 26 304215 26 304725 30 305237 30 305749 30 306259 32 306771 32 307283 38 307795 38 308307 38 308819 40 309331 40 309843 40 310357 38 310869 38 311383 38 311895 38 312407 38 312927 30 313439 30 313951 30 314463 30 314975 30 315485 32 315997 32 316509 32 317021 36 317533 36 318045 36 318557 38 319069 38 319583 40 320095 40 320607 40 321125 36 321637 36 322149 36 322669 30 323181 30 323695 30 324207 30 324719 30 325235 10 325249 10 325747 10 325761 10 326259 10 326273 10 326771 6 326787 8 327283 6 327299 8
259b35151d4a7a5ffdd7ab7f171b142db8cfe40beeee67277fac6adca4d042c4,263773 6 264285 6 264797 6 265307 8 265819 8 266331 8 266843 14 267355 14 267867 28 268379 28 268891 28 269405 28 269917 28 270429 28 270947 26 270977 6 271459 26 271489 6 271977 36 272489 36 273001 36 273511 42 274023 42 274535 42 275045 52 275557 52 276055 80 276567 80 277079 80 277591 86 278103 86 278615 86 279129 84 279641 84 280155 66 280223 16 280667 66 280735 16 281179 66 281247 16 281699 56 281757 14 282211 56 282269 14 282723 56 282781 14 283235 62 283299 2 283747 62 283811 2 284257 64 284769 64 285281 64 285793 64 285859 2 286305 64 286371 2 286819 62 286885 4 287331 62 287397 4 287843 62 287909 4 288357 68 288869 68 289381 68 289895 66 290407 66 290921 34 290963 22 291433 34 291475 22 291945 34 291987 22 292465 54 292977 54 293489 54 294003 22 294029 24 294515 22 294541 24 295029 20 295053 24 295541 20 295565 24 296053 20 296077 24 296567 18 296591 10 296603 6 297079 18 297103 10 297115 6 297591 18 297615 10 297627 6 298103 12 298131 6 298615 12 298643 6 299131 6 299643 6 300155 6
259b35151d4a7a5ffdd7ab7f171b142db8cfe40beeee67277fac6adca4d042c4,123995 2 124507 2 125019 2 125531 2 126043 2
259b35151d4a7a5ffdd7ab7f171b142db8cfe40beeee67277fac6adca4d042c4,120935 2 121447 2 121959 2 122463 10 122975 10 123487 10 123999 6 124511 6 125023 8 125535 8 126047 8 126559 4 127071 4 127583 4
259b35151d4a7a5ffdd7ab7f171b142db8cfe40beeee67277fac6adca4d042c4,32921 16 33433 16 33943 18 34455 18 34967 18 35479 22 35503 6 35991 22 36015 6 36503 22 36527 6 37011 36 37523 36 38035 36 38547 36 39059 36 39569 40 40081 40 40593 40 41101 44 41613 44 42123 46 42635 46 43147 46 43659 46 44171 46 44683 46 45195 46 45707 46 46219 46 46731 46 47243 46 47755 48 48267 48 48779 48 49289 36 49331 8 49801 36 49843 8 50313 30 50357 4 50825 30 50869 4 51337 30 51381 4 51847 22 51873 2 52359 22 52385 2 52871 22 52897 2 53383 20 53895 20 54405 22 54917 22 55429 22 55935 2 55939 14 56447 2 56451 14 56959 2 56963 14 57463 18 57975 18 58485 18 58997 18 59509 18 60019 20 60531 20 61043 20 61555 20 62067 20 62577 20 63089 20 63601 20 64113 14 64625 14 65137 14 65647 12 66159 12 66671 14 67183 14 67695 14 68207 14 68719 14 69231 16 69253 2 69743 16 69765 2 70255 16 70277 2 70769 24 71281 24 71793 24 72305 24 72817 24 73329 24 73841 24 74353 24 74861 30 75373 30 75885 30 76397 32 76909 32 77419 34 77931 34 78443 34 78955 36 79467 36 79979 36 80491 34 81003 34 81515 32 82027 32 82539 32 83051 28 83563 28 84075 28 84585 28 85097 28 85607 30 86119 30 86631 30 87141 30 87653 30 88165 30 88675 34 89187 34 89697 32 90209 32 90721 32 91233 24 91745 24 92257 24 92769 16 93281 16 93795 10 94307 10 94819 10 95333 6 95845 6 96357 6
259b35151d4a7a5ffdd7ab7f171b142db8cfe40beeee67277fac6adca4d042c4,116843 6 117355 6 117867 6 118379 6 118891 6 119403 6 119917 4 120429 4
259b35151d4a7a5ffdd7ab7f171b142db8cfe40beeee67277fac6adca4d042c4,340091 4 340603 4 341115 4 341625 10 342137 10 342649 14 343161 14 343673 14 344189 8 344701 8 345213 8 345727 2 346239 2
259b35151d4a7a5ffdd7ab7f171b142db8cfe40beeee67277fac6adca4d042c4,4229 6 4741 6 5253 6 5763 10 6275 10
259b35151d4a7a5ffdd7ab7f171b142db8cfe40beeee67277fac6adca4d042c4,85639 2 86151 2 86663 2
259b35151d4a7a5ffdd7ab7f171b142db8cfe40beeee67277fac6adca4d042c4,302217 4 302729 4
259b35151d4a7a5ffdd7ab7f171b142db8cfe40beeee67277fac6adca4d042c4,144531 4 145043 4 145557 2 146069 2 146581 2
259b35151d4a7a5ffdd7ab7f171b142db8cfe40beeee67277fac6adca4d042c4,119961 6 120473 6 120983 8 121495 8 122007 8 122521 6 123033 6 123545 6 124057 4 124569 4
259b35151d4a7a5ffdd7ab7f171b142db8cfe40beeee67277fac6adca4d042c4,342687 4 343199 4 343711 4 344221 6 344733 6 345245 6 345759 2 346271 2
259b35151d4a7a5ffdd7ab7f171b142db8cfe40beeee67277fac6adca4d042c4,286893 2 287405 2 287917 2 288427 2 288939 2 289451 2
259b35151d4a7a5ffdd7ab7f171b142db8cfe40beeee67277fac6adca4d042c4,284337 4 284849 4 285361 4 285873 6 286385 6 286897 2 287409 2 287921 2
259b35151d4a7a5ffdd7ab7f171b142db8cfe40beeee67277fac6adca4d042c4,221 2 247 4 259 6 733 2 759 4 771 6 1245 2 1271 4 1283 6 1735 68 2247 68 2755 72 3267 72 3779 72 4285 80 4797 80 5309 80 5819 78 6331 78 6845 58 7357 58 7869 58 8381 40 8893 40 9405 40 9915 44 10427 44 10939 46 11451 46 11963 46 12473 50 12985 50 13497 50 14009 50 14521 50 15035 36 15077 6 15547 36 15589 6 16059 36 16101 6 16579 30 17091 30 17603 30 18121 2 18125 20 18633 2 18637 20 19149 20 19661 20 20173 20 20683 4 20691 12 21195 4 21203 12 21707 2 21719 4 22219 2 22231 4 22731 2 22743 4
259b35151d4a7a5ffdd7ab7f171b142db8cfe40beeee67277fac6adca4d042c4,288443 4 288955 4 289467 4
259b35151d4a7a5ffdd7ab7f171b142db8cfe40beeee67277fac6adca4d042c4,303295 4 303807 4 304319 4
259b35151d4a7a5ffdd7ab7f171b142db8cfe40beeee67277fac6adca4d042c4,239853 10 240365 10 240873 12 241385 12 241897 12 242407 12 242919 12 243429 10 243941 10 244453 10 244965 8 245477 8 245989 8 246479 22 246991 22 247495 30 248007 30 248519 30 249029 30 249541 30 250053 30 250565 28 251077 28 251587 4 251603 10 252099 4 252115 10 252611 4 252627 10 253141 6 253653 6 254165 6 254671 8 255183 8 255695 8 256207 8 256719 8 257229 8 257741 8 258253 8 258769 4 259281 4
259b35151d4a7a5ffdd7ab7f171b142db8cfe40beeee67277fac6adca4d042c4,24803 2 24807 22 24847 4 25315 2 25319 22 25359 4 25823 54 26335 54 26847 54 27357 56 27869 56 28381 56 28889 58 29401 58 29905 68 30417 68 30929 68 31441 70 31953 70 32465 70 32973 76 33485 76 33997 78 34509 78 35021 78 35531 82 36043 82 36555 82 37067 84 37579 84 38091 84 38603 84 39115 84 39627 82 40139 82 40651 82 41163 66 41231 12 41675 66 41743 12 42189 72 42701 72 43213 72 43729 64 44241 64 44753 64 45267 60 45779 60 46293 56 46805 56 47317 56 47831 52 48343 52 48855 52 49373 28 49407 8 49885 28 49919 8 50401 14 50913 14 51425 14
259b35151d4a7a5ffdd7ab7f171b142db8cfe40beeee67277fac6adca4d042c4,300779 14 301291 14 301803 14 302311 24 302823 24 303331 30 303843 30 304355 30 304867 30 304909 4 305379 30 305421 4 305891 30 305933 4 306401 30 306437 16 306913 30 306949 16 307425 30 307457 26 307937 30 307969 26 308449 30 308481 26 308965 2 308969 20 308991 28 309477 2 309481 20 309503 28 309989 2 309993 20 310015 28 310507 16 310525 28 311019 16 311037 28 311529 14 311545 28 312041 14 312057 28 312553 14 312569 28 313055 22 313081 18 313567 22 313593 18 314079 22 314105 18 314591 18 314613 18 315103 18 315125 18 315615 16 315633 18 316127 16 316145 18 316639 16 316657 18 317151 16 317169 16 317663 16 317681 16 318175 16 318193 16 318687 14 318705 16 319199 14 319217 16 319713 10 319727 18 320225 10 320239 18 320737 10 320751 18 321249 8 321263 14 321761 8 321775 14 322273 8 322287 14 322785 6 322797 14 323297 6 323309 14 323809 4 323821 12 323839 6 324321 4 324333 12 324351 6 324833 4 324845 12 324863 6 325345 22 325371 12 325857 22 325883 12 326369 22 326395 12 326885 10 326907 12 327397 10 327419 12 327909 10 327931 10 328421 10 328443 10 328933 10 328955 10 329449 6 329467 8 329961 6 329979 8 330469 4 330475 6 330483 16 330981 4 330987 6 330995 16 331493 4 331499 6 331507 16 332005 20 332517 20 333029 20 333541 20 334053 20 334561 24 335073 24 335585 24 336093 26 336131 8 336143 2 336605 26 336643 8 336655 2 337117 26 337155 8 337167 2 337629 22 337663 22 338141 22 338175 22 338649 24 338685 28 339161 24 339197 28 339673 24 339709 28 340181 26 340217 34 340693 26 340729 34 341205 26 341241 34 341711 80 342223 80 342733 86 343245 86 343757 86 344269 84 344781 84 345293 84 345807 28 345839 16 345869 6 345877 2 345881 2 346319 28 346351 16 346381 6 346389 2 346393 2 346837 2 346849 6 346865 2 346869 2 347349 2 347361 6 347377 2 347381 2 347861 2 347873 6 347889 2 347893 2
259b35151d4a7a5ffdd7ab7f171b142db8cfe40beeee67277fac6adca4d042c4,259815 2 260327 2 260839 2 261349 4 261861 4 262373 4
259b35151d4a7a5ffdd7ab7f171b142db8cfe40beeee67277fac6adca4d042c4,269559 6 270071 6 270583 6 271081 6 271093 10 271593 6 271605 10 272105 22 272617 22 273129 22 273641 16 274153 16 274665 16
259b35151d4a7a5ffdd7ab7f171b142db8cfe40beeee67277fac6adca4d042c4,258809 4 259321 4 259831 2 260343 2 260855 2
259b35151d4a7a5ffdd7ab7f171b142db8cfe40beeee67277fac6adca4d042c4,275201 2 275713 2
259b35151d4a7a5ffdd7ab7f171b142db8cfe40beeee67277fac6adca4d042c4,201573 12 202085 12 202597 12 203105 20 203617 20 204129 20 204641 20 205153 20 205663 24 206175 24 206687 24 207197 26 207709 26 208219 2 208223 26 208731 2 208735 26 209243 2 209247 26 209761 24 210273 24 210785 24 211297 24 211809 24 212325 20 212837 20 213349 20 213861 20 214373 20 214885 20 215399 18 215911 18 216423 16 216935 16 217447 16 217957 18 218469 18 218981 18 219491 18 220003 18 220513 20 221025 20 221537 20 222049 16 222561 16 223073 16 223585 14 224097 14 224609 12 225121 12 225633 12 226145 10 226657 10 227169 10 227681 10 228193 10 228705 10 229217 10 229729 10 230241 12 230753 12 231265 12 231779 12 232291 12 232803 12 233315 12 233827 12 234339 14 234851 14 235363 14 235875 14 236387 14 236897 16 237409 16 237921 16 238361 8 238433 16 238873 8 238945 16 239385 8 239457 16 239895 14 239969 18 240407 14 240481 18 240919 12 240967 44 241431 12 241479 44 241943 12 241991 44 242455 8 242501 46 242967 8 243013 46 243479 8 243521 50 243991 8 244033 50 244503 8 244545 50 245015 8 245047 60 245527 8 245559 60 246039 8 246071 60 246549 10 246571 70 247061 10 247083 70 247569 14 247591 24 247631 34 248081 14 248103 24 248143 34 248593 14 248615 24 248655 34 249103 18 249125 22 249177 24 249615 18 249637 22 249689 24 250127 18 250149 22 250201 24 250639 16 250657 2 250661 18 250713 22 251151 16 251169 2 251173 18 251225 22 251663 8 251679 22 251739 20 252175 8 252191 22 252251 20 252687 8 252703 22 252763 20 253215 20 253275 18 253727 20 253787 18 254239 20 254299 18 254749 20 254811 18 255261 20 255323 18 255769 2 255773 18 255837 14 256281 2 256285 18 256349 14 256793 2 256797 18 256861 14 257301 22 257373 12 257813 22 257885 12 258325 22 258397 12 258837 14 258853 6 259349 14 259365 6 259851 24 259879 4 260363 24 260391 4 260875 24 260903 4 261379 28 261891 28 262403 28 262915 18 262935 6 263427 18 263447 6 263939 10 263961 2 263965 2 264451 10 264473 2 264477 2 264963 10 264985 2 264989 2 265499 4 266011 4 266523 4 267035 2 267547 2
259b35151d4a7a5ffdd7ab7f171b142db8cfe40beeee67277fac6adca4d042c4,232717 6 233229 6 233741 6 234253 8 234765 8 235277 8 235791 6 236303 6 236817 4 237329 4 237841 4
259b35151d4a7a5ffdd7ab7f171b142db8cfe40beeee67277fac6adca4d042c4,269581 6 270093 6 270605 6 271117 2 271121 2 271629 2 271633 2
259b35151d4a7a5ffdd7ab7f171b142db8cfe40beeee67277fac6adca4d042c4,4379 4 4385 2 4891 4 4897 2 5403 4 5409 2 5915 16 6427 16 6945 10 7457 10 7969 10 8485 6 8997 6 9509 6 10025 2 10537 2
259b35151d4a7a5ffdd7ab7f171b142db8cfe40beeee67277fac6adca4d042c4,15171 4 15181 8 15683 4 15693 8 16195 4 16205 8 16707 8 16717 10 17219 8 17229 10 17731 8 17741 10 18243 20 18755 20 19269 20 19781 20 20293 20 20795 30 21307 30 21815 34 22327 34 22839 34 23351 34 23863 34 24375 34 24885 36 25397 36 25907 38 26419 38 26931 38 27443 38 27955 38 28467 38 28977 40 29489 40 29999 42 30511 42 31023 42 31531 46 32043 46 32555 46 33059 54 33571 54 34085 52 34597 52 35109 52 35623 52 36135 52 36647 52 37163 48 37675 48 38189 48 38701 48 39213 48 39727 46 40239 46 40751 46 41263 48 41775 48 42289 48 42801 48 43313 48 43827 46 44339 46 44851 46 45363 46 45875 46 46377 2 46385 50 46889 2 46897 50 47401 2 47409 50 47913 58 48425 58 48937 58 49449 58 49961 58 50475 58 50987 58 51499 58 52013 56 52525 56 53037 56 53551 54 54063 54 54577 52 55089 52 55601 52 56111 54 56623 54 57135 54 57645 56 58157 56 58669 56 59181 56 59693 56 60205 56 60717 56 61229 56 61743 24 61769 28 62255 24 62281 28 62767 22 62793 28 63279 22 63305 28 63791 22 63817 28 64305 20 64329 26 64817 20 64841 26 65329 20 65353 26 65843 16 65861 30 66355 16 66373 30 66873 42 67385 42 67897 42 68413 6 68421 28 68925 6 68933 28 69441 32 69953 32 70465 32 70977 30 71489 30 72001 30 72505 36 73017 36 73527 24 73557 6 74039 24 74069 6 74551 24 74581 6 75063 22 75575 22 76087 22 76599 20 77111 20 77623 20 78135 20 78647 20 79159 16 79671 16 80183 16 80697 14 81209 14 81723 8 82235 8 82747 8 83261 4 83773 4 84285 4 84799 6 85311 6 85823 6 86335 6 86847 6 87359 4 87871 4 88383 4
259b35151d4a7a5ffdd7ab7f171b142db8cfe40beeee67277fac6adca4d042c4,268067 2 268579 2 269091 2
259b35151d4a7a5ffdd7ab7f171b142db8cfe40beeee67277fac6adca4d042c4,342821 6 342829 2 343333 6 343341 2 343845 6 343853 2 344357 8 344869 8 345381 8
259b35151d4a7a5ffdd7ab7f171b142db8cfe40beeee67277fac6adca4d042c4,307497 2 308009 2 308521 2
259b35151d4a7a5ffdd7ab7f171b142db8cfe40beeee67277fac6adca4d042c4,20779 2 21291 2 21803 2 22315 2 22827 2
259b35151d4a7a5ffdd7ab7f171b142db8cfe40beeee67277fac6adca4d042c4,5933 2 6445 2
259b35151d4a7a5ffdd7ab7f171b142db8cfe40beeee67277fac6adca4d042c4,271149 6 271661 6 272173 2 272685 2 273197 2
259b35151d4a7a5ffdd7ab7f171b142db8cfe40beeee67277fac6adca4d042c4,333615 6 334127 6 334637 8 335149 8 335661 8 336175 6 336687 6 337199 6
259b35151d4a7a5ffdd7ab7f171b142db8cfe40beeee67277fac6adca4d042c4,4401 10 4913 10 5425 10 5937 6 6449 6
259b35151d4a7a5ffdd7ab7f171b142db8cfe40beeee67277fac6adca4d042c4,91451 2 91963 2 92475 2
259b35151d4a7a5ffdd7ab7f171b142db8cfe40beeee67277fac6adca4d042c4,275271 10 275783 10 276293 14 276805 14 277317 14 277829 16 278341 16 278853 16 279365 16 279877 16 280391 12 280903 12 281415 12 281933 6 282445 6 282957 6
259b35151d4a7a5ffdd7ab7f171b142db8cfe40beeee67277fac6adca4d042c4,284495 2 285007 2 285519 2 286029 4 286541 4 287051 6 287563 6 288075 6 288583 10 289095 10 289607 10 290117 12 290629 12 291141 12 291653 12 292165 12 292677 10 293189 10 293701 10 294213 10 294725 10 295237 8 295749 8 296261 8 296775 6 297287 6 297799 6 298313 2 298825 2
44afae184c89e6ba55985b4d341acc1ae1e8b6ef96312064e0e6e630e022b078,209411 6 209923 6 210435 6 210945 14 210983 10 211457 14 211495 10 211969 18 212005 16 212481 18 212517 16 212993 18 213029 16 213505 20 213541 20 214017 20 214053 20 214529 20 214565 20 215041 20 215077 22 215553 20 215589 22 216065 20 216101 24 216577 20 216613 24 217089 20 217125 24 217601 16 217637 24 218113 16 218149 24 218625 16 218661 24 219137 16 219173 24 219649 16 219685 24 220161 14 220185 4 220197 26 220673 14 220697 4 220709 26 221185 14 221209 4 221221 26 221697 14 221719 8 221731 28 222209 14 222231 8 222243 28 222721 14 222743 8 222755 28 223233 14 223251 44 223745 14 223763 44 224257 62 224769 62 225281 62 225793 62 226305 62 226817 62 227329 62 227841 62 228353 62 228865 62 229377 62 229889 62 230401 62 230913 62 231425 26 231453 32 231937 26 231965 32 232449 26 232477 30 232961 26 232989 30 233473 26 233501 30 233985 22 234013 28 234497 22 234525 28 235009 22 235037 28 235523 16 235553 24 236035 16 236065 24 236581 18 237093 18 237605 18 238121 12 238633 12 239145 12
44afae184c89e6ba55985b4d341acc1ae1e8b6ef96312064e0e6e630e022b078,319521 6 320033 6 320545 6 321049 18 321561 18 322073 18 322583 20 323095 20 323605 22 324117 22 324629 22 325139 24 325651 24 326163 24 326671 26 327183 26 327693 28 328205 28 328717 28 329229 24 329741 24 330249 24 330761 24 331273 24 331785 22 332297 22 332809 22 333321 22 333833 22 334343 22 334855 22 335367 22 335879 22 336391 22 336903 22 337415 22 337927 22 338441 20 338953 20 339465 20 339975 22 340487 22 340999 22 341511 22 342023 22 342537 20 343049 20 343561 20 344073 16 344585 16 345097 16 345611 12 346123 12 346635 10 347147 10 347659 10
44afae184c89e6ba55985b4d341acc1ae1e8b6ef96312064e0e6e630e022b078,17 8 529 8 1041 8 1549 16 2061 16 2571 18 3083 18 3595 18 4107 20 4619 20 5131 20 5643 18 6155 18 6667 18 7179 18 7691 18 8203 18 8715 18 9227 18 9737 20 10249 20 10761 20 11273 20 11785 20 12297 20 12809 20 13321 20 13835 16 14347 16 14859 16 15371 16 15883 16 16395 14 16907 14 17419 14 17931 14 18443 14 18955 14 19467 14 19979 14 20489 16 21001 16 21513 16 22025 16 22537 16 23051 12 23563 12 24075 12 24591 4 25103 4
44afae184c89e6ba55985b4d341acc1ae1e8b6ef96312064e0e6e630e022b078,258605 6 259117 6 259609 4 259627 12 260121 4 260139 12 260633 4 260651 12 261143 6 261161 16 261655 6 261673 16 262167 6 262185 16 262677 8 262697 16 263189 8 263209 16 263701 8 263721 16 264213 8 264233 16 264725 8 264745 16 265237 8 265257 18 265749 8 265769 18 266261 8 266281 18 266775 6 266791 20 267287 6 267303 20 267799 4 267813 22 268311 4 268325 22 268823 4 268837 22 269335 4 269347 24 269847 4 269859 24 270359 4 270371 24 270871 36 271383 36 271895 34 272407 34 272919 34 273431 32 273943 32 274455 32 274969 28 275481 28 275993 22 276505 22 277017 22 277531 16 278043 16 278555 16 279073 8 279585 8
44afae184c89e6ba55985b4d341acc1ae1e8b6ef96312064e0e6e630e022b078,302139 12 302651 12 303157 20 303669 20 304181 20 304689 26 305201 26 305713 26 306221 30 306733 30 307245 30 307757 30 308269 30 308781 28 309293 28 309805 28 310317 24 310829 24 311345 14 311857 14 312369 14
44afae184c89e6ba55985b4d341acc1ae1e8b6ef96312064e0e6e630e022b078,193101 4 193613 4 194125 4 194635 10 195147 10 195659 10 196169 14 196681 14 197193 16 197705 16 198217 16 198727 18 199239 18 199749 20 200261 20 200773 20 201285 20 201797 20 202309 20 202821 20 203333 20 203845 20 204357 20 204869 20 205381 20 205893 20 206405 20 206917 20 207429 20 207941 20 208453 20 208965 20 209477 20 209989 20 210501 20 211013 18 211525 18 212039 16 212551 16 213063 16 213575 14 214087 14 214599 14 215111 12 215623 12 216135 12 216647 12 217159 12 217671 10 218183 10 218695 10 219209 4 219721 4
44afae184c89e6ba55985b4d341acc1ae1e8b6ef96312064e0e6e630e022b078,276059 18 276571 18 277083 18 277591 26 278103 26 278615 26 279125 30 279637 30 280149 30 280661 30 281173 30 281685 30 282197 30 282709 30 283223 26 283735 26 284247 22 284759 22 285271 22 285785 16 286297 16
44afae184c89e6ba55985b4d341acc1ae1e8b6ef96312064e0e6e630e022b078,179807 8 180319 8 180829 16 181341 16 181853 16 182365 18 182877 18 183389 18 183899 24 184411 24 184925 24 185437 24 185949 24 186461 26 186973 26 187485 26 187997 26 188509 26 189029 20 189541 20 190053 20 190565 20 191077 20 191589 20 192101 22 192613 22 193127 20 193639 20 194151 20 194665 18 195177 18 195689 18
44afae184c89e6ba55985b4d341acc1ae1e8b6ef96312064e0e6e630e022b078,230023 12 230535 12 231047 12 231555 18 232067 18 232577 22 233089 22 233601 22 234101 34 234613 34 235125 34 235625 46 236137 46 236647 46 237159 46 237671 46 238179 38 238691 38 239203 38 239713 38 240225 38 240737 36 241249 36 241761 36 242273 34 242785 34 243299 30 243811 30 244323 30 244837 28 245349 28 245861 28 246377 22 246889 22 247405 16 247917 16 248429 16
44afae184c89e6ba55985b4d341acc1ae1e8b6ef96312064e0e6e630e022b078,1637 8 2149 8 2661 8 3173 8 3685 8 4197 8 4709 8 5221 8 5735 6 6247 6
44afae184c89e6ba55985b4d341acc1ae1e8b6ef96312064e0e6e630e022b078,175741 8 176253 8 176761 14 177273 14 177785 14 178297 18 178809 18 179321 18 179833 22 180345 22 180855 26 181367 26 181879 26 182391 28 182903 28 183415 28 183927 30 184439 30 184955 30 185467 30 185979 30 186493 30 187005 30 187517 30 188033 28 188545 28 189057 28 189569 28 190081 28 190595 26 191107 26 191619 26 192133 22 192645 22 193159 20 193671 20 194183 20 194705 6 195217 6 195729 6
44afae184c89e6ba55985b4d341acc1ae1e8b6ef96312064e0e6e630e022b078,286863 8 287375 8 287887 8 288391 22 288903 22 289415 22 289925 26 290437 26 290947 28 291459 28 291971 28 292481 30 292993 30 293505 30 294015 30 294527 30 295037 30 295549 30 296061 30 296571 32 297083 32 297595 32 298107 30 298619 30 299129 32 299641 32 300153 32 300667 28 301179 28 301691 28 302201 28 302713 28 303227 26 303739 26 304251 26 304763 24 305275 24 305787 24 306299 22 306811 22 307323 18 307835 18 308347 18 308861 12 309373 12 309885 12
44afae184c89e6ba55985b4d341acc1ae1e8b6ef96312064e0e6e630e022b078,265369 8 265881 8 266393 8 266899 16 267411 16 267921 18 268433 18 268945 18 269457 16 269969 16 270481 16 270993 16 271505 16 272017 18 272041 2 272529 18 272553 2 273041 18 273065 2 273553 26 274065 26 274577 26 275089 26 275601 26 276115 22 276627 22 277139 22 277655 4 277661 6 278167 4 278173 6 278679 4 278685 6
44afae184c89e6ba55985b4d341acc1ae1e8b6ef96312064e0e6e630e022b078,141481 10 141993 10 142505 10 143015 18 143527 18 144039 18 144551 22 145063 22 145575 26 145633 8 146087 26 146145 8 146599 26 146657 8 147113 26 147165 16 147625 26 147677 16 148137 26 148189 16 148651 26 148699 20 149163 26 149211 20 149679 24 149723 22 150191 24 150235 22 150703 24 150747 22 151217 24 151259 26 151729 24 151771 26 152241 24 152283 26 152753 26 152795 30 153265 26 153307 30 153779 24 153819 32 154291 24 154331 32 154803 24 154843 32 155313 28 155357 32 155825 28 155869 32 156337 30 156381 34 156849 30 156893 34 157361 30 157405 34 157875 30 157919 32 158387 30 158431 32 158899 30 158943 32 159411 32 159455 32 159923 32 159967 32 160437 30 160481 30 160949 30 160993 30 161461 30 161505 30 161973 30 162017 28 162485 30 162529 28 162997 30 163041 28 163511 30 163553 26 164023 30 164065 26 164537 28 164575 22 165049 28 165087 22 165561 28 165599 22 166077 44 166589 44 167101 44 167615 42 168127 42 168639 44 169151 44 169663 44 170177 40 170689 40 171201 40 171713 38 172225 38 172737 36 173249 36 173761 36 174255 8 174273 30 174767 8 174785 30 175279 8 175297 30 175787 18 175807 32 176299 18 176319 32 176809 52 177321 52 177833 52 178343 54 178855 54 179367 54 179879 52 180391 52 180901 38 180945 2 181413 38 181457 2 181925 38 181969 2 182437 34 182949 34 183461 34 183973 34 184485 34 184999 32 185511 32 186023 32 186537 28 187049 28 187561 28 188075 26 188587 26 189101 22 189613 22 190125 22 190639 20 191151 20 191663 20 192177 16 192689 16
44afae184c89e6ba55985b4d341acc1ae1e8b6ef96312064e0e6e630e022b078,334519 10 335031 10 335543 10 336053 16 336565 16 337077 16 337587 20 338099 20 338611 22 339123 22 339635 22 340147 24 340659 24 341171 24 341683 26 342195 26 342709 28 343221 28 343733 28 344245 28 344757 28 345269 28 345781 28 346293 28 346805 26 347317 26 347829 26
44afae184c89e6ba55985b4d341acc1ae1e8b6ef96312064e0e6e630e022b078,255689 14 256201 14 256713 14 257211 32 257723 32 258235 32 258745 36 259257 36 259767 38 260279 38 260791 38 261303 38 261815 38 262327 38 262837 40 263349 40 263863 36 264375 36 264887 36 265403 32 265915 32 266427 32 266945 24 267457 24 267983 8 268495 8 269007 8
44afae184c89e6ba55985b4d341acc1ae1e8b6ef96312064e0e6e630e022b078,292565 18 293077 18 293589 18 294093 30 294605 30 295113 38 295625 38 296137 38 296649 38 297161 38 297673 38 298183 40 298695 40 299209 36 299721 36 300233 36 300747 32 301259 32 301771 32 302287 28 302799 28 303329 8 303841 8 304353 8
44afae184c89e6ba55985b4d341acc1ae1e8b6ef96312064e0e6e630e022b078,326867 2 327379 2 327885 16 328397 16 328909 16 329419 20 329931 20 330443 22 330955 22 331467 22 331981 20 332493 20 333005 20 333519 20 334031 20 334545 18 335057 18 335569 18 336083 18 336595 18 337107 18 337621 16 338133 16 338649 12 339161 12 339673 12 340187 12 340699 12 341211 12 341725 12 342237 12 342751 14 343263 14 343775 14 344289 12 344801 12 345313 12 345829 8 346341 8
44afae184c89e6ba55985b4d341acc1ae1e8b6ef96312064e0e6e630e022b078,220401 10 220913 10 221425 10 221933 16 222445 16 222957 16 223467 20 223979 20 224489 22 225001 22 225513 22 226021 26 226533 26 227045 26 227555 28 228067 28 228577 12 228597 10 229089 12 229109 10 229601 12 229621 10 230113 12 230135 8 230625 12 230647 8 231137 12 231159 8 231645 14 231673 4 232157 14 232185 4 232667 14 233179 14 233691 14 234201 14 234713 14 235225 14 235737 12 236249 12 236761 10 237273 10 237785 10 238297 10 238809 10 239321 10 239833 8 240345 8 240857 8 241369 8 241881 8 242391 12 242903 12 243411 20 243923 20 244435 20 244945 22 245457 22 245969 22 246479 26 246991 26 247503 32 248015 32 248527 32 249039 34 249551 34 250063 34 250577 32 251089 32 251601 32 252113 32 252625 32 253149 22 253661 22 254173 22 254685 22 255197 22 255711 20 256223 20 256735 20 257247 20 257759 20 258271 20 258785 18 259297 18 259809 16 260321 16 260833 16 261347 12 261859 12 262371 12
44afae184c89e6ba55985b4d341acc1ae1e8b6ef96312064e0e6e630e022b078,196321 2 196325 2 196833 2 196837 2 197345 8 197857 8 198369 8 198885 4 199397 4
44afae184c89e6ba55985b4d341acc1ae1e8b6ef96312064e0e6e630e022b078,235771 2 236283 2 236793 8 237305 8 237817 8 238325 14 238837 14 239349 14 239859 18 240371 18 240881 20 241393 20 241905 20 242415 22 242927 22 243437 24 243949 24 244461 24 244975 20 245487 20 245999 20 246513 14 247025 14
44afae184c89e6ba55985b4d341acc1ae1e8b6ef96312064e0e6e630e022b078,295169 14 295681 14 296193 14 296693 28 297205 28 297717 28 298225 32 298737 32 299249 36 299761 36 300273 36 300785 38 301297 38 301809 38 302321 42 302833 42 303347 42 303859 42 304371 42 304885 42 305397 42 305909 42 306423 42 306935 42 307449 42 307961 42 308473 42 308987 40 309499 40 310011 40 310527 36 311039 36 311553 34 312065 34 312577 34 313093 28 313605 28 314117 28
44afae184c89e6ba55985b4d341acc1ae1e8b6ef96312064e0e6e630e022b078,327939 8 328451 8 328963 8 329473 14 329985 14 330495 20 331007 20 331519 20 332031 22 332543 22 333055 22 333567 24 334079 24 334591 26 335103 26 335615 26 336129 26 336641 26 337153 26 337665 26 338177 26 338691 24 339203 24 339715 24 340229 24 340741 24 341253 24 341767 24 342279 24 342793 26 342823 2 343305 26 343335 2 343817 26 343847 2 344329 34 344841 34 345353 34 345867 24 345893 2 345897 2 346379 24 346405 2 346409 2 346891 20 347403 20 347915 20
44afae184c89e6ba55985b4d341acc1ae1e8b6ef96312064e0e6e630e022b078,140549 8 141061 8 141571 14 142083 14 142595 14 143105 16 143617 16 144129 16 144641 20 145153 20 145665 20 146177 20 146689 20 147201 22 147713 22 148225 22 148739 22 149251 22 149763 22 150275 22 150787 22 151299 22 151811 22 152323 22 152835 22 153347 22 153861 18 154373 18 154885 18 155399 14 155911 14
44afae184c89e6ba55985b4d341acc1ae1e8b6ef96312064e0e6e630e022b078,227603 22 228115 22 228625 36 229137 36 229649 36 230161 40 230673 40 231185 40 231697 42 232209 42 232723 40 233235 40 233747 40 234261 36 234773 36 235285 36 235799 32 236311 32 236825 26 237337 26 237849 26 238363 22 238875 22 239387 22 239901 16 240413 16 240933 2 241445 2 241957 2
44afae184c89e6ba55985b4d341acc1ae1e8b6ef96312064e0e6e630e022b078,89883 12 90395 12 90907 12 91417 16 91929 16 92441 16 92953 16 93465 16 93977 16 94489 16 95001 16 95515 12 96027 12 96539 12 97053 6 97565 6
44afae184c89e6ba55985b4d341acc1ae1e8b6ef96312064e0e6e630e022b078,250705 6 251217 6 251725 16 252237 16 252749 16 253257 22 253769 22 254281 22 254789 28 255301 28 255813 30 256325 30 256837 30 257349 32 257861 32 258373 32 258883 36 259395 36 259905 40 260417 40 260929 40 261439 44 261951 44 262463 44 262973 48 263485 48 263997 48 264509 48 265021 48 265513 68 266025 68 266537 68 267043 54 267099 16 267555 54 267611 16 268065 54 268577 54 269089 54 269601 52 270113 52 270625 52 271135 52 271647 52 272159 52 272671 52 273183 52 273695 60 274207 60 274719 60 275231 64 275743 64 276257 64 276769 64 277281 64 277793 64 278305 64 278817 64 279329 64 279841 64 280355 62 280867 62 281379 62 281893 58 282405 58 282917 58 283431 54 283943 54 284457 52 284969 52 285481 52 285993 50 286505 50 287019 26 287053 10 287531 26 287565 10 288043 26 288077 10 288559 20 289071 20 289583 20 290105 8 290617 8
44afae184c89e6ba55985b4d341acc1ae1e8b6ef96312064e0e6e630e022b078,205631 8 206143 8 206655 8 207159 18 207671 18 208183 18 208695 18 209207 18 209717 20 210229 20 210741 20 211241 2 211251 22 211753 2 211763 22 212265 4 212273 24 212777 4 212785 24 213289 4 213297 24 213801 30 214313 30 214825 30 215339 28 215851 28 216367 22 216879 22 217391 22 217907 16 218419 16 218931 16
44afae184c89e6ba55985b4d341acc1ae1e8b6ef96312064e0e6e630e022b078,140619 18 141131 18 141629 8 141641 22 142141 8 142153 22 142653 8 142665 22 143159 42 143671 42 144183 42 144693 44 145205 44 145717 44 146229 44 146741 44 147253 44 147765 44 148277 44 148793 38 149305 38 149825 26 150337 26 150849 26 151377 2 151889 2 152401 2
44afae184c89e6ba55985b4d341acc1ae1e8b6ef96312064e0e6e630e022b078,304981 14 305493 14 306005 14 306511 24 307023 24 307531 30 308043 30 308555 30 309067 32 309579 32 310091 32 310603 34 311115 34 311627 36 312139 36 312651 36 313163 38 313675 38 314187 38 314699 38 315211 38 315725 38 316237 38 316749 38 317263 36 317775 36 318287 36 318801 36 319313 36 319825 36 320337 36 320849 36 321361 36 321873 36 322385 36 322903 30 323415 30 323933 22 324445 22 324957 22 325481 6 325993 6 326505 6
44afae184c89e6ba55985b4d341acc1ae1e8b6ef96312064e0e6e630e022b078,224625 6 225137 6 225649 6 226155 14 226667 14 227179 14 227687 18 228199 18 228709 22 229221 22 229733 22 230243 22 230755 22 231267 22 231777 24 232289 24 232799 22 233311 22 233823 22 234337 14 234849 14 235361 14
44afae184c89e6ba55985b4d341acc1ae1e8b6ef96312064e0e6e630e022b078,166273 2 166785 2 167297 2 167785 10 167801 10 168297 10 168313 10 168805 28 169317 28 169829 28 170339 28 170851 28 171363 28 171875 26 172387 26 172899 24 173411 24 173923 24
44afae184c89e6ba55985b4d341acc1ae1e8b6ef96312064e0e6e630e022b078,121213 16 121725 16 122237 16 122745 26 122791 18 123257 26 123303 18 123769 26 123815 18 124279 34 124325 26 124791 34 124837 26 125301 38 125347 32 125813 38 125859 32 126325 38 126371 32 126837 82 127349 82 127861 82 128373 88 128885 88 129397 92 129909 92 130421 92 130931 96 131443 96 131955 96 132467 98 132979 98 133491 98 134003 98 134515 98 135029 96 135541 96 136053 96 136567 92 137079 92 137593 54 137653 30 138105 54 138165 30 138617 54 138677 30 139133 44 139193 22 139645 44 139705 22 140157 44 140217 22 140679 28 141191 28
44afae184c89e6ba55985b4d341acc1ae1e8b6ef96312064e0e6e630e022b078,294265 6 294777 6
44afae184c89e6ba55985b4d341acc1ae1e8b6ef96312064e0e6e630e022b078,174497 4 175009 4 175521 4 176025 20 176537 20 177037 36 177549 36 178061 36 178569 40 179081 40 179593 40 180101 44 180613 44 181123 48 181635 48 182147 48 182657 50 183169 50 183681 50 184193 48 184705 48 185215 50 185727 50 186239 50 186749 50 187261 50 187773 50 188285 48 188797 48 189311 44 189823 44 190335 44 190847 40 191359 40 191871 40 192385 38 192897 38 193411 36 193923 36 194435 36 194949 34 195461 34 195973 34 196485 34 196997 34 197507 32 198019 32 198531 32 199041 26 199553 26 200065 22 200577 22 201089 22 201601 18 202113 18 202625 18 203137 14 203649 14 204163 8 204675 8 205187 8
44afae184c89e6ba55985b4d341acc1ae1e8b6ef96312064e0e6e630e022b078,251787 10 252299 10 252811 10 253321 14 253833 14 254345 14 254857 16 255369 16 255881 16 256393 16 256905 16 257417 16 257929 16 258441 16 258953 14 259465 14 259975 16 260487 16 260999 16 261511 16 262023 16 262535 16 263049 14 263561 14 264075 12 264587 12 265099 12 265613 10 266125 10 266637 10 267151 8 267663 8
44afae184c89e6ba55985b4d341acc1ae1e8b6ef96312064e0e6e630e022b078,334739 20 335251 20 335763 20 336273 28 336785 28 337297 28 337807 34 338319 34 338831 36 339343 36 339855 36 340367 36 340879 36 341391 36 341907 34 342419 34 342951 12 343463 12 343975 12
44afae184c89e6ba55985b4d341acc1ae1e8b6ef96312064e0e6e630e022b078,197565 6 198077 6 198589 6 199097 16 199609 16 200117 22 200629 22 201141 22 201647 28 202159 28 202671 28 203179 32 203691 32 204201 34 204713 34 205225 34 205735 34 206247 34 206759 34 207267 38 207779 38 208289 38 208801 38 209313 38 209823 40 210335 40 210847 40 211359 38 211871 38 212385 30 212897 30 213409 30 213925 14 214437 14 214949 14
44afae184c89e6ba55985b4d341acc1ae1e8b6ef96312064e0e6e630e022b078,231841 36 232353 36 232863 40 233375 40 233887 40 234399 42 234911 42 235423 42 235935 42 236447 42 236959 40 237471 40 237983 40 238497 34 239009 34 239521 34 240033 24 240545 24 241059 20 241571 20 242083 20 242597 18 243109 18 243623 14 244135 14 244647 14 245165 6 245677 6 246189 6
44afae184c89e6ba55985b4d341acc1ae1e8b6ef96312064e0e6e630e022b078,294309 24 294821 24 295329 34 295841 34 296353 34 296863 42 297375 42 297887 42 298399 46 298911 46 299423 46 299935 46 300447 46 300959 48 301471 48 301983 48 302495 50 303007 50 303521 48 304033 48 304545 48 305057 48 305569 48 306081 48 306593 48 307105 48 307619 46 308131 46 308643 46 309155 44 309667 44 310179 44 310693 40 311205 40 311719 32 312231 32 312743 32 313257 26 313769 26 314281 26 314795 22 315307 22 315829 8 316341 8 316853 8
44afae184c89e6ba55985b4d341acc1ae1e8b6ef96312064e0e6e630e022b078,254921 4 255433 4 255941 16 256453 16 256965 16 257473 24 257985 24 258497 24 259007 28 259519 28 260029 30 260541 30 261053 30 261565 32 262077 32 262589 32 263099 36 263611 36 264123 36 264635 36 265147 36 265659 36 266171 36 266683 36 267195 36 267707 36 268221 32 268733 32 269245 32 269759 30 270271 30 270783 30 271297 24 271809 24 272323 16 272835 16 273347 16 273861 12 274373 12 274885 12 275401 2 275405 2 275913 2 275917 2
44afae184c89e6ba55985b4d341acc1ae1e8b6ef96312064e0e6e630e022b078,114657 12 115169 12 115681 12 116191 18 116703 18 117213 22 117725 22 118237 22 118747 26 119259 26 119771 26 120281 30 120793 30 121305 32 121817 32 122329 32 122841 34 123353 34 123865 34 124379 34 124891 34 125405 32 125917 32 126429 32 126943 30 127455 30 127967 30 128483 26 128995 26 129515 18 130027 18 130539 18 131057 8 131569 8 132081 8
44afae184c89e6ba55985b4d341acc1ae1e8b6ef96312064e0e6e630e022b078,215547 6 216059 6 216569 8 217081 8 217593 8 218103 10 218615 10 219127 10 219637 12 220149 12 220661 12 221173 12 221685 12 222197 12 222709 12 223221 12 223731 14 224243 14 224753 16 225265 16 225777 16 226289 14 226801 14 227313 14 227821 20 228333 20 228845 20 229357 20 229869 20 230379 22 230891 22 231403 22 231915 22 232427 22 232939 22 233451 22 233963 22 234475 20 234987 20 235499 20 236011 18 236523 18 237035 18 237547 18 238059 18 238573 12 239085 12 239597 12 240113 2 240625 2
44afae184c89e6ba55985b4d341acc1ae1e8b6ef96312064e0e6e630e022b078,334835 4 334841 4 335347 4 335353 4 335859 4 335865 4 336369 12 336881 12 337393 12 337903 14 338415 14 338933 2 338937 4 339445 2 339449 4 339957 2 339961 4 340473 4 340985 4 341497 4 342009 4 342521 4 343033 6 343545 6 344057 6 344569 6 345081 6 345593 6 346107 4 346619 4 347133 2 347645 2 348157 2
1cdbfee1951356e7b0a215073828695fe1ead5f8b1add119b6645d2fdc8d844e,74243 4 74755 4 75267 4 75777 8 76289 8 76801 10 77313 10 77825 10 78337 12 78849 12 79361 14 79873 14 80385 14 80897 16 81409 16 81921 18 82433 18 82945 18 83457 20 83969 20 84481 24 84993 24 85505 24 86017 24 86529 24 87041 24 87553 24 88065 24 88577 24 89089 24 89601 24 90113 24 90625 24 91137 22 91649 22 92161 18 92673 18 93185 18 93701 2 94213 2
1cdbfee1951356e7b0a215073828695fe1ead5f8b1add119b6645d2fdc8d844e,39 56 551 56 1061 60 1573 60 2085 60 2597 64 3109 64 3621 64 4133 68 4645 68 5157 70 5669 70 6181 72 6693 72 7205 72 7719 70 8231 70 8745 70 9257 70 9769 70 10283 68 10795 68 11309 66 11821 66 12333 66 12847 64 13359 64 13873 62 14385 62 14897 62 15413 58 15925 58 16441 52 16953 52 17465 52 17981 46 18493 46 19009 40 19521 40 20033 40 20557 26 21069 26 21585 20 22097 20 22609 20 23129 10 23641 10
1cdbfee1951356e7b0a215073828695fe1ead5f8b1add119b6645d2fdc8d844e,29837 18 30349 18 30857 24 31369 24 31881 24 32393 26 32905 26 33415 30 33927 30 34439 30 34949 34 35461 34 35973 36 36485 36 36997 36 37509 36 38021 36 38533 36 39045 36 39557 36 40069 36 40581 36 41093 36 41605 36 42117 36 42629 36 43141 36 43653 34 44165 34 44677 34 45191 32 45703 32 46217 28 46729 28 47241 28 47753 26 48265 26 48779 20 49291 20 49803 20 50319 12 50831 12
1cdbfee1951356e7b0a215073828695fe1ead5f8b1add119b6645d2fdc8d844e,117973 10 117989 6 118485 10 118501 6 118995 32 119507 32 120019 32 120531 36 121043 36 121553 42 122065 42 122577 42 123089 44 123601 44 124111 48 124623 48 125135 48 125647 50 126159 50 126671 54 127183 54 127695 54 128207 54 128719 54 129229 58 129741 58 130253 58 130765 60 131277 60 131789 60 132301 60 132813 60 133327 58 133839 58 134351 58 134863 58 135375 58 135887 56 136399 56 136913 54 137425 54 137937 54 138449 52 138961 52 139475 50 139987 50 140499 50 141015 44 141527 44 142041 42 142553 42 143065 42 143577 40 144089 40 144603 38 145115 38 145627 38 146141 36 146653 36 147169 28 147681 28 148193 28 148709 16 149221 16 149735 8 150247 8 150759 8
1cdbfee1951356e7b0a215073828695fe1ead5f8b1add119b6645d2fdc8d844e,275 4 787 4 1293 16 1805 16 2317 16 2827 22 3339 22 3851 22 4363 30 4875 30 5385 36 5897 36 6409 38 6921 38 7433 38 7945 38 8457 38 8969 40 9481 40 9993 40 10505 42 11017 42 11529 42 12041 42 12553 42 13067 40 13579 40 14091 38 14603 38 15115 38 15629 34 16141 34 16655 32 17167 32 17679 32 18195 24 18707 24 19231 6 19743 6 20255 6
1cdbfee1951356e7b0a215073828695fe1ead5f8b1add119b6645d2fdc8d844e,91425 4 91937 4 92441 26 92953 26 93465 26 93973 32 94485 32 94993 38 95505 38 96017 40 96529 40 97041 40 97551 46 98063 46 98573 50 99085 50 99597 50 100109 52 100621 52 101133 52 101645 52 102157 52 102667 54 103179 54 103691 56 104203 56 104715 56 105229 54 105741 54 106253 54 106765 54 107277 54 107793 50 108305 50 108819 46 109331 46 109843 46 110361 40 110873 40 111387 36 111899 36 112411 36 112925 28 113437 28 113957 14 114469 14 114981 14 115501 2 116013 2
1cdbfee1951356e7b0a215073828695fe1ead5f8b1add119b6645d2fdc8d844e,113997 12 114509 12 115021 12 115529 18 116041 18 116547 26 117059 26 117571 26 118081 28 118593 28 119101 32 119613 32 120125 32 120635 34 121147 34 121657 36 122169 36 122681 36 123191 38 123703 38 124213 40 124725 40 125237 40 125749 40 126261 40 126773 40 127285 40 127797 40 128309 40 128821 40 129333 42 129845 42 130357 42 130871 42 131383 42 131895 42 132407 42 132919 42 133433 42 133945 42 134457 42 134969 42 135481 42 135991 44 136503 44 137013 46 137525 46 138037 46 138545 48 139057 48 139565 52 140077 52 140589 52 141101 52 141613 52 142123 54 142635 54 143147 54 143659 52 144171 52 144683 52 145195 52 145707 52 146217 54 146729 54 147241 52 147753 52 148265 52 148777 50 149289 50 149801 50 150313 50 150825 50 151339 44 151851 44 152365 40 152877 40 153389 40 153905 32 154417 32 154937 16 155449 16 155961 16 156479 4 156991 4
1cdbfee1951356e7b0a215073828695fe1ead5f8b1add119b6645d2fdc8d844e,274259 20 274771 20 275279 28 275791 28 276303 28 276813 32 277325 32 277835 36 278347 36 278859 36 279371 38 279883 38 280393 42 280905 42 281417 42 281929 44 282441 44 282953 46 283465 46 283977 46 284489 46 285001 46 285513 48 286025 48 286537 48 287047 50 287559 50 288071 50 288583 50 289095 50 289609 48 290121 48 290633 48 291145 48 291657 48 292171 46 292683 46 293197 44 293709 44 294221 44 294735 40 295247 40 295759 38 296271 38 296783 38 297297 36 297809 36 298323 32 298835 32 299347 32 299861 28 300373 28 300891 18 301403 18 301915 18
1cdbfee1951356e7b0a215073828695fe1ead5f8b1add119b6645d2fdc8d844e,217951 6 218463 6 218973 10 219485 10 219997 10 220507 18 221019 18 221529 26 222041 26 222553 26 223065 30 223577 30 224089 30 224601 30 225113 30 225623 34 226135 34 226647 34 227159 34 227671 34 228183 38 228695 38 229207 44 229253 2 229719 44 229765 2 230231 44 230277 2 230745 52 231257 52 231769 56 232281 56 232793 56 233307 58 233819 58 234333 58 234845 58 235357 58 235869 58 236381 58 236895 58 237407 58 237919 58 238433 58 238945 58 239459 56 239971 56 240483 56 241001 50 241513 50 242027 46 242539 46 243051 46 243565 44 244077 44 244589 44 245101 44 245613 44 246125 42 246637 42 247151 38 247663 38 248175 38 248689 34 249201 34 249717 30 250229 30 250741 30 251257 24 251769 24 252293 8 252805 8 253317 8
1cdbfee1951356e7b0a215073828695fe1ead5f8b1add119b6645d2fdc8d844e,78719 6 79231 6 79739 14 80251 14 80763 14 81275 14 81787 14 82299 14 82811 14 83323 14 83835 14 84347 14 84859 14 85371 14 85883 14 86397 12 86909 12 87423 6 87935 6 88447 6
1cdbfee1951356e7b0a215073828695fe1ead5f8b1add119b6645d2fdc8d844e,312737 14 313249 14 313757 26 314269 26 314781 26 315287 34 315799 34 316307 40 316819 40 317331 40 317841 44 318353 44 318865 48 319377 48 319889 48 320401 52 320913 52 321425 54 321937 54 322449 54 322961 54 323473 54 323983 56 324495 56 325007 56 325519 56 326031 56 326545 54 327057 54 327569 54
1cdbfee1951356e7b0a215073828695fe1ead5f8b1add119b6645d2fdc8d844e,14267 6 14779 6 15291 6 15799 12 16311 12 16821 18 17333 18 17845 18 18357 28 18869 28 19387 26 19899 26 20411 26 20925 28 21437 28 21949 34 22461 34 22973 34 23485 38 23997 38 24511 38 25023 38 25535 38 26047 40 26559 40 27071 40 27583 42 28095 42 28607 42 29119 42 29631 42 30141 44 30653 44 31165 44 31677 44 32189 44 32701 44 33213 44 33725 44 34237 44 34749 44 35261 44 35773 44 36287 42 36799 42 37311 42 37823 42 38335 42 38849 40 39361 40 39873 40 40385 38 40897 38 41411 36 41923 36 42435 36 42949 32 43461 32 43979 26 44491 26 45003 26 45519 18 46031 18
1cdbfee1951356e7b0a215073828695fe1ead5f8b1add119b6645d2fdc8d844e,132073 14 132585 14 133097 14 133601 26 134113 26 134621 34 135133 34 135645 34 136155 38 136667 38 137179 38 137691 38 138203 38 138715 38 139227 38 139737 40 140249 40 140761 40 141273 40 141785 40 142297 40 142809 40 143321 40 143833 40 144345 40 144855 42 145367 42 145879 42 146385 48 146897 48 147407 50 147919 50 148431 50 148943 50 149455 50 149967 50 150479 50 150991 50 151503 48 152015 48 152527 46 153039 46 153551 46 154067 20 154097 6 154579 20 154609 6 155093 14 155605 14 156117 14 156635 6 157147 6
1cdbfee1951356e7b0a215073828695fe1ead5f8b1add119b6645d2fdc8d844e,30203 6 30715 6 31225 8 31737 8 32249 8 32761 8 33273 8 33785 8 34297 8 34809 8 35321 8 35833 8 36345 8 36857 8 37369 8 37881 8 38393 8 38905 8 39417 8 39929 8 40441 8 40953 8 41467 6 41979 6 42491 6 43003 6 43515 6 44029 4 44541 4 45053 4 45565 2 46077 2
dab46d798d29aff2e99c23f47ed3064f5cafb1644629b015c95a2dd2ee593bb4,59950 3 60204 7 60459 9 60715 10 60970 11 61226 11 61482 11 61737 12 61993 12 62249 12 62506 10 62762 9 63019 6
dab46d798d29aff2e99c23f47ed3064f5cafb1644629b015c95a2dd2ee593bb4,36922 3 37175 10 37430 13 37684 16 37939 18 38194 19 38450 19 38706 19 38962 19 39218 18 39475 16 39731 15 39988 13 40246 9 40503 6
dab46d798d29aff2e99c23f47ed3064f5cafb1644629b015c95a2dd2ee593bb4,61282 6 61537 8 61791 11 62046 13 62302 13 62557 14 62812 15 63068 15 63324 14 63580 14 63836 14 64092 13 64349 12 64606 9 64864 5
dab46d798d29aff2e99c23f47ed3064f5cafb1644629b015c95a2dd2ee593bb4,20878 3 21133 6 21388 9 21644 10 21900 11 22156 11 22412 12 22669 11 22926 11 23183 10 23440 9 23697 7 23955 4
dab46d798d29aff2e99c23f47ed3064f5cafb1644629b015c95a2dd2ee593bb4,17564 5 17818 10 18073 13 18328 15 18584 16 18840 17 19096 17 19352 18 19608 18 19865 17 20122 16 20379 15 20636 14 20893 12 21151 9 21408 7
dab46d798d29aff2e99c23f47ed3064f5cafb1644629b015c95a2dd2ee593bb4,15303 6 15558 10 15813 13 16069 14 16325 15 16581 16 16838 16 17094 16 17352 14 17609 12 17867 10 18125 6
dab46d798d29aff2e99c23f47ed3064f5cafb1644629b015c95a2dd2ee593bb4,4070 6 4325 10 4580 13 4836 14 5092 14 5349 14 5606 13 5864 10 6122 8 6380 5
dab46d798d29aff2e99c23f47ed3064f5cafb1644629b015c95a2dd2ee593bb4,26097 2 26351 6 26606 9 26861 11 27117 12 27373 13 27630 12 27886 12 28143 11 28401 8 28658 6
dab46d798d29aff2e99c23f47ed3064f5cafb1644629b015c95a2dd2ee593bb4,51957 8 52212 11 52467 13 52723 14 52979 14 53235 14 53491 14 53747 14 54004 13 54260 13 54517 12 54774 11 55031 10 55288 9 55546 7 55804 5
a4816cc1fb76cb3c5e481186833fc0ae9cf426a1406a2607e974e65e9cddba4f,26470 4 26989 4 27508 6 28027 6 28546 6 29065 6 29584 6 30103 6 30622 6 31141 6 31660 6 32179 4
a4816cc1fb76cb3c5e481186833fc0ae9cf426a1406a2607e974e65e9cddba4f,32199 8 32716 12 33233 14 33752 16 34269 18 34786 20 35305 20 35822 22 36341 22 36858 24 37377 24 37894 24 38413 24 38932 24 39451 24 39970 24 40489 24 41006 24 41525 24 42044 24 42565 20 43084 20 43603 20 44122 18 44643 14 45164 12 45685 6
a4816cc1fb76cb3c5e481186833fc0ae9cf426a1406a2607e974e65e9cddba4f,544 8 1063 10 1580 14 2099 14 2616 19 3135 19 3654 19 4173 21 4690 23 5209 23 5728 23 6247 23 6766 23 7285 23 7802 25 8321 25 8840 25 9359 25 9878 25 10399 23 10918 23 11437 23 11956 21 12475 21 12994 21 13513 21 14034 16 14553 16 15074 14 15593 12 16114 8 16635 6
a4816cc1fb76cb3c5e481186833fc0ae9cf426a1406a2607e974e65e9cddba4f,78923 9 79440 13 79957 17 80476 19 80995 19 81514 19 82033 21 82550 23 83071 21 83588 23 84109 21 84626 23 85147 23 85666 23 86185 23 86704 23 87223 23 87742 21 88261 21 88780 21 89301 19 89820 17 90341 15 90860 13 91381 11
a4816cc1fb76cb3c5e481186833fc0ae9cf426a1406a2607e974e65e9cddba4f,41574 10 42091 14 42608 16 43127 16 43644 18 44163 18 44682 18 45199 20 45718 20 46237 20 46756 20 47275 20 47794 18 48313 18 48832 18 49351 18 49872 14 50391 14 50910 14 51431 10
a4816cc1fb76cb3c5e481186833fc0ae9cf426a1406a2607e974e65e9cddba4f,114757 8 115272 16 115791 20 116308 22 116827 24 117344 28 117863 30 118382 30 118901 32 119418 34 119937 36 120456 36 120975 38 121496 36 122015 36 122534 36 123053 36 123572 36 124093 34 124612 34 125131 34 125652 32 126173 30 126692 30 127213 30 127734 30 128257 28 128780 26 129299 28 129818 28 130337 28 130858 26
a4816cc1fb76cb3c5e481186833fc0ae9cf426a1406a2607e974e65e9cddba4f,12001 6 12518 12 13035 14 13552 18 14071 18 14588 22 15107 22 15626 22 16143 24 16662 26 17181 26 17698 28 18217 28 18736 28 19255 30 19774 30 20293 30 20812 30 21331 30 21852 28 22373 26 22894 22 23419 16 23938 16 24459 12 24978 12 25499 8 26018 6 26539 4
a4816cc1fb76cb3c5e481186833fc0ae9cf426a1406a2607e974e65e9cddba4f,69628 2 70143 8 70660 12 71177 16 71696 16 72213 18 72732 18 73249 22 73768 22 74287 22 74804 24 75323 24 75842 24 76361 24 76880 24 77399 24 77918 24 78437 24 78956 24 79475 24 79994 24 80513 22 81032 22 81551 22 82070 22 82589 20 83110 18 83629 18 84150 14 84669 14 85188 14 85707 14 86226 16 86745 16 87264 18 87781 22 88300 22 88819 22 89338 24 89857 24 90376 24 90895 24 91414 24 91933 24 92452 24 92973 22 93492 22 94011 22 94530 22 95049 22 95568 20 96089 18 96608 18 97129 14 97638 22 98155 16 98670 20 99187 24 99704 26 100223 26 100740 28 101259 30 101776 32 102295 32 102814 32 103333 32 103852 32 104371 32 104890 32 105409 30 105928 30 106447 30 106968 26 107487 26 108008 22 108527 22 109050 16
a4816cc1fb76cb3c5e481186833fc0ae9cf426a1406a2607e974e65e9cddba4f,50942 8 51457 14 51974 16 52493 16 53010 18 53527 20 54046 20 54563 22 55082 22 55599 24 56118 24 56637 22 57156 20 57675 20 58194 18 58713 18 59232 16 59751 16 60272 12 60793 8
a4816cc1fb76cb3c5e481186833fc0ae9cf426a1406a2607e974e65e9cddba4f,56152 17 56669 23 57186 27 57705 27 58222 31 58741 31 59258 33 59777 33 60296 31 60815 31 61334 31 61853 29 62372 29 62891 27 63412 23 63933 19 64456 13
a4816cc1fb76cb3c5e481186833fc0ae9cf426a1406a2607e974e65e9cddba4f,26596 10 27111 18 27628 24 28145 26 28662 30 29179 32 29698 32 30215 34 30734 34 31250 37 31769 37 32288 37 32807 37 33326 37 33848 34 34367 32 34890 4 34902 14 35425 8
a4816cc1fb76cb3c5e481186833fc0ae9cf426a1406a2607e974e65e9cddba4f,62938 6 63455 10 63972 12 64489 14 65008 14 65525 16 66044 16 66561 20 67080 18 67599 18 68116 20 68635 20 69154 20 69673 22 70192 22 70711 26 70751 8 71228 30 71268 10 71747 32 71785 14 72266 34 72302 18 72785 54 73304 54 73823 56 74342 56 74861 56 75380 56 75899 56 76418 56 76937 58 77456 58 77977 56 78496 56 79017 54 79536 54 80055 54 80568 60 81085 60 81604 60 82121 62 82640 62 83159 62 83678 60 84197 60 84716 60 85235 58 85754 20 85776 36 86275 18 86297 16 86317 12 86794 18 86818 12 86838 8 87313 18 87341 6 87361 2 87832 18 88351 18 88872 16 89391 18 89910 18 90429 18 90948 18 91467 18 91986 16 92507 14 93026 14 93545 14 94064 14 94585 12 95106 8 95627 4
a4816cc1fb76cb3c5e481186833fc0ae9cf426a1406a2607e974e65e9cddba4f,125 24 644 26 1163 26 1682 26 2201 26 2720 26 3241 24 3760 24 4279 24 4798 24 5317 24 5836 24 6355 24 6874 24 7393 24 7912 22 8433 20 8952 20 9473 16 9992 16 10513 12 11034 8 11555 2
a4816cc1fb76cb3c5e481186833fc0ae9cf426a1406a2607e974e65e9cddba4f,38030 10 38547 12 39064 16 39581 18 40098 20 40615 22 41134 22 41651 24 42170 24 42689 24 43206 28 43725 28 44244 28 44763 26 45282 26 45801 26 46320 26 46839 26 47358 24 47877 22 48398 20 48917 18 49440 10
a4816cc1fb76cb3c5e481186833fc0ae9cf426a1406a2607e974e65e9cddba4f,115357 12 115874 18 116391 22 116910 24 117427 26 117946 28 118463 30 118982 30 119499 34 120018 34 120537 34 121056 34 121575 34 122094 34 122613 34 123132 32 123651 32 124170 30 124689 28 125208 26 125727 24 126248 20 126767 16 127286 14 127807 10 128328 4
a4816cc1fb76cb3c5e481186833fc0ae9cf426a1406a2607e974e65e9cddba4f,8978 4 9495 10 10012 12 10529 16 11046 18 11565 18 12082 20 12599 22 13118 22 13637 22 14154 24 14673 24 15192 24 15711 24 16230 22 16749 22 17268 22 17787 22 18306 20 18825 20 19344 20 19863 18 20382 18 20901 16 21420 14 21941 10 22460 8 22979 8 23500 2
a4816cc1fb76cb3c5e481186833fc0ae9cf426a1406a2607e974e65e9cddba4f,109678 12 110195 16 110712 20 111231 23 111748 25 112267 27 112786 27 113305 27 113824 29 114343 29 114862 29 115383 27 115902 25 116421 25 116942 23 117461 21 117982 19 118503 12 119026 4
a4816cc1fb76cb3c5e481186833fc0ae9cf426a1406a2607e974e65e9cddba4f,15232 7 15749 11 16266 15 16783 17 17302 19 17819 21 18338 21 18857 23 19374 25 19893 25 20412 25 20931 25 21450 25 21969 25 22488 23 23007 23 23526 23 24045 23 24564 21 25083 21 25602 21 26123 19 26642 17 27161 17 27682 13 27699 10 28203 8 28214 16 28733 16 29252 16 29768 21 30287 21 30804 23 31323 23 31842 23 32359 25 32878 25 33397 23 33916 23 34435 23 34954 23 35473 21 35992 21 36511 21 37030 19 37549 19 38068 19 38587 17 39106 17 39627 13 40146 13 40665 11 41186 7
a4816cc1fb76cb3c5e481186833fc0ae9cf426a1406a2607e974e65e9cddba4f,63019 8 63536 12 64055 12 64574 14 65093 14 65610 18 66129 20 66648 20 67167 20 67686 20 68205 20 68724 22 69243 22 69762 22 70281 22 70800 24 71319 24 71836 26 72353 28 72872 28 73391 28 73908 30 74427 30 74946 30 75465 30 75984 30 76503 28 77022 28 77541 26 78060 26 78581 22 79100 22 79619 22 80138 22 80639 8 80657 22 81156 12 81178 20 81675 12 81697 22 82192 16 82216 22 82709 18 82735 22 83228 18 83254 22 83744 21 83773 22 84263 21 84292 22 84780 23 84809 24 85297 25 85326 26 85816 53 86335 53 86852 55 87371 55 87890 53 88409 51 88928 49 89447 47 89966 47 90485 47 91004 23 91029 22 91523 23 91550 20 92042 21 92069 18 92561 21 92588 18 93080 19 93107 18 93599 19 93626 18 94120 15 94145 18 94639 13 94664 18 95160 9 95183 18 95681 3 95702 18 96221 18 96740 18 97261 16 97780 16 98299 14 98818 14 99337 14 99856 12 100375 12 100896 10 101415 8 101936 4
a4816cc1fb76cb3c5e481186833fc0ae9cf426a1406a2607e974e65e9cddba4f,22030 4 22547 10 23064 12 23583 14 24100 16 24619 16 25138 18 25657 18 26176 18 26693 20 27212 20 27731 20 28250 20 28769 20 29288 20 29807 20 30326 20 30845 20 31364 20 31883 20 32402 20 32921 18 33440 18 33961 16 34480 14 35001 14 35522 14 36045 12 36564 12 37083 14 37602 14 38119 16 38638 16 39157 16 39674 18 40193 18 40712 18 41229 20 41748 20 42267 20 42786 20 43305 20 43824 20 44343 20 44862 18 45381 18 45900 18 46419 16 46938 16 47459 12 47982 6
a4816cc1fb76cb3c5e481186833fc0ae9cf426a1406a2607e974e65e9cddba4f,40226 14 40742 23 41259 27 41776 29 42295 31 42812 33 43329 35 43848 35 44367 35 44884 37 45403 37 45922 37 46441 37 46960 35 47479 35 47998 35 48519 31 49038 31 49557 29 50078 25 50599 21 51120 15
a4816cc1fb76cb3c5e481186833fc0ae9cf426a1406a2607e974e65e9cddba4f,75511 9 76028 13 76545 17 77064 19 77583 19 78102 19 78619 23 79138 23 79657 23 80176 25 80695 25 81214 25 81733 25 82252 27 82771 27 83290 27 83809 27 84328 27 84847 27 85366 27 85887 25 86406 25 86925 25 87444 25 87963 25 88484 23 89003 21 89522 21 90043 19 90562 17 91083 15 91604 11 92126 6
a4816cc1fb76cb3c5e481186833fc0ae9cf426a1406a2607e974e65e9cddba4f,258 13 775 17 1294 17 1813 17 2332 17 2851 17 3368 19 3887 19 4406 19 4925 19 5444 21 5963 21 6482 21 7001 19 7520 21 8039 19 8558 19 9077 19 9596 19 10115 19 10634 19 11153 19 11672 19 12191 19 12712 15 13231 15 13750 15 14269 13 14788 13 15307 11 15828 9
a4816cc1fb76cb3c5e481186833fc0ae9cf426a1406a2607e974e65e9cddba4f,93200 6 93715 12 94230 18 94745 22 95262 24 95779 26 96296 28 96813 30 97332 30 97849 32 98368 32 98887 32 99404 32 99923 32 100442 30 100961 30 101478 30 101997 28 102518 24 103037 22 103556 18 104075 16 104596 10
a4816cc1fb76cb3c5e481186833fc0ae9cf426a1406a2607e974e65e9cddba4f,121208 12 121725 16 122242 20 122761 22 123280 24 123797 26 124316 28 124835 28 125354 28 125873 28 126392 30 126913 28 127432 28 127953 24 128474 22 128995 20 129518 14 130043 2
a4816cc1fb76cb3c5e481186833fc0ae9cf426a1406a2607e974e65e9cddba4f,51690 12 52207 16 52724 20 53241 22 53760 22 54277 26 54796 26 55315 26 55834 26 56351 28 56870 26 57389 26 57908 26 58427 26 58946 24 59465 24 59986 22 60505 20 61026 18 61545 16 62066 12 62587 10 63110 2
a4816cc1fb76cb3c5e481186833fc0ae9cf426a1406a2607e974e65e9cddba4f,13302 11 13817 17 14332 21 14847 27 15364 29 15881 31 16398 35 16917 35 17434 37 17953 37 18472 35 18991 35 19510 35 20029 35 20548 35 21069 33 21588 33 22109 27 22632 21 23153 19 23674 14
a4816cc1fb76cb3c5e481186833fc0ae9cf426a1406a2607e974e65e9cddba4f,103093 5 103608 13 104125 19 104642 23 105159 25 105676 29 106195 29 106712 31 107231 33 107748 35 108267 35 108786 35 109305 35 109824 35 110341 37 110860 35 111379 35 111900 33 112419 31 112938 31 113457 29 113978 25 114497 21 115018 14 115541 6
a4816cc1fb76cb3c5e481186833fc0ae9cf426a1406a2607e974e65e9cddba4f,64698 6 65215 10 65732 12 66249 16 66765 19 67284 19 67801 21 68320 21 68837 23 69356 23 69875 21 70392 23 70911 23 71430 23 71949 21 72468 21 72987 21 73504 21 74025 19 74544 17 75063 15 75582 13 76103 9
a4816cc1fb76cb3c5e481186833fc0ae9cf426a1406a2607e974e65e9cddba4f,115568 10 116083 16 116600 22 117117 26 117634 28 118151 32 118670 34 119187 36 119706 36 120222 41 120741 41 121260 41 121779 41 122298 41 122817 41 123336 41 123855 41 124374 41 124893 41 125415 36 125934 36 126455 34 126976 30 127495 28 128018 22 128539 18 129062 12
a4816cc1fb76cb3c5e481186833fc0ae9cf426a1406a2607e974e65e9cddba4f,20074 8 20591 12 21108 16 21625 20 22142 22 22661 22 23178 26 23697 26 24214 28 24733 28 25252 28 25771 26 26288 28 26807 28 27326 28 27845 28 28364 26 28883 26 29402 24 29921 24 30440 22 30959 22 31480 18 31999 16 32520 12 33041 8
a4816cc1fb76cb3c5e481186833fc0ae9cf426a1406a2607e974e65e9cddba4f,82881 2 83396 10 83913 12 84430 16 84949 16 85466 18 85985 20 86504 20 87021 22 87540 22 88059 22 88576 24 89095 24 89614 24 90133 24 90650 26 91169 26 91688 26 92207 24 92726 24 93245 24 93764 22 94285 20 94804 20 95325 16 95844 14 96365 10
a4816cc1fb76cb3c5e481186833fc0ae9cf426a1406a2607e974e65e9cddba4f,42926 2 43441 10 43958 12 44477 14 44994 16 45513 16 46032 16 46549 18 47068 18 47587 18 48106 18 48625 18 49142 20 49661 20 50180 20 50699 18 51218 18 51737 18 52256 18 52775 18 53294 16 53813 16 54334 12 54853 12 55374 8 55895 4
a4816cc1fb76cb3c5e481186833fc0ae9cf426a1406a2607e974e65e9cddba4f,376 37 895 37 1414 37 1931 37 2450 34 2969 34 3488 32 4007 32 4526 30 5045 28 5564 28 6083 26 6602 24 7123 22 7642 20 8163 16 8684 12 9207 2
a4816cc1fb76cb3c5e481186833fc0ae9cf426a1406a2607e974e65e9cddba4f,84991 8 85508 12 86023 16 86540 20 87057 22 87576 22 88093 24 88612 24 89131 24 89648 26 90167 28 90686 28 91205 28 91724 28 92243 26 92762 26 93281 26 93802 24 94321 24 94842 22 95361 20 95882 18 96403 14 96926 8
a4816cc1fb76cb3c5e481186833fc0ae9cf426a1406a2607e974e65e9cddba4f,27407 12 27924 16 28441 18 28958 22 29475 24 29991 27 30510 29 31027 31 31546 31 32063 31 32582 31 33101 31 33620 31 34139 29 34658 29 35177 27 35696 27 36215 25 36734 25 37255 21 37774 19 38295 15
a4816cc1fb76cb3c5e481186833fc0ae9cf426a1406a2607e974e65e9cddba4f,49726 6 50241 12 50758 16 51275 18 51794 20 52311 22 52830 22 53349 22 53868 22 54384 25 54903 25 55422 25 55941 25 56460 25 56979 25 57498 23 58020 20 58539 20 59058 18 59579 14 60098 12 60621 4
a4816cc1fb76cb3c5e481186833fc0ae9cf426a1406a2607e974e65e9cddba4f,122905 8 123422 12 123939 14 124458 16 124975 18 125494 18 126011 20 126530 22 127049 22 127568 22 128087 22 128606 22 129125 20 129646 18 130165 18 130684 16 131203 16
a4816cc1fb76cb3c5e481186833fc0ae9cf426a1406a2607e974e65e9cddba4f,104742 6 105259 10 105776 12 106295 14 106812 16 107331 18 107850 18 108369 18 108888 20 109407 20 109926 20 110445 22 110964 22 111483 22 112002 22 112521 22 113040 22 113559 22 114078 22 114597 22 115116 22 115637 20 116156 20 116675 20 117194 20 117713 20 118234 18 118753 18 119272 16 119793 14 120314 10 120835 6
a4816cc1fb76cb3c5e481186833fc0ae9cf426a1406a2607e974e65e9cddba4f,445 14 960 20 1477 22 1996 24 2513 26 3032 26 3549 28 4068 28 4585 30 5104 30 5623 30 6142 30 6661 30 7180 30 7699 28 8218 28 8739 24 9258 24 9779 20 10298 18 10819 14 11340 10
a4816cc1fb76cb3c5e481186833fc0ae9cf426a1406a2607e974e65e9cddba4f,69989 8 70506 12 71025 14 71542 16 72061 16 72580 18 73099 18 73618 18 74135 20 74654 20 75173 20 75692 20 76211 20 76730 20 77249 20 77768 20 78287 20 78806 20 79325 20 79844 20 80363 20 80882 20 81403 16 81922 16 82441 16 82960 16 83481 14 84000 12 84519 12 85038 10 85559 8 86078 8 86599 4
a4816cc1fb76cb3c5e481186833fc0ae9cf426a1406a2607e974e65e9cddba4f,45099 8 45616 12 46133 14 46650 16 47169 16 47686 20 48205 20 48724 20 49241 20 49760 20 50279 20 50798 20 51315 22 51834 22 52353 20 52872 20 53391 20 53908 22 54427 22 54946 20 55465 20 55984 20 56503 20 57022 18 57541 18 58060 18 58579 16 59098 16 59617 16 60138 12 60657 12 61178 8 61699 4
a4816cc1fb76cb3c5e481186833fc0ae9cf426a1406a2607e974e65e9cddba4f,35269 2 35784 8 36303 10 36822 12 37339 14 37858 14 38377 14 38896 16 39415 16 39936 14 40455 14 40974 16 41493 16 42012 16 42531 16 43050 16 43569 16 44088 16 44607 16 45126 16 45645 16 46166 14 46685 14 47204 14 47723 14 48244 12 48763 10 49282 10 49803 8 50324 4
a4816cc1fb76cb3c5e481186833fc0ae9cf426a1406a2607e974e65e9cddba4f,79915 6 80432 10 80949 14 81466 16 81985 18 82502 20 83021 20 83538 22 84057 22 84576 22 85093 24 85612 24 86131 22 86648 24 87167 24 87686 22 88205 22 88724 22 89243 20 89762 20 90279 20 90798 20 91317 20 91836 18 92355 18 92876 16 93395 14 93916 10 94437 6
a4816cc1fb76cb3c5e481186833fc0ae9cf426a1406a2607e974e65e9cddba4f,113127 10 113644 14 114163 16 114682 16 115199 18 115718 20 116237 20 116756 20 117275 20 117794 20 118313 20 118832 20 119351 20 119870 20 120389 20 120910 18 121429 18 121948 18 122467 18 122988 16 123507 16 124026 16 124545 16 125066 14 125585 14 126104 14 126625 12 127144 12 127665 10 128184 10 128703 10 129222 10 129741 10 130256 14 130775 12 131296 10
699f2992cd71e2e28cf45f81347ff22e76b37541ce88087742884cd0e9aadc68,782 2 1041 6 1302 6 1562 6 1821 7 2081 8 2341 7 2601 7 2862 6 3122 5 3382 5 3643 1 3903 1 4162 3 4422 3 4681 4 4941 4 5202 3 5462 3
699f2992cd71e2e28cf45f81347ff22e76b37541ce88087742884cd0e9aadc68,73061 3 73321 3 73581 3 73841 3 74101 3
699f2992cd71e2e28cf45f81347ff22e76b37541ce88087742884cd0e9aadc68,25747 4 26004 8 26264 8 26523 10 26783 10 27043 9 27303 9 27563 7 27825 3
699f2992cd71e2e28cf45f81347ff22e76b37541ce88087742884cd0e9aadc68,67619 7 67879 7 68134 14 68388 20 68646 22 68906 22 69165 23 69425 22 69685 20 69945 20 70206 17 70475 5
699f2992cd71e2e28cf45f81347ff22e76b37541ce88087742884cd0e9aadc68,49408 8 49667 9 49926 10 50186 10 50446 8 50707 6 50967 6
699f2992cd71e2e28cf45f81347ff22e76b37541ce88087742884cd0e9aadc68,81657 3 81917 3 82175 10 82435 15 82695 15 82954 17 83214 17 83474 17 83734 17 83994 16 84254 15 84513 15 84773 15 85031 17 85290 19 85549 21 85809 21 86069 22 86328 23 86588 23 86848 23 87109 22 87369 22 87629 22 87891 20 88152 18 88414 14 88674 14
699f2992cd71e2e28cf45f81347ff22e76b37541ce88087742884cd0e9aadc68,59811 8 60071 8 60330 11 60590 12 60849 14 61109 14 61370 13 61630 14 61650 5 61890 14 61910 5 62150 15 62168 8 62411 25 62671 25 62931 25 63192 24 63453 23 63714 21 63974 21 64235 15 64497 2
699f2992cd71e2e28cf45f81347ff22e76b37541ce88087742884cd0e9aadc68,41618 7 41877 9 42137 9 42396 11 42655 13 42915 14 43175 14 43435 15 43695 15 43955 16 44215 16 44475 16 44735 15 44995 15 45256 14 45516 13 45778 8 46038 8
699f2992cd71e2e28cf45f81347ff22e76b37541ce88087742884cd0e9aadc68,34095 8 34355 8 34612 11 34871 13 35131 13 35391 12 35650 13 35910 12 36170 12 36430 12 36690 11 36946 15 37206 15 37465 16 37724 17 37983 18 38243 18 38502 18 38761 18 39021 16 39281 16 39541 15 39801 14 40061 14 40322 10 40586 3
699f2992cd71e2e28cf45f81347ff22e76b37541ce88087742884cd0e9aadc68,49951 5 50211 5 50468 11 50725 15 50985 15 51244 16 51503 17 51762 18 52022 18 52282 17 52541 18 52801 17 53061 17 53321 15 53581 14 53841 11 54101 11 54362 7
699f2992cd71e2e28cf45f81347ff22e76b37541ce88087742884cd0e9aadc68,2901 8 3160 13 3420 13 3678 17 3936 21 4195 23 4455 23 4713 26 4973 26 5233 26 5493 26 5753 26 6015 6 6029 10 6289 9 6549 9 6811 5
699f2992cd71e2e28cf45f81347ff22e76b37541ce88087742884cd0e9aadc68,19557 5 19804 5 19816 9 20062 10 20076 10 20322 10 20336 10 20580 26 20838 28 21098 28 21358 28 21617 28 21878 15 21895 9 22139 12 22157 3 22399 12 22417 3 22662 7 22924 2
699f2992cd71e2e28cf45f81347ff22e76b37541ce88087742884cd0e9aadc68,58278 8 58537 12 58797 12 59057 12 59317 12 59578 11 59840 8 60100 8
699f2992cd71e2e28cf45f81347ff22e76b37541ce88087742884cd0e9aadc68,12260 11 12520 11 12779 15 13038 17 13298 17 13558 17 13818 18 14078 17 14338 17 14599 16 14860 12
699f2992cd71e2e28cf45f81347ff22e76b37541ce88087742884cd0e9aadc68,41642 5 41901 7 42161 7 42421 8 42681 8 42941 8 43201 8 43461 6
699f2992cd71e2e28cf45f81347ff22e76b37541ce88087742884cd0e9aadc68,15656 6 15914 9 16167 17 16427 17 16686 18 16945 19 17205 20 17465 20 17726 19 17990 14 18254 8 18514 8 18777 1
699f2992cd71e2e28cf45f81347ff22e76b37541ce88087742884cd0e9aadc68,49973 7 50233 7 50491 13 50750 16 51010 16 51269 18 51529 18 51789 19 52049 19 52309 19 52570 17 52832 13 53092 13
699f2992cd71e2e28cf45f81347ff22e76b37541ce88087742884cd0e9aadc68,29694 7 29953 9 30213 9 30472 12 30732 12 30992 13 31252 13 31512 13 31772 14 32032 14 32292 14 32552 15 32812 15 33073 14 33333 14 33593 13 33855 10 34117 4 34377 4
699f2992cd71e2e28cf45f81347ff22e76b37541ce88087742884cd0e9aadc68,69228 5 69484 11 69742 15 70002 15 70261 16 70520 16 70780 14 71040 14 71301 8
699f2992cd71e2e28cf45f81347ff22e76b37541ce88087742884cd0e9aadc68,60646 3 60903 7 61163 7 61423 7 61682 8 61942 8 62202 6 62463 2
699f2992cd71e2e28cf45f81347ff22e76b37541ce88087742884cd0e9aadc68,28674 8 28934 18 29194 18 29454 22 29715 21 29976 18 30236 18
699f2992cd71e2e28cf45f81347ff22e76b37541ce88087742884cd0e9aadc68,42468 6 42726 11 42985 14 43245 14 43505 14 43764 15 44024 15 44284 15 44543 13 44803 9 45063 9 45324 7 45584 5
699f2992cd71e2e28cf45f81347ff22e76b37541ce88087742884cd0e9aadc68,23244 5 23504 5 23762 8 24021 10 24281 10 24540 11 24790 6 24799 12 25048 9 25059 12 25308 9 25319 12 25567 24 25827 24 26088 9 26101 9 26348 9 26361 9 26609 7 26621 8 26881 7 27141 8 27401 8 27660 9 27920 9 28180 10 28440 10 28700 10 28961 9 29221 9 29482 8 29742 7 30003 5 30263 5
699f2992cd71e2e28cf45f81347ff22e76b37541ce88087742884cd0e9aadc68,55733 15 55993 15 56249 20 56507 22 56767 22 57027 22 57287 25 57547 19 57567 7 57809 15 57828 6 58069 15 58088 6 58331 11 58348 7 58608 8 58868 8 59128 8 59388 8 59648 8 59908 7 60168 7 60430 2
699f2992cd71e2e28cf45f81347ff22e76b37541ce88087742884cd0e9aadc68,50533 8 50791 10 51051 10 51310 11 51569 11 51828 11 52088 11 52348 8 52608 6 52869 2 53129 2
699f2992cd71e2e28cf45f81347ff22e76b37541ce88087742884cd0e9aadc68,66402 5 66660 8 66920 8 67173 16 67433 16 67692 17 67952 17 68212 16 68472 16 68733 14 68993 14 69255 11 69517 8
699f2992cd71e2e28cf45f81347ff22e76b37541ce88087742884cd0e9aadc68,96 4 354 7 614 7 874 7 1134 7 1395 6 1655 6
699f2992cd71e2e28cf45f81347ff22e76b37541ce88087742884cd0e9aadc68,13105 7 13365 7 13624 9 13883 12 13920 9 14142 16 14159 1 14161 28 14402 16 14419 1 14421 28 14661 48 14920 48 15180 20 15201 1 15203 23 15440 20 15461 1 15463 23 15700 17 15728 5 15740 1 15960 14 16221 12 16481 12 16741 12 16997 17 17256 19 17516 19 17775 20 18036 19 18297 17 18557 17 18821 12
699f2992cd71e2e28cf45f81347ff22e76b37541ce88087742884cd0e9aadc68,45339 16 45596 20 45855 21 46115 21 46375 21 46635 20
699f2992cd71e2e28cf45f81347ff22e76b37541ce88087742884cd0e9aadc68,69535 7 69792 10 70052 10 70310 13 70568 14 70826 16 71086 16 71344 17 71603 17 71863 17 72123 16 72382 15 72643 10 72903 10 73164 7 73428 2 73688 3 73948 3 74206 10 74463 14 74721 17 74981 17 75240 18 75499 18 75759 17 76019 17 76279 13 76539 11 76800 8 77060 8
699f2992cd71e2e28cf45f81347ff22e76b37541ce88087742884cd0e9aadc68,368 6 628 6 887 8 1146 10 1406 10 1666 10 1926 9 2187 7 2448 4 2708 4
699f2992cd71e2e28cf45f81347ff22e76b37541ce88087742884cd0e9aadc68,6091 8 6349 17 6609 17 6868 20 7128 21 7388 21 7648 21 7909 20 8170 19 8430 19 8694 14
699f2992cd71e2e28cf45f81347ff22e76b37541ce88087742884cd0e9aadc68,35735 1 35993 5 36253 5 36513 5 36773 4 37034 2 37294 2
699f2992cd71e2e28cf45f81347ff22e76b37541ce88087742884cd0e9aadc68,37814 1 38073 3 38333 3 38593 2
699f2992cd71e2e28cf45f81347ff22e76b37541ce88087742884cd0e9aadc68,38606 4 38861 12 39119 15 39379 15 39638 17 39898 17 40158 17 40418 17 40678 17 40939 15 41199 15 41461 13 41723 9 41988 1 42248 1
699f2992cd71e2e28cf45f81347ff22e76b37541ce88087742884cd0e9aadc68,53687 6 53945 9 54205 9 54464 10 54723 11 54982 12 55242 12 55501 13 55761 12 56021 12 56280 14 56540 14 56800 13 57060 13 57320 13 57580 13 57840 13 58100 13 58360 13 58620 12 58881 10 59141 10 59403 7
699f2992cd71e2e28cf45f81347ff22e76b37541ce88087742884cd0e9aadc68,16769 8 17027 22 17286 24 17546 24 17807 23 18068 20 18337 3 18597 3
699f2992cd71e2e28cf45f81347ff22e76b37541ce88087742884cd0e9aadc68,11051 4 11309 7 11569 7 11829 7 12089 7 12349 7 12609 7
699f2992cd71e2e28cf45f81347ff22e76b37541ce88087742884cd0e9aadc68,78652 7 78912 7 79170 11 79429 13 79689 14 79949 14 80209 14 80470 13 80731 12 80991 12 81254 8
699f2992cd71e2e28cf45f81347ff22e76b37541ce88087742884cd0e9aadc68,35507 3 35763 9 36018 14 36278 14 36537 15 36796 16 37056 15 37316 15 37575 15 37836 13 38097 7 38357 7
699f2992cd71e2e28cf45f81347ff22e76b37541ce88087742884cd0e9aadc68,3791 8 4041 19 4299 22 4559 22 4818 23 5078 22 5339 19 5599 19
699f2992cd71e2e28cf45f81347ff22e76b37541ce88087742884cd0e9aadc68,36568 2 36825 8 37084 10 37344 10 37604 11 37864 11 38124 12 38384 12 38645 11 38905 11 39165 11 39425 11 39685 11 39928 7 39944 12 40188 7 40204 12 40444 15 40464 12 40702 33 40961 33 41221 33 41480 31 41740 25 42000 24 42260 24 42521 19 42783 13 43045 5 43305 5
699f2992cd71e2e28cf45f81347ff22e76b37541ce88087742884cd0e9aadc68,63584 3 63843 5 64103 5 64361 7 64620 8 64880 8 65140 8 65400 7 65660 7 65921 5 66181 5
699f2992cd71e2e28cf45f81347ff22e76b37541ce88087742884cd0e9aadc68,67749 7 68009 7 68266 11 68523 14 68782 15 69042 15 69301 15 69561 14 69821 13 70081 13 70341 12 70602 9
699f2992cd71e2e28cf45f81347ff22e76b37541ce88087742884cd0e9aadc68,7188 6 7445 10 7705 10 7962 13 8220 15 8480 15 8739 15 8989 7 8998 16 9248 24 9508 24 9767 11 9779 10 10025 12 10041 3 10285 12 10545 12 10804 15 11064 17 11324 21 11584 21 11844 22 12105 22 12368 19 12628 19 12898 8 13161 1 13421 1
699f2992cd71e2e28cf45f81347ff22e76b37541ce88087742884cd0e9aadc68,48767 7 49025 11 49285 11 49545 12 49805 12 50066 11 50326 11 50587 10 50850 5 51110 5
699f2992cd71e2e28cf45f81347ff22e76b37541ce88087742884cd0e9aadc68,86207 2 86466 4 86726 4 86986 4 87247 2
699f2992cd71e2e28cf45f81347ff22e76b37541ce88087742884cd0e9aadc68,87518 4 87524 1 87778 4 87784 1 88037 10 88298 10 88557 10 88817 10 89076 9 89336 6 89596 5 89856 5 90116 6
699f2992cd71e2e28cf45f81347ff22e76b37541ce88087742884cd0e9aadc68,1221 4 1478 9 1738 9 1988 6 1997 11 2246 9 2256 12 2506 22 2766 22 3026 22 3287 20 3547 20 3808 17 4070 15 4336 9 4347 12 4596 9 4607 12 4857 23 5118 23 5380 15 5397 4 5640 15 5657 4 5902 10 6165 5
699f2992cd71e2e28cf45f81347ff22e76b37541ce88087742884cd0e9aadc68,23067 3 23319 13 23579 13 23838 15 24096 18 24356 18 24614 20 24873 21 25132 22 25392 22 25652 21 25912 20 26173 17 26433 17 26694 14 26956 9
699f2992cd71e2e28cf45f81347ff22e76b37541ce88087742884cd0e9aadc68,42561 2 42817 9 43074 12 43334 12 43593 14 43852 15 44112 14 44372 14 44632 13 44892 12 45152 12 45412 8
699f2992cd71e2e28cf45f81347ff22e76b37541ce88087742884cd0e9aadc68,11095 12 11354 14 11614 14 11874 14 12135 14 12396 12 12656 12 12921 6
699f2992cd71e2e28cf45f81347ff22e76b37541ce88087742884cd0e9aadc68,52705 1 52960 8 53220 8 53477 11 53736 12 53995 13 54255 13 54515 14 54775 17 55037 2 55044 8 55297 2 55304 8 55564 9 55823 10 56083 10 56343 11 56603 12 56863 14 57123 14 57384 14 57644 14 57905 13 58165 13 58426 12 58687 10
699f2992cd71e2e28cf45f81347ff22e76b37541ce88087742884cd0e9aadc68,39188 8 39448 8 39701 17 39958 20 40218 20 40477 21 40738 18 41004 3 41264 3
699f2992cd71e2e28cf45f81347ff22e76b37541ce88087742884cd0e9aadc68,46463 5 46721 8 46979 11 47239 11 47499 12 47758 13 48018 13 48278 13 48538 13 48797 13 49057 12 49317 12 49578 11 49838 11 50099 9 50359 9 50621 6
699f2992cd71e2e28cf45f81347ff22e76b37541ce88087742884cd0e9aadc68,18380 3 18640 3 18898 7 19158 8 19418 8 19678 9 19938 10 20198 9 20458 9 20718 9 20979 8 21241 4 21501 4
699f2992cd71e2e28cf45f81347ff22e76b37541ce88087742884cd0e9aadc68,31648 2 31906 6 32164 8 32424 8 32684 9 32943 10 33203 10 33463 10 33723 9 33983 9 34244 7 34504 7 34766 2
699f2992cd71e2e28cf45f81347ff22e76b37541ce88087742884cd0e9aadc68,49081 1 49341 1 49594 11 49852 13 50112 13 50372 13 50633 11
699f2992cd71e2e28cf45f81347ff22e76b37541ce88087742884cd0e9aadc68,1496 5 1756 5 2018 1
699f2992cd71e2e28cf45f81347ff22e76b37541ce88087742884cd0e9aadc68,30101 5 30361 5 30619 9 30878 11 31137 12 31397 12 31657 12 31917 13 32177 14 32437 14 32697 14 32957 14 33217 14 33477 14 33737 14 33997 14 34258 12 34518 12 34778 11 35039 9 35299 9 35561 3
699f2992cd71e2e28cf45f81347ff22e76b37541ce88087742884cd0e9aadc68,62863 8 63123 8 63378 14 63637 16 63897 16 64157 16 64418 14 64678 13 64941 6 65201 6
699f2992cd71e2e28cf45f81347ff22e76b37541ce88087742884cd0e9aadc68,87304 5 87562 11 87822 11 88080 15 88338 18 88598 20 88858 20 89117 22 89378 22 89645 14 89905 14 90166 3 90172 6
699f2992cd71e2e28cf45f81347ff22e76b37541ce88087742884cd0e9aadc68,65726 3 65980 12 66240 12 66498 15 66758 16 67018 16 67278 16 67538 15 67799 13 68059 13 68320 11 68582 6
699f2992cd71e2e28cf45f81347ff22e76b37541ce88087742884cd0e9aadc68,51941 5 52201 5 52460 7 52719 8 52980 7 53240 7 53501 5
699f2992cd71e2e28cf45f81347ff22e76b37541ce88087742884cd0e9aadc68,73797 4 74057 4 74315 7 74574 9 74833 10 75093 10 75352 12 75611 13 75869 15 76129 15 76388 15 76646 16 76904 13 77164 13 77422 14 77681 14 77941 14 78201 13 78460 13 78720 12 78980 12 79240 10 79500 9 79761 7 80021 7 80281 5
699f2992cd71e2e28cf45f81347ff22e76b37541ce88087742884cd0e9aadc68,3847 5 4105 9 4365 10 4625 10 4884 12 5144 12 5403 13 5663 13 5923 12 6183 12 6444 11 6704 11 6965 9 7226 7 7487 4 7747 4
699f2992cd71e2e28cf45f81347ff22e76b37541ce88087742884cd0e9aadc68,469 3 729 3 989 3 1250 1
699f2992cd71e2e28cf45f81347ff22e76b37541ce88087742884cd0e9aadc68,44170 7 44430 7 44673 6 44682 17 44932 28 45192 28 45452 29 45713 28 45974 26 46234 26 46492 27 46750 28 47009 17 47032 3 47269 17 47292 3 47529 16 47789 15 48050 5 48310 5
699f2992cd71e2e28cf45f81347ff22e76b37541ce88087742884cd0e9aadc68,8277 7 8537 7 8795 12 9055 14 9315 15 9575 15 9835 15 10096 15 10358 14 10618 14 10878 15 11139 14 11399 4 11404 9 11659 4 11664 9 11925 7 12186 5
699f2992cd71e2e28cf45f81347ff22e76b37541ce88087742884cd0e9aadc68,36633 7 36890 10 37147 14 37407 14 37666 15 37921 19 38179 20 38439 20 38698 19 38957 16 39216 16 39476 16 39736 16 39995 17 40255 17 40515 16 40775 15 41036 11 41296 11 41557 7
699f2992cd71e2e28cf45f81347ff22e76b37541ce88087742884cd0e9aadc68,53522 9 53781 10 54040 12 54300 12 54560 12 54819 13 55079 12 55339 12 55599 12 55858 12 56118 12 56378 12 56637 13 56897 12 57157 12 57417 12 57676 13 57936 11 58196 11 58456 11 58716 11 58976 10 59236 10 59496 10 59756 10 60017 8 60277 8 60539 4
699f2992cd71e2e28cf45f81347ff22e76b37541ce88087742884cd0e9aadc68,78224 3 78482 8 78738 13 78998 13 79257 14 79516 15 79776 14 80036 14 80296 14 80557 9 80819 4 81079 4 81342 4 81601 14 81860 16 82120 16 82379 18 82639 18 82899 18 83160 16 83421 14 83683 11 83943 11 84207 5
699f2992cd71e2e28cf45f81347ff22e76b37541ce88087742884cd0e9aadc68,28049 6 28065 7 28309 7 28319 14 28569 7 28579 14 28827 27 29086 32 29346 32 29606 33 29866 33 30127 25 30387 25 30649 22 30910 20 31170 19 31430 19 31691 17 31952 14 32215 9 32475 9
699f2992cd71e2e28cf45f81347ff22e76b37541ce88087742884cd0e9aadc68,56925 2 57185 2 57440 9 57698 12 57957 13 58217 13 58477 13 58737 12 58998 9 59258 9 59520 8 59780 9 60039 11 60299 11 60559 12 60819 13 61078 15 61338 15 61598 14 61859 12 62119 12 62379 11 62640 7 62899 5 63159 5 63411 14 63667 19 63926 21 64186 21 64446 21 64706 21 64966 21 65226 21 65487 18 65750 13 66012 8 66272 8
699f2992cd71e2e28cf45f81347ff22e76b37541ce88087742884cd0e9aadc68,13755 5 14014 8 14274 10 14534 10 14793 12 15052 13 15311 14 15571 14 15830 15 16089 16 16349 16 16609 16 16869 16 17127 16 17387 15 17647 15 17909 11 18170 8
699f2992cd71e2e28cf45f81347ff22e76b37541ce88087742884cd0e9aadc68,19221 6 19481 6 19738 10 19994 14 20253 15 20513 15 20772 15 21031 15 21291 13 21551 13 21811 12 22071 9 22333 4 22593 4
699f2992cd71e2e28cf45f81347ff22e76b37541ce88087742884cd0e9aadc68,88120 4 88375 1 88377 9 88632 15 88892 15 89151 17 89411 17 89671 17 89931 17 90192 4 90197 11
699f2992cd71e2e28cf45f81347ff22e76b37541ce88087742884cd0e9aadc68,83698 7 83958 7 84217 9 84476 10 84736 10 84996 10 85256 10 85516 9 85776 6 86036 6
699f2992cd71e2e28cf45f81347ff22e76b37541ce88087742884cd0e9aadc68,240 5 498 10 758 10 1017 12 1277 13 1537 14 1797 14 2058 13 2319 13 2580 11 2840 11 3106 4
699f2992cd71e2e28cf45f81347ff22e76b37541ce88087742884cd0e9aadc68,7276 3 7535 4 7795 4 8054 6 8314 6 8574 6 8827 13 9084 15 9342 17 9602 17 9861 18 10121 19 10381 20 10641 20 10902 18 11164 15
699f2992cd71e2e28cf45f81347ff22e76b37541ce88087742884cd0e9aadc68,33263 9 33523 9 33783 9 34043 8 34304 5 34564 5
699f2992cd71e2e28cf45f81347ff22e76b37541ce88087742884cd0e9aadc68,35093 5 35353 5 35609 11 35867 13 36127 13 36387 13 36647 13
699f2992cd71e2e28cf45f81347ff22e76b37541ce88087742884cd0e9aadc68,62397 2 62655 4 62914 6 63174 6 63433 7 63693 7 63953 6 64213 6
699f2992cd71e2e28cf45f81347ff22e76b37541ce88087742884cd0e9aadc68,50697 2 50955 6 51215 6 51474 7 51734 7 51995 5 52255 5 52516 3
699f2992cd71e2e28cf45f81347ff22e76b37541ce88087742884cd0e9aadc68,256 3 515 5 775 5 1035 5 1295 5 1556 4 1816 4 2077 3 2337 3 2597 3 2857 3 3118 1
699f2992cd71e2e28cf45f81347ff22e76b37541ce88087742884cd0e9aadc68,33275 4 33535 4 33795 4 34056 2
699f2992cd71e2e28cf45f81347ff22e76b37541ce88087742884cd0e9aadc68,89176 4 89435 6 89695 6 89955 6 90216 4
699f2992cd71e2e28cf45f81347ff22e76b37541ce88087742884cd0e9aadc68,17937 3 18197 4 18457 4 18717 4 18977 4
505bc0a3928d8aef5ce441c5a611fdd32e1e8eccdc15cc3a52b88030acb50f81,76801 8 77313 8 77825 8 78337 12 78849 12 79361 16 79873 16 80385 16 80897 16 81409 16 81921 18 82433 18 82945 18 83457 18 83969 18 84481 20 84993 20 85505 20 86017 20 86529 20 87041 20 87553 20 88065 20 88577 20 89089 20 89601 20 90113 20 90625 20 91137 18 91649 18 92161 18 92673 18 93185 18 93697 16 94209 16 94721 16 95233 16 95745 16 96257 16 96769 16 97281 18 97793 18 98305 20 98817 20 99329 20 99841 24 100353 24 100865 26 101377 26 101889 26 102401 26 102913 26 103425 28 103937 28 104449 28 104961 30 105473 30 105985 32 106497 32 107009 32 107521 32 108033 32 108545 34 109057 34 109569 34 110081 34 110593 34 111105 34 111617 34 112129 34 112641 34 113153 34 113665 34 114177 34 114689 34 115201 34 115713 34 116225 34 116737 34 117249 34 117761 32 118273 32 118785 32 119297 32 119809 32 120321 32 120833 32 121345 32 121857 32 122369 32 122881 30 123393 30 123905 30 124417 30 124929 30 125441 30 125953 30 126465 28 126977 28 127489 28 128001 28 128513 28 129025 26 129537 26 130049 26 130561 24 131073 24 131585 22 132097 22 132609 22 133121 20 133633 20 134145 18 134657 18 135169 18 135681 16 136193 16 136705 14 137217 14 137729 14 138241 12 138753 12 139265 10 139777 10 140289 10 140801 6 141313 6
505bc0a3928d8aef5ce441c5a611fdd32e1e8eccdc15cc3a52b88030acb50f81,125701 28 126213 28 126721 36 127233 36 127745 36 128253 44 128765 44 129273 50 129785 50 130297 50 130805 56 131317 56 131827 60 132339 60 132851 60 133361 64 133873 64 134381 70 134893 70 135405 70 135915 74 136427 74 136937 76 137449 76 137961 76 138473 76 138985 76 139495 80 140007 80 140519 80 141031 80 141543 80 142055 78 142567 78 143079 78 143591 78 144103 78 144615 78 145127 78 145639 78 146151 76 146663 76 147175 74 147687 74 148199 74 148713 70 149225 70 149741 60 150253 60 150765 60 151281 50 151793 50 152307 44 152819 44 153331 44 153847 36 154359 36 154887 12 155399 12 155911 12
505bc0a3928d8aef5ce441c5a611fdd32e1e8eccdc15cc3a52b88030acb50f81,166663 4 167175 4 167685 8 168197 8 168709 8 169219 12 169731 12 170245 10 170757 10 171269 10 171781 12 172293 12 172805 12 173317 12 173829 12 174343 10 174855 10 175367 6 175879 6 176391 6
505bc0a3928d8aef5ce441c5a611fdd32e1e8eccdc15cc3a52b88030acb50f81,152439 24 152951 24 153463 24 153969 36 154481 36 154991 42 155503 42 156015 42 156525 46 157037 46 157547 52 158059 52 158571 52 159081 58 159593 58 160101 64 160613 64 161125 64 161635 68 162147 68 162655 74 163167 74 163679 74 164189 76 164701 76 165211 80 165723 80 166235 80 166745 82 167257 82 167767 84 168279 84 168791 84 169301 88 169813 88 170323 92 170835 92 171347 92 171859 94 172371 94 172881 98 173393 98 173905 98 174413 104 174925 104 175433 108 175945 108 176457 108 176969 110 177481 110 177993 112 178505 112 179017 112 179529 114 180041 114 180553 114 181065 114 181577 114 182087 118 182599 118 183111 118 183623 118 184135 118 184647 118 185159 118 185669 120 186181 120 186693 120 187205 120 187717 120 188229 120 188741 120 189253 120 189765 120 190277 120 190789 120 191301 120 191813 120 192325 122 192837 122 193349 122 193861 122 194373 122 194885 122 195397 122 195909 120 196421 120 196933 120 197445 120 197957 120 198469 100 198575 12 198981 100 199087 12 199493 100 199599 12 200005 100 200113 6 200517 100 200625 6 201029 100 201541 100 202053 100 202567 102 203079 102 203591 106 204103 106 204615 106 205129 106 205641 106 206155 104 206667 104 207179 104 207693 102 208205 102 208717 102 209229 102 209741 102 210253 100 210765 100 211277 98 211789 98 212301 98 212813 96 213325 96 213837 94 214349 94 214861 94 215373 90 215885 90 216397 88 216909 88 217421 88 217935 64 218003 16 218447 64 218515 16 218961 64 219027 14 219473 64 219539 14 219985 64 220051 14 220499 62 220569 4 221011 62 221081 4 221525 60 222037 60 222549 60 223065 56 223577 56 224089 32 224123 22 224601 32 224635 22 225113 32 225147 22 225627 12 225643 10 225663 18 226139 12 226155 10 226175 18
f5effed21f671bbf4551ecebb7fe95f3be1cf09c16a60afe64d2f0b95be9d1eb,205317 4 205829 4 206341 4 206849 10 207361 10 207873 12 208385 12 208897 12 209409 14 209921 14 210433 14 210945 18 211457 18 211969 22 212481 22 212993 22 213505 26 214017 26 214529 26 215041 28 215553 28 216065 32 216577 32 217089 32 217601 34 218113 34 218625 34 219137 36 219649 36 220161 40 220673 40 221185 40 221699 38 222211 38 222723 38 223235 40 223747 40 224261 40 224773 40 225285 40 225799 38 226311 38 226823 38 227341 2 227345 28 227385 4 227853 2 227857 28 227897 4 228377 42 228889 42 229401 42 229913 44 230425 44 230937 44 231447 48 231959 48 232469 52 232981 52 233493 52 234005 52 234517 52 235029 52 235541 50 236053 50 236567 42 237079 42 237591 42 238109 2 238113 24 238621 2 238625 24 239133 2 239137 24
f5effed21f671bbf4551ecebb7fe95f3be1cf09c16a60afe64d2f0b95be9d1eb,254465 18 254977 18 255489 26 256001 26 256513 26 257025 32 257537 32 258049 32 258561 36 259073 36 259585 40 260097 40 260609 40 261121 44 261633 44 262145 44 262657 46 263169 46 263681 48 264193 48 264705 48 265217 50 265729 50 266241 50 266755 50 267267 50 267783 50 268295 50 268807 50 269325 44 269837 44 270349 44 270865 40 271377 40 271893 36 272405 36 272917 36 273433 30 273945 30 274457 30 274985 10 275497 10
f5effed21f671bbf4551ecebb7fe95f3be1cf09c16a60afe64d2f0b95be9d1eb,100871 6 101383 6 101893 6 102405 6 102917 6
f5effed21f671bbf4551ecebb7fe95f3be1cf09c16a60afe64d2f0b95be9d1eb,2567 4 3079 4 3591 4
f5effed21f671bbf4551ecebb7fe95f3be1cf09c16a60afe64d2f0b95be9d1eb,92679 2 93191 2
f5effed21f671bbf4551ecebb7fe95f3be1cf09c16a60afe64d2f0b95be9d1eb,342535 2 343047 2 343559 2
f5effed21f671bbf4551ecebb7fe95f3be1cf09c16a60afe64d2f0b95be9d1eb,187919 2 188431 2 188941 8 189453 8 189965 8 190477 12 190989 12 191501 12 192013 14 192525 14 193039 14 193055 12 193551 14 193567 12 194063 14 194079 12 194575 30 195087 30 195599 30 196115 28 196627 28 197141 30 197653 30 198165 30 198681 30 199193 30 199709 28 200221 28 200733 28 201247 30 201759 30 202271 30 202787 26 203299 26 203815 22 204327 22 204839 22 205355 20 205867 20 206379 20 206897 14 207409 14 207923 14 208435 14 208947 14 209461 16 209973 16 210485 16 210997 20 211509 20 212017 28 212529 28 213041 28 213553 32 214065 32 214577 32 215089 34 215601 34 216121 26 216633 26 217145 26 217661 22 218173 22 218685 22 219197 20 219709 20 220221 16 220733 16 221245 16 221761 6 222273 6 222785 6
f5effed21f671bbf4551ecebb7fe95f3be1cf09c16a60afe64d2f0b95be9d1eb,255543 18 256055 18 256567 18 257077 24 257589 24 258101 24 258613 28 259125 28 259637 36 260149 36 260661 36 261175 40 261687 40 262199 40 262711 44 263223 44 263739 48 264251 48 264763 48 265279 54 265791 54 266303 54 266821 54 267333 54 267849 58 268361 58 268873 58 269389 56 269901 56 270413 56 270931 50 271443 50 271961 44 272473 44 272985 44 273505 36 274017 36 274529 36 275057 18 275569 18 276087 8 276599 8 277111 8
f5effed21f671bbf4551ecebb7fe95f3be1cf09c16a60afe64d2f0b95be9d1eb,136309 24 136821 24 137327 30 137839 30 138351 30 138859 32 139371 32 139883 32 140391 34 140903 34 141411 36 141923 36 142435 36 142943 38 143455 38 143967 38 144477 36 144989 36 145501 34 146013 34 146525 34 147037 32 147549 32 148061 32 148577 26 148617 2 149089 26 149129 2 149609 2 149619 6 149635 12 150121 2 150131 6 150147 12 150633 2 150643 6 150659 12 151157 30 151669 30 152181 30 152693 30 153205 30 153717 36 154229 36 154741 36 155255 20 155281 8 155767 20 155793 8 156281 14 156793 14 157305 14
f5effed21f671bbf4551ecebb7fe95f3be1cf09c16a60afe64d2f0b95be9d1eb,160425 4 160937 4 161449 4 161957 8 162469 8 162981 8 163479 22 163991 22 164493 30 165005 30 165517 30 166023 34 166535 34 167047 34 167553 38 168065 38 168577 36 169089 36 169601 36 170113 36 170625 36 171137 36 171649 36 172161 36 172677 30 173189 30 173701 30 174237 12 174749 12 175261 12 175773 10 176285 10 176801 2 177313 2 177825 2
f5effed21f671bbf4551ecebb7fe95f3be1cf09c16a60afe64d2f0b95be9d1eb,225927 14 225965 10 226439 14 226477 10 226951 14 226989 10 227461 30 227497 14 227517 8 227973 30 228009 14 228029 8 228485 32 228519 18 228539 12 228997 32 229031 18 229051 12 229509 32 229543 18 229563 12 230023 64 230535 64 231047 64 231565 60 232077 60 232591 66 233103 66 233615 66 234129 70 234641 70 235153 70 235667 70 236179 70 236693 10 236709 54 237205 10 237221 54 237717 10 237733 54 238249 2 238273 26 238761 2 238785 26 239273 2 239297 26
f5effed21f671bbf4551ecebb7fe95f3be1cf09c16a60afe64d2f0b95be9d1eb,253065 4 253577 4 254089 4 254605 10 255117 10 255629 2 255633 16 256141 2 256145 16 256653 2 256657 16 257169 18 257681 18 258193 18 258709 26 259221 26 259737 24 260249 24 260761 24 261275 22 261787 22 262299 22 262821 6 262829 4 263333 6 263341 4
f5effed21f671bbf4551ecebb7fe95f3be1cf09c16a60afe64d2f0b95be9d1eb,186539 12 187051 12 187563 12 188061 24 188573 24 189071 32 189583 32 190095 32 190603 34 191115 34 191627 34 192139 30 192651 30 193163 28 193675 28 194187 28 194713 10 195225 10 195737 10
f5effed21f671bbf4551ecebb7fe95f3be1cf09c16a60afe64d2f0b95be9d1eb,134819 6 135331 6 135843 6 136353 8 136865 8 137377 8 137889 8 138401 8 138911 10 139423 10 139935 10 140447 8 140959 8 141469 8 141981 8 142493 8
f5effed21f671bbf4551ecebb7fe95f3be1cf09c16a60afe64d2f0b95be9d1eb,202939 12 203451 12 203957 20 204469 20 204981 20 205489 26 206001 26 206513 26 207019 34 207531 34 208039 38 208551 38 209063 38 209573 44 210085 44 210597 44 211107 50 211619 50 212131 54 212643 54 213155 54 213667 58 214179 58 214691 58 215203 62 215715 62 216229 60 216741 60 217253 60 217769 56 218281 56 218793 56 219313 48 219825 48 220355 30 220867 30 221379 30 221895 24 222407 24 222919 24
f5effed21f671bbf4551ecebb7fe95f3be1cf09c16a60afe64d2f0b95be9d1eb,249017 16 249529 16 250041 16 250539 6 250551 22 251051 6 251063 22 251563 8 251573 28 251603 2 251607 10 252075 8 252085 28 252115 2 252119 10 252587 8 252597 28 252627 2 252631 10 253103 30 253137 18 253615 30 253649 18 254127 30 254161 18 254643 20 254675 16 255155 20 255187 16 255667 20 255701 16 256179 20 256213 16 256691 20 256725 16 257205 24 257237 14 257717 24 257749 14 258229 24 258261 14 258747 22 259259 22 259779 10 260291 10 260803 10
f5effed21f671bbf4551ecebb7fe95f3be1cf09c16a60afe64d2f0b95be9d1eb,188117 2 188629 2 189127 4 189137 16 189639 4 189649 16 190151 4 190161 16 190659 10 190671 18 191171 10 191183 18 191683 10 191695 18 192191 36 192703 36 193211 16 193233 18 193723 16 193745 18 194235 16 194257 18 194777 6 195289 6 195801 6
f5effed21f671bbf4551ecebb7fe95f3be1cf09c16a60afe64d2f0b95be9d1eb,263877 14 264389 14 264901 14 265411 16 265923 16 266435 16 266949 14 267461 14
f5effed21f671bbf4551ecebb7fe95f3be1cf09c16a60afe64d2f0b95be9d1eb,284375 2 284887 2 285399 2 285905 12 286417 12 286929 14 287441 14 287953 14 288465 16 288977 16 289489 16 290005 10 290517 10 291031 8 291543 8 292055 8 292571 2 293083 2 293595 2
f5effed21f671bbf4551ecebb7fe95f3be1cf09c16a60afe64d2f0b95be9d1eb,298213 2 298725 2
da6c593410340b19bb212b9f6d274f95b08c0fc8f2570cd66bc5ed42c560acab,39429 8 39941 8 40453 8 40965 12 41477 12 41985 18 42497 18 43009 18 43521 20 44033 20 44545 20 45057 20 45569 20 46081 20 46593 20 47105 20 47617 20 48129 20 48641 20 49153 20 49665 20 50177 22 50207 4 50689 22 50719 4 51201 22 51231 4 51713 36 52225 36 52737 36 53251 34 53763 34 54277 32 54789 32 55301 32 55815 28 56327 28 56839 28 57353 26 57865 26 58379 24 58891 24 59403 24 59915 22 60427 22 60939 22 61453 20 61965 20 62479 14 62991 14 63503 14 64021 2 64533 2 65045 2
da6c593410340b19bb212b9f6d274f95b08c0fc8f2570cd66bc5ed42c560acab,73223 2 73735 2 74247 2 74757 8 75269 8 75781 8 76291 12 76803 12 77313 16 77825 16 78337 16 78849 18 79361 18 79873 18 80385 22 80897 22 81409 26 81921 26 82433 26 82945 28 83457 28 83969 28 84481 28 84993 28 85505 28 86017 28 86529 28 87041 26 87553 26 88065 26 88577 26 89089 26 89601 22 90113 22 90625 22 91137 18 91649 18 92161 18 92675 14 93187 14 93703 8 94215 8 94727 8
da6c593410340b19bb212b9f6d274f95b08c0fc8f2570cd66bc5ed42c560acab,238087 10 238599 10 239111 10 239621 16 240133 16 240643 20 241155 20 241667 20 242177 22 242689 22 243201 24 243713 24 244225 24 244737 24 245249 24 245761 24 246273 24 246785 24 247297 24 247809 24 248321 24 248833 22 249345 22 249857 22 250371 14 250883 14 251397 6 251909 6 252421 6
da6c593410340b19bb212b9f6d274f95b08c0fc8f2570cd66bc5ed42c560acab,296451 28 296963 28 297475 28 297985 32 298497 32 299009 36 299521 36 300033 36 300545 38 301057 38 301569 38 302081 38 302593 38 303105 38 303617 38 304129 38 304641 36 305153 36 305665 36 306177 36 306689 36 307203 30 307715 30 308227 30 308743 20 309255 20 309767 20 310283 10 310795 10
da6c593410340b19bb212b9f6d274f95b08c0fc8f2570cd66bc5ed42c560acab,330275 2 330787 2 331299 2 331805 10 332317 10 332829 10 333337 14 333849 14 334357 18 334869 18 335381 18 335893 18 336405 18 336917 18 337427 18 337939 18 338449 20 338961 20 339473 20 339969 8 339985 20 340481 8 340497 20 340993 8 341009 20 341505 8 341521 18 342017 8 342033 18 342529 34 343041 34 343553 34 344065 32 344577 32 345089 32 345601 32 346113 32 346629 2 346639 16 347141 2 347151 16 347653 2 347663 16
da6c593410340b19bb212b9f6d274f95b08c0fc8f2570cd66bc5ed42c560acab,255493 4 256005 4 256517 4 257027 6 257539 6 258051 6 258563 8 259075 8 259589 6 260101 6 260613 6
da6c593410340b19bb212b9f6d274f95b08c0fc8f2570cd66bc5ed42c560acab,284185 12 284697 12 285209 12 285719 16 286231 16 286743 18 287255 18 287767 18 288279 20 288791 20 289303 20 289819 16 290331 16 290845 14 291357 14 291869 14
da6c593410340b19bb212b9f6d274f95b08c0fc8f2570cd66bc5ed42c560acab,239659 20 240171 20 240677 34 241189 34 241701 34 242211 40 242723 40 243235 44 243747 44 244259 44 244771 48 245283 48 245795 48 246307 48 246819 48 247333 46 247845 46 248357 46 248871 42 249383 42 249895 42 250413 34 250925 34 251445 22 251957 22 252469 22
da6c593410340b19bb212b9f6d274f95b08c0fc8f2570cd66bc5ed42c560acab,57391 10 57903 10 58413 16 58925 16 59437 16 59947 18 60459 18 60971 18 61483 18 61995 18 62507 18 63019 18 63531 18 64045 14 64557 14 65069 14 65581 14 66093 14 66609 10 67121 10 67633 10 68147 12 68659 12 69171 32 69683 32 70195 32 70707 32 71219 32 71731 32 72245 30 72757 30 73271 8 73281 14 73783 8 73793 14 74295 8 74305 14
da6c593410340b19bb212b9f6d274f95b08c0fc8f2570cd66bc5ed42c560acab,36929 8 37441 8 37949 12 38461 12 38973 12 39481 16 39993 16 40505 16 41013 20 41525 20 42033 24 42545 24 43057 24 43569 24 44081 24 44593 24 45105 24 45617 24 46129 24 46641 24 47153 24 47669 20 48181 20 48693 20 49209 16 49721 16 50237 12 50749 12 51261 12 51777 4 52289 4 52801 4
da6c593410340b19bb212b9f6d274f95b08c0fc8f2570cd66bc5ed42c560acab,215097 2 215609 2 216117 16 216629 16 217141 16 217653 18 218165 18 218677 18 219193 14 219705 14
da6c593410340b19bb212b9f6d274f95b08c0fc8f2570cd66bc5ed42c560acab,317009 8 317521 8 318033 8 318541 12 319053 12 319561 16 320073 16 320585 16 321095 18 321607 18 322119 18 322629 20 323141 20 323651 22 324163 22 324675 22 325187 22 325699 22 326211 22 326721 22 327233 22 327745 22 328257 22 328769 22 329279 22 329791 22 330301 24 330813 24 331325 24 331837 22 332349 22 332861 22 333371 24 333883 24 334395 22 334907 22 335419 22 335929 24 336441 24 336953 24 337465 22 337977 22 338487 24 338999 24 339511 24 340023 24 340535 24 341047 24 341557 24 342069 24 342583 20 343095 20 343607 20 344119 18 344631 18 345143 18 345657 12 346169 12 346681 6 347193 6 347705 6
da6c593410340b19bb212b9f6d274f95b08c0fc8f2570cd66bc5ed42c560acab,61505 12 62017 12 62531 8 63043 8 63555 8 64069 4 64581 4 65093 4
da6c593410340b19bb212b9f6d274f95b08c0fc8f2570cd66bc5ed42c560acab,16455 34 16967 34 17479 34 17989 38 18501 38 19013 40 19525 40 20037 40 20551 40 21063 40 21575 38 22087 38 22599 38 23113 36 23625 36 24137 36 24649 34 25161 34 25677 26 26189 26 26701 26 27217 22 27729 22 28241 22 28755 20 29267 20 29781 18 30293 18 30805 18 31317 20 31829 20 32341 20 32853 20 33365 20 33877 20 34389 20 34901 20 35413 20 35925 20 36437 20 36951 18 37463 18 37975 20 38487 20 38999 20 39511 20 40023 20 40535 20 41047 20 41559 20 42071 22 42583 22 43095 22 43607 24 44119 24 44631 24 45143 26 45655 26 46167 28 46679 28 47191 28 47705 26 48217 26 48729 26 49241 28 49753 28 50267 26 50779 26 51291 26 51805 24 52317 24 52829 24 53345 18 53857 18
da6c593410340b19bb212b9f6d274f95b08c0fc8f2570cd66bc5ed42c560acab,277603 8 278115 8 278627 8 279135 12 279647 12 280151 20 280663 20 281175 20 281683 24 282195 24 282707 24 283219 22 283731 22 284243 20 284755 20 285267 20 285779 16 286291 16 286805 10 287317 10 287829 10
da6c593410340b19bb212b9f6d274f95b08c0fc8f2570cd66bc5ed42c560acab,199809 8 200321 8 200833 8 201343 16 201855 16 202367 16 202877 28 203389 28 203903 30 203935 20 204415 30 204447 20 204927 30 204959 20 205437 58 205949 58 206461 58 206973 60 207485 60 207995 62 208507 62 209019 62 209525 68 210037 68 210549 68 211059 70 211571 70 212079 74 212591 74 213103 74 213615 72 214127 72 214639 72 215151 56 215663 56 216177 44 216689 44 217201 44 217713 30 218225 30 218737 30 219251 26 219763 26 220277 22 220789 22 221301 22 221817 18 222329 18 222841 18 223347 30 223859 30 224351 52 224863 52 225375 52 225883 56 226395 56 226907 56 227415 60 227927 60 228439 50 228951 50 229463 50 229975 42 230487 42 230999 42 231513 30 232025 30 232541 14 232557 2 233053 14 233069 2 233565 14 233581 2
da6c593410340b19bb212b9f6d274f95b08c0fc8f2570cd66bc5ed42c560acab,319609 4 320121 4 320633 4 321145 4 321657 4 322169 4 322679 6 323191 6 323689 10 323701 8 324201 10 324213 8 324713 10 324725 8 325223 20 325735 20 326247 20 326759 18 327271 18 327781 18 328293 18 328805 18 329317 16 329829 16 330341 12 330853 12 331365 12 331877 10 332389 10 332901 10 333413 10 333925 10 334439 6 334951 6 335463 6 335975 6 336487 6 336999 6 337511 6 338023 6 338533 8 339045 8 339557 8 340069 10 340581 10 341093 10 341605 10 342117 10 342631 8 343143 8 343655 8 344167 8 344679 8 345191 8 345705 6 346217 6 346729 6 347241 6 347753 6
da6c593410340b19bb212b9f6d274f95b08c0fc8f2570cd66bc5ed42c560acab,28805 6 29317 6 29825 20 30337 20 30849 20 31359 26 31871 26 32383 26 32893 32 33405 32 33917 34 34429 34 34941 34 35453 34 35965 34 36477 34 36989 34 37501 34 38015 32 38527 32 39039 32 39553 30 40065 30 40577 30 41095 20 41607 20
da6c593410340b19bb212b9f6d274f95b08c0fc8f2570cd66bc5ed42c560acab,254617 4 255129 4 255637 12 256149 12 256661 12 257169 18 257681 18 258193 18 258701 24 259213 24 259717 32 260229 32 260741 32 261249 36 261761 36 262273 36 262783 38 263295 38 263807 38 264319 38 264831 38 265343 38 265855 38 266367 38 266879 38 267391 38 267905 34 268417 34 268929 34 269443 30 269955 30 270467 30 270981 26 271493 26 272009 12 272521 12 273033 12
da6c593410340b19bb212b9f6d274f95b08c0fc8f2570cd66bc5ed42c560acab,178331 20 178843 20 179355 20 179867 26 180379 26 180891 32 181403 32 181915 32 182425 38 182937 38 183449 38 183947 4 183961 40 184459 4 184473 40 184965 14 184991 38 185477 14 185503 38 185989 14 186015 38 186501 20 186527 40 187013 20 187039 40 187525 20 187551 40 188039 28 188069 2 188073 32 188551 28 188581 2 188585 32 189065 72 189577 72 190089 72 190603 42 190649 32 191115 42 191161 32 191627 42 191673 32 192141 42 192197 32 192653 42 192709 32 193171 36 193225 32 193683 36 193737 32 194195 36 194249 32 194717 28 194763 34 195229 28 195275 34 195741 28 195787 34 196263 12 196309 28 196775 12 196821 28 197339 4 197345 2 197349 10 197851 4 197857 2 197861 10 198363 4 198369 2 198373 10
da6c593410340b19bb212b9f6d274f95b08c0fc8f2570cd66bc5ed42c560acab,273623 14 274135 14 274647 14 275153 26 275665 26 276175 30 276687 30 277199 30 277707 36 278219 36 278731 36 279239 42 279751 42 280259 46 280771 46 281283 46 281791 50 282303 50 282815 50 283323 54 283835 54 284345 56 284857 56 285369 56 285879 56 286391 56 286881 10 286901 56 287393 10 287413 56 287905 10 287925 56 288415 14 288435 56 288927 14 288947 56 289439 14 289459 56 289949 74 290461 74 290969 76 291481 76 291993 76 292503 68 293015 68 293527 68 294037 64 294549 64 295061 62 295573 62 296085 62 296595 60 297107 60 297619 60 298131 56 298643 56 299155 54 299667 54 300179 54 300689 54 301201 54 301713 54 302223 52 302735 52 303245 46 303757 46 304269 46 304779 32 305291 32 305803 32 306313 34 306825 34 307337 34 307849 34 308361 34 308871 34 309383 34 309895 34 310405 36 310917 36 311429 36 311941 36 312453 36 312965 36 313477 36 313989 36 314501 34 315013 34 315525 32 316037 32 316549 32 317061 32 317573 32 318085 32 318599 28 319111 28 319623 28 320135 28 320647 28 321161 24 321673 24 322185 24 322697 22 323209 22 323723 12 324235 12 324747 12 325265 2 325777 2 326289 2
da6c593410340b19bb212b9f6d274f95b08c0fc8f2570cd66bc5ed42c560acab,12431 12 12943 12 13455 12 13963 24 14475 24 14985 32 15497 32 16009 32 16521 36 17033 36 17545 36 18057 40 18569 40 19083 42 19595 42 20107 42 20623 38 21135 38 21655 32 22167 32 22679 32 23197 26 23709 26 24221 26 24739 20 25251 20 25767 18 26279 18 26791 18 27307 14 27819 14 28331 14 28847 10 29359 10 29875 6 30387 6 30899 6
da6c593410340b19bb212b9f6d274f95b08c0fc8f2570cd66bc5ed42c560acab,72351 18 72863 18 73371 26 73883 26 74395 26 74907 30 75419 30 75931 30 76443 34 76955 34 77467 34 77979 34 78491 34 79001 36 79513 36 80025 36 80541 32 81053 32 81571 24 82083 24 82595 24
da6c593410340b19bb212b9f6d274f95b08c0fc8f2570cd66bc5ed42c560acab,247495 20 248007 20 248519 20 249017 38 249529 38 250041 38 250549 44 251061 44 251571 46 252083 46 252595 46 253105 48 253617 48 254129 48 254643 46 255155 46 255667 46 256179 46 256691 46 257205 42 257717 42 258229 42 258743 34 259255 34 259769 26 260281 26 260793 26 261309 16 261821 16 262333 16
da6c593410340b19bb212b9f6d274f95b08c0fc8f2570cd66bc5ed42c560acab,91323 20 91835 20 92347 20 92857 26 93369 26 93887 20 94399 20 94911 20 95433 8 95945 8 96457 8
da6c593410340b19bb212b9f6d274f95b08c0fc8f2570cd66bc5ed42c560acab,14035 10 14051 8 14547 10 14563 8 15039 46 15551 46 16063 46 16573 48 17085 48 17597 48 18111 46 18623 46 19137 34 19173 6 19649 34 19685 6 20161 34 20197 6 20677 26 21189 26 21703 20 22215 20 22727 20 23243 16 23755 16 24267 16 24783 8 25295 8
da6c593410340b19bb212b9f6d274f95b08c0fc8f2570cd66bc5ed42c560acab,172761 10 173273 10 173785 10 174295 14 174807 14 175319 14 175829 16 176341 16 176853 20 177365 20 177877 20 178387 34 178899 34 179411 34 179925 36 180437 36 180949 38 181461 38 181973 38 182487 18 182509 14 182999 18 183021 14 183511 18 183533 14 184029 6 184047 14 184541 6 184559 14 185073 10 185585 10 186097 10
da6c593410340b19bb212b9f6d274f95b08c0fc8f2570cd66bc5ed42c560acab,228593 12 229105 12 229617 12 230123 20 230635 20 231147 20 231657 22 232169 22 232681 24 232725 10 233193 24 233237 10 233705 24 233749 10 234217 60 234729 60 235241 60 235755 62 236267 62 236793 50 237305 50 237817 50 238329 50 238841 50 239353 50 239865 50 240377 50 240889 48 241401 48 241913 48 242423 46 242935 46 243445 40 243957 40 244469 40 244981 34 245493 34 246005 34 246519 28 247031 28 247547 18 248059 18 248571 18
da6c593410340b19bb212b9f6d274f95b08c0fc8f2570cd66bc5ed42c560acab,19191 16 19703 16 20215 16 20725 20 21237 20 21747 28 22259 28 22771 28 23281 40 23793 40 24305 40 24819 38 25331 38 25847 36 26359 36 26871 36 27397 20 27909 20 28421 20 28939 12 29451 12
da6c593410340b19bb212b9f6d274f95b08c0fc8f2570cd66bc5ed42c560acab,152819 6 153331 6 153843 8 154355 8 154867 8 155379 8 155891 8 156403 8 156915 8 157427 8 157939 6 158451 6 158963 6
da6c593410340b19bb212b9f6d274f95b08c0fc8f2570cd66bc5ed42c560acab,159497 6 160009 6 160519 10 161031 10 161543 10 162055 18 162567 18 163079 18 163589 22 164101 22 164613 24 165125 24 165637 24 166147 26 166659 26 167171 26 167683 26 168195 26 168707 28 169219 28 169731 28 170245 26 170757 26 171269 26 171785 22 172297 22 172813 18 173325 18 173837 18 174353 12 174865 12 175377 12 175893 8 176405 8
da6c593410340b19bb212b9f6d274f95b08c0fc8f2570cd66bc5ed42c560acab,6927 12 7439 12 7951 12 8459 24 8971 24 9483 24 9993 30 10505 30 11017 32 11529 32 12041 32 12553 32 13065 32 13577 32 14093 26 14605 26 15129 8 15641 8 16153 8
da6c593410340b19bb212b9f6d274f95b08c0fc8f2570cd66bc5ed42c560acab,126733 22 127245 22 127757 22 128267 26 128779 26 129291 28 129803 28 130315 28 130827 28 131339 28 131851 28 132363 28 132875 28 133387 28 133899 28 134411 28 134925 24 135437 24 135949 24 136463 20 136975 20 137489 12 138001 12 138513 12
da6c593410340b19bb212b9f6d274f95b08c0fc8f2570cd66bc5ed42c560acab,265505 14 266017 14 266529 14 267037 22 267549 22 268059 24 268571 24 269083 24 269593 26 270105 26 270617 26 271123 32 271635 32 272145 36 272657 36 273169 36 273679 40 274191 40 274703 40 275215 42 275727 42 276241 40 276753 40 277265 40 277777 40 278289 40 278801 40 279313 40 279825 40 280339 36 280851 36 281363 36 281875 34 282387 34 282899 34 283413 14 283925 14 284441 8 284953 8 285465 8
da6c593410340b19bb212b9f6d274f95b08c0fc8f2570cd66bc5ed42c560acab,147237 18 147749 18 148261 18 148767 24 149279 24 149789 28 150301 28 150813 28 151325 28 151837 28 152349 28 152861 28 153373 28 153887 26 154399 26 154911 26 155423 26 155935 26 156451 10 156963 10 157475 10
da6c593410340b19bb212b9f6d274f95b08c0fc8f2570cd66bc5ed42c560acab,162105 2 162617 2 163129 2 163639 4 164151 4 164663 6 165175 6 165687 6 166197 8 166709 8 167221 8 167731 12 168243 12 168755 14 169267 14 169779 14 170289 18 170801 18 171313 18 171825 20 172337 20 172849 20 173361 20 173873 20 174385 20 174897 20 175409 20 175921 18 176433 18 176947 16 177459 16 177971 16
da6c593410340b19bb212b9f6d274f95b08c0fc8f2570cd66bc5ed42c560acab,335 18 371 8 391 4 847 18 883 8 903 4 1359 18 1395 8 1415 4 1867 24 1893 2 1905 28 2379 24 2405 2 2417 28 2891 32 2927 34 3403 32 3439 34 3915 32 3951 34 4429 74 4941 74 5453 74 5963 84 6475 84 6987 90 7499 90 8011 90 8503 12 8521 94 9015 12 9033 94 9527 12 9545 94 10037 72 10119 28 10549 72 10631 28 11059 34 11103 28 11151 16 11571 34 11615 28 11663 16 12083 34 12127 28 12175 16 12595 30 12641 26 13107 30 13153 26 13619 30 13665 26 14133 24 14181 22 14645 24 14693 22 15161 18 15209 18 15673 18 15721 18 16185 18 16233 18 16703 4 16747 16 17215 4 17259 16 17727 4 17771 16 18285 32 18797 32 19311 34 19823 34 20335 34 20851 34 21363 34 21883 28 22395 28 22907 28 23421 26 23933 26 24445 26 24961 22 25473 22 25993 12 26505 12 27017 12 27533 6 28045 6 28557 6
da6c593410340b19bb212b9f6d274f95b08c0fc8f2570cd66bc5ed42c560acab,255819 2 255839 12 256331 2 256351 12 256843 2 256863 12 257351 8 257373 18 257863 8 257885 18 258375 8 258397 18 258885 12 258907 22 259397 12 259419 22 259905 16 259931 24 260417 16 260443 24 260929 16 260955 24 261439 18 261467 26 261951 18 261979 26 262463 18 262491 26 262973 20 263001 28 263485 20 263513 28 263995 58 264507 58 265019 58 265531 60 266043 60 266555 60 267069 58 267581 58 268095 56 268607 56 269119 56 269633 56 270145 56 270657 56 271173 52 271685 52 272199 50 272711 50 273223 50 273743 42 274255 42 274767 42 275281 14 275309 12 275793 14 275821 12 276307 8 276341 6 276819 8 276853 6 277331 8 277365 6 277879 6 278391 6 278903 6 279415 6 279927 6 280439 8 280951 8 281463 8 281973 10 282485 10 282997 10 283509 10 284021 10 284531 12 285043 12 285555 12 286065 14 286577 14 287087 16 287599 16 288111 16 288623 16 289135 16 289647 16 290159 14 290671 14 291187 6 291699 6 292211 6
da6c593410340b19bb212b9f6d274f95b08c0fc8f2570cd66bc5ed42c560acab,98115 2 98627 2 99139 2 99647 12 100159 12 100671 12 101181 18 101693 18 102209 14 102721 14 103233 14 103753 4 104265 4 104777 4
da6c593410340b19bb212b9f6d274f95b08c0fc8f2570cd66bc5ed42c560acab,103761 6 104273 6 104785 6 105297 8 105809 8 106319 10 106831 10 107343 10 107853 12 108365 12 108877 12 109387 12 109899 12 110405 18 110917 18 111429 18 111939 20 112451 20 112963 18 113475 18 113987 18 114497 20 115009 20 115521 20 116031 22 116543 22 117055 20 117567 20 118079 20 118591 20 119103 20 119615 20 120131 14 120643 14 121161 6 121673 6 122185 6
da6c593410340b19bb212b9f6d274f95b08c0fc8f2570cd66bc5ed42c560acab,140619 14 141131 14 141641 22 141671 6 142153 22 142183 6 142665 22 142695 6 143173 46 143685 46 144197 46 144709 50 145221 50 145733 50 146245 50 146757 50 147267 54 147779 54 148291 54 148803 54 149315 54 149827 54 150339 54 150851 54 151365 50 151877 50 152389 50 152901 32 152935 14 153413 32 153447 14 153925 30 153965 2 154437 30 154477 2 154949 30 154989 2 155461 28 155973 28 156485 26 156997 26 157509 26 158021 26 158533 26 159045 26 159559 24 160071 24 160585 22 161097 22 161609 22 162123 20 162635 20 163147 20 163661 18 164173 18 164689 14 165201 14 165713 14 166231 6 166743 6 167255 6
da6c593410340b19bb212b9f6d274f95b08c0fc8f2570cd66bc5ed42c560acab,216433 6 216945 6 217457 6 217967 10 218479 10 218991 10 219503 12 220015 12 220529 8 221041 8 221553 8
da6c593410340b19bb212b9f6d274f95b08c0fc8f2570cd66bc5ed42c560acab,253347 10 253859 10 254371 10 254879 16 255391 16 255901 22 256413 22 256925 22 257409 14 257435 30 257921 14 257947 30 258433 14 258459 30 258943 22 258969 38 259455 22 259481 38 259965 70 260477 70 260989 70 261501 72 262013 72 262525 72 263037 76 263549 76 264061 80 264573 80 265085 80 265597 84 266109 84 266621 84 267135 84 267647 84 268161 82 268673 82 269185 82 269699 80 270211 80 270723 80 271235 80 271747 80 272261 80 272773 80 273285 80 273799 30 273833 46 274311 30 274345 46 274823 30 274857 46 275337 26 275373 42 275849 26 275885 42 276363 24 276399 42 276875 24 276911 42 277387 24 277423 42 277901 20 277937 40 278413 20 278449 40 278925 20 278961 40 279445 6 279477 36 279957 6 279989 36 280503 36 281015 36 281527 36 282039 36 282551 36 283063 36 283577 36 284089 36 284603 36 285115 36 285627 36 286145 32 286657 32 287177 24 287689 24 288201 24 288715 22 289227 22 289739 22 290251 22 290763 22 291277 20 291789 20 292301 20 292815 18 293327 18 293839 18 294351 18 294863 18 295379 12 295891 12 296403 12
da6c593410340b19bb212b9f6d274f95b08c0fc8f2570cd66bc5ed42c560acab,226183 12 226695 12 227207 12 227717 16 228229 16 228739 20 229251 20 229763 20 230275 20 230787 20 231299 20 231813 16 232325 16 232839 12 233351 12 233863 12
da6c593410340b19bb212b9f6d274f95b08c0fc8f2570cd66bc5ed42c560acab,192389 6 192901 6 193413 8 193925 8 194437 8 194951 4 195463 4 195975 4
da6c593410340b19bb212b9f6d274f95b08c0fc8f2570cd66bc5ed42c560acab,197523 12 198035 12 198547 12 199055 20 199567 20 200077 26 200589 26 201101 26 201613 30 202125 30 202637 30 203149 32 203661 32 204175 30 204687 30 205199 30 205713 26 206225 26 206737 26 207253 20 207765 20
da6c593410340b19bb212b9f6d274f95b08c0fc8f2570cd66bc5ed42c560acab,135059 20 135571 20 136083 20 136593 24 137105 24 137617 26 138129 26 138641 26 139153 26 139665 26 140177 26 140687 28 141199 28 141711 28 142223 28 142735 28 143249 26 143761 26 144273 26 144787 24 145299 24 145813 20 146325 20 146837 20 147353 14 147865 14 148377 14
da6c593410340b19bb212b9f6d274f95b08c0fc8f2570cd66bc5ed42c560acab,163731 8 164243 8 164755 10 165267 10 165779 10 166291 12 166803 12 167315 12 167829 10 168341 10 168855 8 169367 8 169879 8 170395 4 170907 4 171419 4
da6c593410340b19bb212b9f6d274f95b08c0fc8f2570cd66bc5ed42c560acab,185257 10 185769 10 186281 10 186791 12 187303 12 187815 12 188329 10 188841 10 189355 4 189867 4 190379 4
da6c593410340b19bb212b9f6d274f95b08c0fc8f2570cd66bc5ed42c560acab,182717 14 183229 14 183741 14 184247 24 184759 24 185269 28 185781 28 186293 28 186805 54 187317 54 187829 54 188345 54 188857 54 189373 50 189885 50 190397 50 190921 40 191433 40 191945 40 192459 36 192971 36 193485 34 193997 34 194509 34 195023 28 195535 28 196047 28 196559 24 197071 24 197583 22 198095 22 198607 22 199121 20 199633 20 200145 18 200657 18 201169 18 201685 12 202197 12 202709 12
da6c593410340b19bb212b9f6d274f95b08c0fc8f2570cd66bc5ed42c560acab,211387 20 211899 20 212409 28 212921 28 213433 28 213943 32 214455 32 214967 32 215479 38 215991 38 216503 42 217015 42 217527 42 218041 42 218553 42 219065 42 219579 40 220091 40 220605 38 221117 38 221629 38 222145 32 222657 32 223169 32 223689 4 224201 4
da6c593410340b19bb212b9f6d274f95b08c0fc8f2570cd66bc5ed42c560acab,166345 26 166857 26 167369 26 167879 32 168391 32 168901 40 169413 40 169925 40 170437 44 170949 44 171461 44 171973 46 172485 46 172997 48 173509 48 174021 48 174533 50 175045 50 175557 50 176071 46 176583 46 177095 44 177607 44 178119 44 178633 38 179145 38 179657 38 180173 10 180185 18 180685 10 180697 18 181217 2 181729 2 182241 2
da6c593410340b19bb212b9f6d274f95b08c0fc8f2570cd66bc5ed42c560acab,118729 2 119241 2 119753 2
da6c593410340b19bb212b9f6d274f95b08c0fc8f2570cd66bc5ed42c560acab,267231 2 267743 2 268253 8 268765 8 269277 8 269789 12 270301 12 270813 12 271327 12 271839 12 272353 14 272865 14 273377 14 273889 18 274401 18 274913 18 275427 18 275939 18 276451 18 276963 18 277475 18 277989 18 278501 18 279013 18 279527 18 280039 18 280551 18 281063 18 281575 18 282089 16 282601 16 283113 16 283627 14 284139 14 284653 12 285165 12 285677 12 286191 10 286703 10 287217 6 287729 6 288241 6
da6c593410340b19bb212b9f6d274f95b08c0fc8f2570cd66bc5ed42c560acab,2019 4 2041 6 2531 4 2553 6 3041 10 3053 2 3057 2 3061 10 3553 10 3565 2 3569 2 3573 10 4065 10 4077 2 4081 2 4085 10 4577 30 5089 30 5601 30 6137 4 6649 4
da6c593410340b19bb212b9f6d274f95b08c0fc8f2570cd66bc5ed42c560acab,247789 6 248301 6 248813 6 249321 12 249833 12 250345 12 250857 14 251369 14 251883 14 252395 14 252907 14 253419 20 253931 20 254443 20 254957 20 255469 20 255983 18 256495 18 257007 18 257521 16 258033 16 258545 16 259057 16 259569 16 260083 14 260595 14 261107 14 261621 12 262133 12 262645 12 263159 8 263671 8
da6c593410340b19bb212b9f6d274f95b08c0fc8f2570cd66bc5ed42c560acab,199155 4 199667 4 200177 16 200689 16 201201 16 201711 18 202223 18 202735 18 203247 18 203759 18 204271 18 204783 18 205295 18 205809 16 206321 16 206833 16 207347 14 207859 14 208373 12 208885 12 209397 12 209911 10 210423 10 210935 10 211449 8 211961 8 212473 8 212985 8 213497 8 214011 6 214523 6 215035 6 215547 4 216059 4 216571 4 217083 4 217595 4 218107 4 218619 4 219131 4 219643 2 220155 2
